customerID,gender,SeniorCitizen,Partner,Dependents,tenure,PhoneService,MultipleLines,InternetService,OnlineSecurity,OnlineBackup,DeviceProtection,TechSupport,StreamingTV,StreamingMovies,Contract,PaperlessBilling,PaymentMethod,MonthlyCharges,TotalCharges,Churn
CUST-00001,Male,0,Yes,No,1,Yes,Yes,Fiber optic,No,No,No,No,Yes,No,Month-to-month,No,Mailed check,26.39,23.52,0
CUST-00002,Female,0,Yes,No,3,Yes,No,No,No internet service,No internet service,No internet service,No internet service,No internet service,No internet service,Month-to-month,Yes,Electronic check,33.7,126.84,0
CUST-00003,Female,1,Yes,No,44,Yes,No,Fiber optic,No,No,No,No,Yes,No,One year,Yes,Electronic check,110.82,4893.33,1
CUST-00004,Female,0,No,Yes,12,Yes,Yes,No,No internet service,No internet service,No internet service,No internet service,No internet service,No internet service,Month-to-month,Yes,Mailed check,29.54,336.42,0
CUST-00005,Male,1,Yes,Yes,54,Yes,No,No,No internet service,No internet service,No internet service,No internet service,No internet service,No internet service,Month-to-month,No,Credit card (automatic),100.43,5352.84,0
CUST-00006,Male,0,No,Yes,31,Yes,No,Fiber optic,Yes,No,No,No,Yes,No,Month-to-month,Yes,Mailed check,107.58,3308.87,0
CUST-00007,Male,0,Yes,Yes,21,Yes,Yes,DSL,No,No,No,Yes,No,Yes,Two year,No,Electronic check,93.0,1926.52,0
CUST-00008,Female,1,No,No,54,Yes,Yes,Fiber optic,No,No,Yes,No,No,No,Month-to-month,No,Credit card (automatic),52.42,2858.44,0
CUST-00009,Female,0,No,No,16,Yes,Yes,No,No internet service,No internet service,No internet service,No internet service,No internet service,No internet service,One year,Yes,Electronic check,49.93,795.63,0
CUST-00010,Female,0,No,Yes,69,Yes,No,DSL,No,No,No,No,Yes,No,One year,Yes,Bank transfer (automatic),78.14,5351.03,0
CUST-00011,Male,0,No,Yes,50,Yes,Yes,Fiber optic,No,No,No,No,Yes,No,Month-to-month,Yes,Electronic check,118.75,5929.27,1
CUST-00012,Female,0,No,Yes,7,Yes,Yes,DSL,No,No,Yes,No,Yes,Yes,One year,Yes,Bank transfer (automatic),114.56,785.89,0
CUST-00013,Female,0,No,No,60,Yes,No,DSL,Yes,No,No,No,Yes,No,Month-to-month,Yes,Electronic check,85.81,5102.66,0
CUST-00014,Male,0,Yes,No,9,Yes,No,Fiber optic,Yes,No,No,No,No,Yes,One year,Yes,Mailed check,31.39,355.87,0
CUST-00015,Male,0,Yes,No,18,Yes,Yes,Fiber optic,Yes,No,No,No,Yes,Yes,Two year,No,Bank transfer (automatic),76.56,1368.77,0
CUST-00016,Male,0,Yes,No,13,Yes,No,Fiber optic,Yes,Yes,No,No,Yes,No,Month-to-month,No,Credit card (automatic),66.61,826.34,0
CUST-00017,Male,0,Yes,No,66,Yes,No,No,No internet service,No internet service,No internet service,No internet service,No internet service,No internet service,Two year,Yes,Electronic check,79.74,5179.73,0
CUST-00018,Female,0,Yes,No,54,Yes,Yes,DSL,No,No,Yes,No,No,No,Two year,No,Electronic check,36.09,1953.23,0
CUST-00019,Male,0,Yes,Yes,60,Yes,No,DSL,No,No,No,Yes,Yes,No,Month-to-month,Yes,Electronic check,84.43,5091.71,0
CUST-00020,Male,1,Yes,No,55,Yes,Yes,No,No internet service,No internet service,No internet service,No internet service,No internet service,No internet service,One year,No,Credit card (automatic),40.06,2170.72,0
CUST-00021,Female,0,Yes,Yes,62,Yes,No,Fiber optic,Yes,No,No,No,No,Yes,One year,Yes,Credit card (automatic),18.25,1138.51,0
CUST-00022,Male,0,Yes,No,10,Yes,Yes,DSL,No,No,Yes,Yes,No,Yes,Month-to-month,Yes,Electronic check,77.0,715.43,1
CUST-00023,Male,1,No,Yes,46,Yes,Yes,Fiber optic,No,Yes,Yes,No,Yes,No,Month-to-month,Yes,Mailed check,118.75,5451.03,1
CUST-00024,Male,0,Yes,No,5,Yes,Yes,No,No internet service,No internet service,No internet service,No internet service,No internet service,No internet service,Month-to-month,Yes,Mailed check,49.8,303.23,0
CUST-00025,Male,1,No,Yes,33,Yes,Yes,Fiber optic,No,No,No,No,No,No,One year,No,Mailed check,62.76,2059.41,0
CUST-00026,Female,0,Yes,No,64,Yes,No,No,No internet service,No internet service,No internet service,No internet service,No internet service,No internet service,Month-to-month,Yes,Mailed check,101.28,6449.71,0
CUST-00027,Male,0,No,No,63,Yes,No,DSL,Yes,No,No,No,No,Yes,Month-to-month,Yes,Mailed check,107.82,6859.77,0
CUST-00028,Female,0,No,No,65,Yes,Yes,DSL,No,No,No,No,No,No,Two year,Yes,Electronic check,81.67,5318.44,0
CUST-00029,Female,0,No,No,30,Yes,Yes,No,No internet service,No internet service,No internet service,No internet service,No internet service,No internet service,Month-to-month,Yes,Electronic check,56.46,1668.64,0
CUST-00030,Male,0,No,No,61,Yes,No,Fiber optic,No,No,No,No,No,Yes,Month-to-month,Yes,Bank transfer (automatic),111.63,6766.15,1
CUST-00031,Female,0,Yes,No,53,Yes,Yes,DSL,No,No,No,No,No,Yes,Month-to-month,No,Credit card (automatic),46.6,2412.36,0
CUST-00032,Male,0,No,No,7,Yes,Yes,Fiber optic,No,Yes,No,No,Yes,No,Month-to-month,Yes,Credit card (automatic),57.94,426.92,1
CUST-00033,Male,0,No,Yes,41,No,No phone service,Fiber optic,Yes,No,Yes,No,Yes,No,One year,No,Bank transfer (automatic),90.4,3744.75,0
CUST-00034,Female,0,No,No,40,Yes,No,DSL,No,No,Yes,No,No,Yes,Month-to-month,Yes,Credit card (automatic),36.34,1453.61,0
CUST-00035,Female,0,No,No,58,Yes,No,Fiber optic,Yes,Yes,No,No,Yes,No,Month-to-month,Yes,Electronic check,87.76,5080.16,0
CUST-00036,Female,0,Yes,No,39,Yes,No,DSL,Yes,No,No,No,Yes,No,Month-to-month,Yes,Electronic check,103.88,4080.73,1
CUST-00037,Male,0,No,No,21,Yes,Yes,DSL,No,No,No,No,No,No,Month-to-month,Yes,Electronic check,114.83,2340.53,1
CUST-00038,Male,1,Yes,No,23,Yes,No,Fiber optic,No,No,Yes,No,No,No,Month-to-month,Yes,Electronic check,63.44,1462.91,1
CUST-00039,Female,0,No,No,37,No,No phone service,DSL,No,Yes,No,No,Yes,Yes,Month-to-month,Yes,Bank transfer (automatic),64.14,2374.04,0
CUST-00040,Male,1,Yes,No,1,Yes,Yes,DSL,No,No,Yes,No,No,No,One year,Yes,Electronic check,88.01,108.74,1
CUST-00041,Male,0,No,No,40,Yes,No,No,No internet service,No internet service,No internet service,No internet service,No internet service,No internet service,Month-to-month,No,Mailed check,60.11,2428.35,0
CUST-00042,Female,0,Yes,Yes,18,Yes,No,Fiber optic,Yes,No,No,No,No,Yes,Month-to-month,No,Bank transfer (automatic),64.78,1145.64,0
CUST-00043,Male,0,Yes,Yes,1,Yes,Yes,Fiber optic,Yes,Yes,No,No,Yes,No,Two year,Yes,Credit card (automatic),78.19,170.91,0
CUST-00044,Female,0,No,No,61,No,No phone service,DSL,No,Yes,Yes,No,Yes,Yes,Month-to-month,Yes,Bank transfer (automatic),87.78,5300.35,0
CUST-00045,Male,0,No,No,15,Yes,No,DSL,No,No,No,No,No,No,Month-to-month,Yes,Mailed check,24.41,342.32,0
CUST-00046,Female,0,No,No,21,Yes,No,Fiber optic,No,No,No,No,No,Yes,One year,No,Bank transfer (automatic),43.76,961.86,0
CUST-00047,Male,0,Yes,Yes,13,Yes,No,DSL,No,No,Yes,Yes,Yes,No,Month-to-month,Yes,Mailed check,25.98,305.99,0
CUST-00048,Female,0,Yes,No,55,No,No phone service,Fiber optic,No,Yes,No,No,No,Yes,Month-to-month,No,Mailed check,35.94,1982.27,0
CUST-00049,Female,0,No,No,64,Yes,No,Fiber optic,No,No,No,No,No,No,One year,Yes,Electronic check,50.92,3232.26,0
CUST-00050,Male,0,No,No,44,Yes,No,Fiber optic,Yes,Yes,No,No,Yes,Yes,Month-to-month,No,Electronic check,70.55,3084.64,0
CUST-00051,Female,0,No,No,53,Yes,No,DSL,No,Yes,No,No,Yes,No,Month-to-month,No,Electronic check,74.22,3868.94,0
CUST-00052,Female,0,Yes,No,65,Yes,Yes,DSL,No,Yes,No,No,No,Yes,Month-to-month,Yes,Electronic check,25.23,1677.99,0
CUST-00053,Female,0,No,Yes,45,Yes,Yes,No,No internet service,No internet service,No internet service,No internet service,No internet service,No internet service,Month-to-month,No,Electronic check,52.92,2420.55,0
CUST-00054,Female,0,Yes,No,32,Yes,Yes,No,No internet service,No internet service,No internet service,No internet service,No internet service,No internet service,Two year,No,Electronic check,36.49,1206.66,0
CUST-00055,Female,0,No,No,49,Yes,Yes,Fiber optic,Yes,Yes,No,No,No,No,Month-to-month,Yes,Credit card (automatic),71.8,3496.74,0
CUST-00056,Female,0,Yes,No,21,No,No phone service,Fiber optic,No,No,No,Yes,Yes,No,Month-to-month,Yes,Electronic check,56.51,1203.32,0
CUST-00057,Male,0,Yes,Yes,39,Yes,No,Fiber optic,Yes,No,No,No,Yes,No,Month-to-month,No,Mailed check,106.88,4268.08,0
CUST-00058,Male,0,No,No,38,Yes,Yes,DSL,No,Yes,No,No,No,No,One year,No,Mailed check,71.79,2742.53,0
CUST-00059,Male,0,No,Yes,40,Yes,No,DSL,Yes,No,No,No,Yes,No,Month-to-month,No,Mailed check,60.38,2357.39,0
CUST-00060,Male,0,Yes,No,67,Yes,Yes,DSL,No,No,No,No,No,No,One year,No,Electronic check,72.75,4831.55,0
CUST-00061,Male,1,Yes,Yes,6,Yes,No,Fiber optic,No,No,No,Yes,Yes,Yes,Two year,No,Bank transfer (automatic),54.74,283.38,0
CUST-00062,Male,1,Yes,Yes,70,Yes,No,Fiber optic,No,No,No,No,No,No,Month-to-month,Yes,Bank transfer (automatic),113.26,7994.24,1
CUST-00063,Female,0,No,Yes,3,No,No phone service,No,No internet service,No internet service,No internet service,No internet service,No internet service,No internet service,Month-to-month,Yes,Credit card (automatic),62.04,205.84,0
CUST-00064,Male,0,Yes,Yes,58,Yes,Yes,No,No internet service,No internet service,No internet service,No internet service,No internet service,No internet service,Two year,Yes,Electronic check,89.46,5109.98,0
CUST-00065,Male,0,Yes,Yes,25,Yes,No,No,No internet service,No internet service,No internet service,No internet service,No internet service,No internet service,Two year,Yes,Mailed check,93.21,2395.4,0
CUST-00066,Female,0,No,No,30,Yes,No,No,No internet service,No internet service,No internet service,No internet service,No internet service,No internet service,Month-to-month,No,Bank transfer (automatic),57.64,1757.53,0
CUST-00067,Male,0,No,Yes,72,Yes,No,No,No internet service,No internet service,No internet service,No internet service,No internet service,No internet service,Two year,No,Electronic check,34.91,2522.24,0
CUST-00068,Female,0,No,No,68,Yes,No,DSL,Yes,No,No,No,Yes,No,One year,No,Bank transfer (automatic),67.43,4661.1,0
CUST-00069,Male,1,Yes,Yes,51,Yes,No,DSL,Yes,No,No,Yes,Yes,No,Month-to-month,Yes,Electronic check,93.02,4732.57,0
CUST-00070,Female,0,No,No,71,Yes,Yes,Fiber optic,Yes,No,Yes,No,Yes,No,Two year,No,Electronic check,37.47,2728.47,0
CUST-00071,Female,0,No,No,20,Yes,No,Fiber optic,No,Yes,No,No,No,No,One year,Yes,Credit card (automatic),79.1,1471.52,0
CUST-00072,Male,0,No,Yes,15,Yes,No,Fiber optic,No,Yes,No,Yes,Yes,No,Two year,No,Electronic check,93.08,1359.55,0
CUST-00073,Male,0,No,No,50,Yes,No,No,No internet service,No internet service,No internet service,No internet service,No internet service,No internet service,Month-to-month,Yes,Mailed check,111.73,5626.09,1
CUST-00074,Female,0,Yes,Yes,15,Yes,No,No,No internet service,No internet service,No internet service,No internet service,No internet service,No internet service,One year,Yes,Mailed check,89.03,1419.36,0
CUST-00075,Female,1,No,No,17,Yes,No,Fiber optic,No,Yes,No,No,No,No,Month-to-month,Yes,Electronic check,79.68,1293.67,1
CUST-00076,Female,0,Yes,No,46,No,No phone service,Fiber optic,No,No,No,No,No,Yes,One year,Yes,Credit card (automatic),81.04,3706.94,0
CUST-00077,Female,0,Yes,Yes,55,Yes,No,No,No internet service,No internet service,No internet service,No internet service,No internet service,No internet service,Month-to-month,No,Electronic check,47.44,2617.51,0
CUST-00078,Male,0,Yes,No,27,No,No phone service,DSL,No,Yes,No,Yes,No,Yes,Month-to-month,No,Electronic check,50.09,1305.46,0
CUST-00079,Male,0,Yes,Yes,55,Yes,No,DSL,No,No,No,Yes,Yes,No,One year,No,Mailed check,34.33,1874.99,0
CUST-00080,Male,0,No,No,36,Yes,No,No,No internet service,No internet service,No internet service,No internet service,No internet service,No internet service,Month-to-month,Yes,Mailed check,76.8,2843.92,0
CUST-00081,Female,0,No,No,15,Yes,No,Fiber optic,No,No,No,No,Yes,No,Two year,Yes,Electronic check,83.1,1194.93,1
CUST-00082,Female,0,No,No,64,No,No phone service,Fiber optic,No,No,Yes,No,Yes,No,Month-to-month,Yes,Bank transfer (automatic),81.83,5225.1,0
CUST-00083,Male,0,No,No,59,No,No phone service,No,No internet service,No internet service,No internet service,No internet service,No internet service,No internet service,One year,No,Mailed check,85.29,5045.76,0
CUST-00084,Male,0,Yes,Yes,60,Yes,No,Fiber optic,Yes,No,No,No,No,No,Month-to-month,Yes,Electronic check,97.32,5862.47,1
CUST-00085,Male,0,Yes,Yes,10,Yes,No,Fiber optic,No,No,No,Yes,No,No,One year,Yes,Bank transfer (automatic),38.21,338.86,0
CUST-00086,Male,0,No,Yes,65,Yes,No,Fiber optic,No,No,Yes,Yes,Yes,Yes,One year,Yes,Mailed check,80.6,5230.09,0
CUST-00087,Female,0,No,No,31,Yes,No,DSL,Yes,No,No,Yes,Yes,Yes,Two year,Yes,Credit card (automatic),80.47,2480.08,0
CUST-00088,Female,0,Yes,Yes,18,No,No phone service,DSL,Yes,No,No,No,Yes,No,Two year,No,Credit card (automatic),60.78,1109.22,0
CUST-00089,Female,0,No,No,55,Yes,No,No,No internet service,No internet service,No internet service,No internet service,No internet service,No internet service,Month-to-month,Yes,Credit card (automatic),24.5,1288.69,0
CUST-00090,Male,0,Yes,No,4,Yes,Yes,DSL,No,Yes,No,No,No,No,One year,Yes,Electronic check,44.95,243.37,0
CUST-00091,Male,0,Yes,Yes,2,Yes,Yes,DSL,No,No,Yes,No,No,Yes,One year,Yes,Mailed check,57.57,128.04,0
CUST-00092,Female,0,Yes,No,27,Yes,No,Fiber optic,Yes,No,No,No,No,No,One year,Yes,Mailed check,77.49,2145.59,0
CUST-00093,Female,0,Yes,No,71,Yes,Yes,DSL,No,No,Yes,Yes,No,No,Two year,Yes,Electronic check,80.7,5701.14,0
CUST-00094,Female,0,No,No,28,Yes,No,No,No internet service,No internet service,No internet service,No internet service,No internet service,No internet service,Two year,Yes,Credit card (automatic),118.75,3263.99,0
CUST-00095,Female,0,No,No,58,Yes,No,DSL,No,No,Yes,Yes,No,Yes,One year,Yes,Electronic check,101.65,5847.97,0
CUST-00096,Female,0,Yes,No,24,Yes,Yes,Fiber optic,No,No,No,No,No,Yes,One year,No,Mailed check,72.76,1781.27,0
CUST-00097,Female,1,No,No,21,Yes,No,DSL,No,Yes,Yes,Yes,No,No,Two year,Yes,Electronic check,75.95,1572.91,0
CUST-00098,Male,0,No,No,70,Yes,No,No,No internet service,No internet service,No internet service,No internet service,No internet service,No internet service,Two year,Yes,Bank transfer (automatic),111.49,7723.31,0
CUST-00099,Male,0,Yes,No,22,Yes,Yes,Fiber optic,Yes,No,Yes,No,No,Yes,Month-to-month,Yes,Bank transfer (automatic),105.78,2336.18,0
CUST-00100,Male,0,Yes,Yes,69,Yes,Yes,Fiber optic,Yes,Yes,No,No,No,Yes,One year,Yes,Credit card (automatic),87.94,6051.82,0
CUST-00101,Male,0,No,No,39,Yes,No,No,No internet service,No internet service,No internet service,No internet service,No internet service,No internet service,Two year,Yes,Mailed check,118.75,4616.48,0
CUST-00102,Female,0,No,Yes,13,Yes,Yes,DSL,No,No,Yes,No,Yes,Yes,Month-to-month,Yes,Bank transfer (automatic),49.36,556.17,0
CUST-00103,Male,0,No,Yes,28,Yes,Yes,Fiber optic,No,Yes,Yes,No,No,Yes,Month-to-month,Yes,Mailed check,73.17,1973.31,1
CUST-00104,Female,0,Yes,No,15,Yes,Yes,No,No internet service,No internet service,No internet service,No internet service,No internet service,No internet service,Month-to-month,No,Credit card (automatic),118.75,1753.85,1
CUST-00105,Female,0,No,No,9,Yes,Yes,Fiber optic,No,No,Yes,No,No,No,Month-to-month,Yes,Electronic check,89.01,754.71,1
CUST-00106,Male,0,Yes,No,46,Yes,No,Fiber optic,Yes,Yes,Yes,No,No,No,Two year,Yes,Mailed check,72.86,3323.09,0
CUST-00107,Male,0,Yes,Yes,3,No,No phone service,DSL,Yes,Yes,No,No,No,No,Month-to-month,No,Electronic check,73.02,260.69,0
CUST-00108,Female,0,Yes,No,11,Yes,No,DSL,No,No,No,Yes,Yes,No,One year,No,Bank transfer (automatic),76.02,783.01,0
CUST-00109,Male,0,Yes,No,41,Yes,Yes,DSL,No,No,No,No,Yes,No,Two year,Yes,Electronic check,117.44,4769.75,0
CUST-00110,Male,1,Yes,Yes,3,Yes,No,No,No internet service,No internet service,No internet service,No internet service,No internet service,No internet service,Two year,No,Electronic check,90.52,245.2,1
CUST-00111,Male,1,Yes,No,5,Yes,Yes,No,No internet service,No internet service,No internet service,No internet service,No internet service,No internet service,Month-to-month,Yes,Credit card (automatic),68.73,295.48,1
CUST-00112,Male,1,Yes,No,13,Yes,No,DSL,No,No,No,No,No,No,Month-to-month,Yes,Mailed check,29.9,377.93,0
CUST-00113,Female,0,No,No,34,Yes,No,DSL,No,Yes,No,Yes,No,No,Month-to-month,Yes,Credit card (automatic),56.55,1974.08,0
CUST-00114,Female,0,Yes,Yes,46,Yes,No,DSL,No,No,Yes,No,Yes,Yes,Month-to-month,No,Mailed check,77.89,3568.57,0
CUST-00115,Female,0,Yes,Yes,57,Yes,No,DSL,No,No,No,No,Yes,Yes,Month-to-month,No,Bank transfer (automatic),74.68,4269.67,0
CUST-00116,Female,0,Yes,No,64,Yes,No,Fiber optic,No,Yes,Yes,No,No,No,Month-to-month,Yes,Bank transfer (automatic),106.29,6686.5,0
CUST-00117,Female,0,Yes,No,18,Yes,No,Fiber optic,No,Yes,Yes,No,Yes,No,Month-to-month,Yes,Electronic check,66.72,1205.04,1
CUST-00118,Male,0,No,No,56,Yes,Yes,No,No internet service,No internet service,No internet service,No internet service,No internet service,No internet service,Month-to-month,No,Electronic check,98.74,5603.23,0
CUST-00119,Female,0,Yes,Yes,64,Yes,No,Fiber optic,No,No,Yes,No,No,No,Month-to-month,Yes,Bank transfer (automatic),42.09,2698.67,0
CUST-00120,Female,0,No,No,12,Yes,Yes,Fiber optic,Yes,No,No,Yes,No,Yes,Two year,Yes,Mailed check,58.55,709.01,0
CUST-00121,Female,0,Yes,No,7,Yes,No,Fiber optic,No,No,No,No,No,No,One year,Yes,Credit card (automatic),88.34,632.66,0
CUST-00122,Female,1,Yes,Yes,17,Yes,No,Fiber optic,No,No,No,No,Yes,Yes,One year,Yes,Electronic check,118.75,2097.15,1
CUST-00123,Male,0,No,No,34,Yes,No,Fiber optic,Yes,Yes,No,No,No,No,Two year,Yes,Mailed check,71.17,2487.47,0
CUST-00124,Male,0,No,No,25,Yes,Yes,DSL,No,No,Yes,No,Yes,No,Month-to-month,No,Electronic check,94.19,2303.65,1
CUST-00125,Male,1,Yes,Yes,37,Yes,Yes,DSL,No,Yes,No,Yes,Yes,Yes,One year,Yes,Bank transfer (automatic),108.54,4076.11,0
CUST-00126,Male,0,No,Yes,65,No,No phone service,Fiber optic,Yes,No,No,No,No,No,Month-to-month,No,Bank transfer (automatic),102.86,6754.7,0
CUST-00127,Female,0,Yes,No,25,No,No phone service,No,No internet service,No internet service,No internet service,No internet service,No internet service,No internet service,Month-to-month,Yes,Electronic check,92.18,2218.99,1
CUST-00128,Female,0,No,No,56,Yes,Yes,Fiber optic,Yes,No,Yes,Yes,Yes,Yes,Month-to-month,No,Mailed check,68.93,3861.39,0
CUST-00129,Male,0,No,No,24,Yes,Yes,No,No internet service,No internet service,No internet service,No internet service,No internet service,No internet service,Month-to-month,No,Mailed check,111.32,2697.96,1
CUST-00130,Female,1,No,No,29,Yes,No,DSL,No,Yes,No,No,No,Yes,Month-to-month,Yes,Bank transfer (automatic),41.08,1051.3,0
CUST-00131,Male,0,No,Yes,6,Yes,No,No,No internet service,No internet service,No internet service,No internet service,No internet service,No internet service,Two year,No,Bank transfer (automatic),39.16,200.94,0
CUST-00132,Male,0,Yes,No,26,Yes,No,No,No internet service,No internet service,No internet service,No internet service,No internet service,No internet service,One year,No,Electronic check,118.75,3051.71,1
CUST-00133,Male,0,No,No,10,Yes,No,Fiber optic,No,Yes,No,No,Yes,No,Month-to-month,No,Credit card (automatic),80.43,772.04,1
CUST-00134,Male,0,Yes,Yes,7,Yes,No,No,No internet service,No internet service,No internet service,No internet service,No internet service,No internet service,One year,Yes,Credit card (automatic),40.02,332.37,0
CUST-00135,Female,1,Yes,No,10,Yes,No,Fiber optic,No,No,Yes,Yes,No,No,Two year,Yes,Mailed check,35.55,352.67,0
CUST-00136,Male,0,Yes,Yes,29,Yes,No,DSL,No,No,Yes,Yes,Yes,No,Month-to-month,Yes,Bank transfer (automatic),37.13,1097.83,0
CUST-00137,Female,0,Yes,Yes,14,Yes,Yes,DSL,Yes,No,No,No,Yes,Yes,One year,Yes,Electronic check,118.75,1666.97,1
CUST-00138,Female,0,No,Yes,55,Yes,No,Fiber optic,No,No,No,No,No,Yes,Two year,No,Electronic check,75.61,4281.96,0
CUST-00139,Male,0,No,Yes,34,Yes,No,No,No internet service,No internet service,No internet service,No internet service,No internet service,No internet service,One year,Yes,Bank transfer (automatic),61.79,2150.68,0
CUST-00140,Female,1,No,No,38,Yes,Yes,DSL,Yes,No,Yes,No,Yes,No,One year,No,Electronic check,116.0,4407.12,0
CUST-00141,Female,0,Yes,No,23,Yes,No,Fiber optic,Yes,Yes,Yes,Yes,No,No,Two year,No,Electronic check,79.48,1814.84,0
CUST-00142,Male,0,Yes,No,7,Yes,Yes,Fiber optic,Yes,No,No,Yes,Yes,Yes,One year,Yes,Bank transfer (automatic),62.79,404.7,0
CUST-00143,Female,0,No,No,42,Yes,Yes,DSL,No,Yes,No,No,No,Yes,Two year,No,Electronic check,102.36,4250.46,0
CUST-00144,Male,0,Yes,No,41,Yes,No,DSL,No,Yes,No,No,No,No,Month-to-month,No,Electronic check,90.64,3656.39,0
CUST-00145,Male,0,No,No,40,Yes,Yes,Fiber optic,No,No,No,No,No,No,Two year,Yes,Electronic check,90.57,3671.9,0
CUST-00146,Male,1,No,No,46,Yes,Yes,DSL,No,Yes,No,Yes,Yes,Yes,One year,Yes,Mailed check,69.63,3158.23,0
CUST-00147,Female,0,No,No,25,Yes,Yes,DSL,No,No,No,Yes,Yes,No,Month-to-month,Yes,Bank transfer (automatic),51.09,1309.35,0
CUST-00148,Female,1,Yes,No,51,Yes,No,DSL,No,No,No,No,No,No,Two year,Yes,Electronic check,51.82,2617.64,0
CUST-00149,Male,0,No,No,21,Yes,Yes,DSL,No,Yes,No,No,Yes,Yes,Two year,Yes,Mailed check,75.49,1547.74,0
CUST-00150,Male,0,Yes,Yes,4,Yes,No,Fiber optic,Yes,No,Yes,No,No,Yes,Month-to-month,No,Electronic check,70.74,266.45,1
CUST-00151,Female,0,No,No,14,No,No phone service,Fiber optic,No,No,No,Yes,No,No,Two year,Yes,Electronic check,84.01,1265.74,0
CUST-00152,Male,0,Yes,No,35,Yes,No,Fiber optic,No,No,No,No,Yes,No,Month-to-month,No,Electronic check,64.24,2400.28,0
CUST-00153,Male,1,Yes,No,62,Yes,No,Fiber optic,No,No,No,No,No,No,Month-to-month,Yes,Electronic check,110.62,6840.12,1
CUST-00154,Female,0,Yes,Yes,48,Yes,Yes,No,No internet service,No internet service,No internet service,No internet service,No internet service,No internet service,Month-to-month,Yes,Electronic check,43.53,2066.53,0
CUST-00155,Female,0,No,No,54,Yes,Yes,No,No internet service,No internet service,No internet service,No internet service,No internet service,No internet service,Two year,Yes,Bank transfer (automatic),87.95,4797.05,0
CUST-00156,Male,0,Yes,No,71,Yes,Yes,No,No internet service,No internet service,No internet service,No internet service,No internet service,No internet service,One year,No,Credit card (automatic),57.12,4063.15,0
CUST-00157,Female,0,Yes,Yes,59,Yes,No,Fiber optic,No,No,No,No,Yes,No,Month-to-month,Yes,Bank transfer (automatic),72.12,4222.41,0
CUST-00158,Female,0,Yes,No,56,Yes,Yes,No,No internet service,No internet service,No internet service,No internet service,No internet service,No internet service,One year,No,Electronic check,54.76,3091.1,0
CUST-00159,Male,0,No,Yes,28,Yes,Yes,Fiber optic,No,No,No,Yes,Yes,Yes,Month-to-month,Yes,Bank transfer (automatic),64.7,1849.98,0
CUST-00160,Female,0,No,No,18,Yes,Yes,DSL,No,No,No,No,No,No,One year,Yes,Bank transfer (automatic),45.74,811.32,0
CUST-00161,Male,0,No,No,72,Yes,Yes,DSL,No,Yes,No,Yes,Yes,Yes,Month-to-month,No,Electronic check,54.98,3947.96,0
CUST-00162,Female,0,No,No,9,Yes,Yes,Fiber optic,Yes,Yes,Yes,No,Yes,No,Month-to-month,No,Electronic check,95.34,943.81,1
CUST-00163,Female,0,Yes,No,9,Yes,No,DSL,No,No,Yes,No,No,Yes,Two year,No,Mailed check,36.51,287.55,0
CUST-00164,Female,0,Yes,No,56,Yes,No,DSL,No,No,No,No,Yes,No,One year,No,Electronic check,94.03,5238.68,0
CUST-00165,Male,0,No,Yes,53,Yes,Yes,Fiber optic,No,Yes,No,Yes,No,Yes,One year,Yes,Mailed check,98.66,5205.85,0
CUST-00166,Female,1,Yes,Yes,55,Yes,No,Fiber optic,No,No,Yes,No,Yes,No,One year,Yes,Electronic check,95.9,5359.45,1
CUST-00167,Male,0,Yes,Yes,67,Yes,No,No,No internet service,No internet service,No internet service,No internet service,No internet service,No internet service,Month-to-month,Yes,Mailed check,78.64,5170.05,0
CUST-00168,Male,0,Yes,Yes,68,No,No phone service,Fiber optic,No,No,Yes,No,No,No,One year,Yes,Bank transfer (automatic),52.14,3586.64,0
CUST-00169,Male,0,Yes,No,54,Yes,No,Fiber optic,No,No,Yes,No,No,Yes,Month-to-month,Yes,Mailed check,38.87,2097.51,0
CUST-00170,Female,0,Yes,No,68,Yes,No,DSL,No,No,No,No,Yes,No,Month-to-month,Yes,Electronic check,49.94,3486.59,0
CUST-00171,Female,0,Yes,Yes,71,Yes,No,Fiber optic,No,Yes,No,Yes,No,Yes,One year,Yes,Bank transfer (automatic),50.52,3604.7,0
CUST-00172,Male,0,Yes,Yes,0,Yes,No,Fiber optic,Yes,Yes,Yes,No,No,No,One year,No,Mailed check,76.88,0.0,0
CUST-00173,Female,0,Yes,No,11,Yes,Yes,No,No internet service,No internet service,No internet service,No internet service,No internet service,No internet service,Two year,Yes,Mailed check,36.14,478.11,0
CUST-00174,Male,0,Yes,No,34,Yes,Yes,Fiber optic,No,Yes,No,Yes,Yes,No,One year,Yes,Electronic check,69.55,2352.9,0
CUST-00175,Female,0,Yes,No,32,Yes,Yes,Fiber optic,Yes,No,No,No,Yes,No,Two year,Yes,Electronic check,75.45,2312.37,0
CUST-00176,Male,0,Yes,No,24,Yes,No,Fiber optic,No,Yes,No,No,No,Yes,One year,No,Bank transfer (automatic),65.76,1557.97,0
CUST-00177,Female,1,No,No,15,Yes,Yes,No,No internet service,No internet service,No internet service,No internet service,No internet service,No internet service,Month-to-month,Yes,Electronic check,65.32,981.61,1
CUST-00178,Male,0,Yes,Yes,7,Yes,No,No,No internet service,No internet service,No internet service,No internet service,No internet service,No internet service,Month-to-month,Yes,Bank transfer (automatic),102.88,667.7,1
CUST-00179,Female,0,No,No,34,Yes,Yes,DSL,No,No,No,No,No,No,One year,Yes,Mailed check,87.22,2888.91,0
CUST-00180,Male,1,No,Yes,45,Yes,No,Fiber optic,Yes,No,No,Yes,No,No,One year,Yes,Credit card (automatic),93.83,4237.18,0
CUST-00181,Male,0,No,Yes,10,Yes,Yes,Fiber optic,Yes,No,No,No,Yes,Yes,Month-to-month,Yes,Credit card (automatic),62.1,558.81,0
CUST-00182,Male,0,Yes,Yes,60,No,No phone service,No,No internet service,No internet service,No internet service,No internet service,No internet service,No internet service,Month-to-month,Yes,Mailed check,97.95,5825.7,0
CUST-00183,Female,0,Yes,No,43,Yes,No,Fiber optic,No,No,Yes,No,Yes,No,Month-to-month,Yes,Electronic check,83.56,3660.95,1
CUST-00184,Female,1,Yes,No,10,Yes,Yes,DSL,Yes,Yes,No,Yes,No,No,Month-to-month,Yes,Mailed check,76.64,749.87,0
CUST-00185,Male,0,No,Yes,10,Yes,Yes,Fiber optic,No,Yes,No,No,Yes,No,Month-to-month,Yes,Electronic check,61.6,555.14,1
CUST-00186,Female,1,Yes,No,21,Yes,No,Fiber optic,Yes,No,Yes,No,Yes,No,Month-to-month,Yes,Mailed check,78.84,1610.86,1
CUST-00187,Female,0,No,No,61,No,No phone service,Fiber optic,Yes,No,No,No,No,No,Two year,Yes,Mailed check,118.75,7263.06,0
CUST-00188,Female,0,No,No,47,Yes,No,DSL,Yes,No,No,No,No,No,Two year,Yes,Mailed check,91.62,4327.24,0
CUST-00189,Female,1,Yes,Yes,62,Yes,No,DSL,Yes,No,Yes,Yes,Yes,Yes,Two year,Yes,Mailed check,118.75,7395.79,0
CUST-00190,Male,0,Yes,No,50,No,No phone service,Fiber optic,No,No,Yes,No,Yes,No,One year,No,Bank transfer (automatic),29.77,1528.71,0
CUST-00191,Male,0,No,No,44,Yes,No,No,No internet service,No internet service,No internet service,No internet service,No internet service,No internet service,One year,No,Electronic check,77.92,3445.16,0
CUST-00192,Female,0,Yes,Yes,32,Yes,No,No,No internet service,No internet service,No internet service,No internet service,No internet service,No internet service,Two year,Yes,Electronic check,94.97,3069.44,0
CUST-00193,Female,0,Yes,Yes,59,Yes,No,Fiber optic,No,Yes,No,No,Yes,No,Month-to-month,Yes,Electronic check,87.86,5159.96,1
CUST-00194,Female,1,No,Yes,1,Yes,No,No,No internet service,No internet service,No internet service,No internet service,No internet service,No internet service,Month-to-month,No,Bank transfer (automatic),83.01,27.12,1
CUST-00195,Male,0,Yes,Yes,12,Yes,Yes,DSL,No,No,No,Yes,Yes,Yes,Month-to-month,No,Credit card (automatic),61.95,811.3,0
CUST-00196,Male,0,No,No,65,Yes,Yes,Fiber optic,No,No,No,No,No,No,One year,Yes,Bank transfer (automatic),109.31,7149.16,0
CUST-00197,Female,0,No,No,56,Yes,Yes,DSL,No,No,Yes,No,No,No,Month-to-month,Yes,Credit card (automatic),37.76,2100.49,0
CUST-00198,Female,0,No,No,42,Yes,No,Fiber optic,Yes,No,No,No,No,Yes,Month-to-month,No,Electronic check,72.09,2994.56,0
CUST-00199,Female,0,Yes,Yes,44,Yes,Yes,No,No internet service,No internet service,No internet service,No internet service,No internet service,No internet service,One year,Yes,Mailed check,79.22,3599.99,0
CUST-00200,Female,0,Yes,No,30,Yes,No,No,No internet service,No internet service,No internet service,No internet service,No internet service,No internet service,One year,Yes,Credit card (automatic),59.85,1750.28,0
CUST-00201,Female,0,No,No,9,Yes,Yes,Fiber optic,No,No,Yes,No,Yes,No,Month-to-month,No,Electronic check,71.95,658.91,1
CUST-00202,Male,1,Yes,No,22,Yes,No,Fiber optic,No,No,No,No,No,No,One year,Yes,Bank transfer (automatic),23.94,493.17,0
CUST-00203,Male,0,Yes,No,28,Yes,Yes,No,No internet service,No internet service,No internet service,No internet service,No internet service,No internet service,One year,Yes,Mailed check,41.48,1140.88,0
CUST-00204,Female,0,Yes,Yes,30,Yes,Yes,DSL,No,No,Yes,No,Yes,No,Month-to-month,Yes,Credit card (automatic),105.92,3140.09,1
CUST-00205,Female,1,Yes,No,17,Yes,Yes,No,No internet service,No internet service,No internet service,No internet service,No internet service,No internet service,Month-to-month,No,Mailed check,78.45,1225.44,0
CUST-00206,Male,0,Yes,No,10,Yes,Yes,DSL,No,Yes,No,No,No,No,Month-to-month,Yes,Mailed check,61.92,638.71,0
CUST-00207,Male,0,No,No,46,Yes,No,No,No internet service,No internet service,No internet service,No internet service,No internet service,No internet service,Two year,No,Electronic check,100.88,4673.32,0
CUST-00208,Female,0,Yes,No,2,Yes,No,DSL,No,No,No,No,Yes,Yes,One year,Yes,Electronic check,104.96,176.69,1
CUST-00209,Male,1,Yes,Yes,1,Yes,Yes,DSL,No,No,No,No,Yes,No,Month-to-month,No,Credit card (automatic),115.38,245.69,1
CUST-00210,Male,0,No,Yes,53,Yes,No,Fiber optic,No,No,Yes,No,No,No,Month-to-month,Yes,Mailed check,30.19,1614.24,0
CUST-00211,Female,1,No,No,71,Yes,Yes,DSL,No,No,No,Yes,Yes,No,Month-to-month,No,Bank transfer (automatic),114.43,8132.89,0
CUST-00212,Female,0,Yes,No,30,Yes,Yes,DSL,Yes,Yes,No,No,No,Yes,Month-to-month,Yes,Bank transfer (automatic),45.14,1373.55,0
CUST-00213,Female,0,Yes,No,7,Yes,No,Fiber optic,No,Yes,No,Yes,Yes,Yes,Month-to-month,Yes,Mailed check,78.51,519.92,1
CUST-00214,Male,0,No,Yes,42,Yes,Yes,No,No internet service,No internet service,No internet service,No internet service,No internet service,No internet service,Month-to-month,No,Credit card (automatic),91.12,3778.16,0
CUST-00215,Female,0,No,No,47,No,No phone service,DSL,No,No,No,No,Yes,Yes,Month-to-month,No,Credit card (automatic),116.75,5449.18,0
CUST-00216,Male,0,No,No,1,Yes,No,No,No internet service,No internet service,No internet service,No internet service,No internet service,No internet service,Month-to-month,Yes,Bank transfer (automatic),81.87,54.62,1
CUST-00217,Male,0,No,No,21,Yes,Yes,No,No internet service,No internet service,No internet service,No internet service,No internet service,No internet service,Month-to-month,No,Credit card (automatic),79.89,1705.72,0
CUST-00218,Female,0,Yes,Yes,4,Yes,No,Fiber optic,Yes,No,Yes,No,No,No,Two year,No,Electronic check,49.61,179.55,0
CUST-00219,Female,0,No,Yes,6,Yes,Yes,Fiber optic,No,Yes,No,No,No,Yes,Month-to-month,Yes,Electronic check,28.64,202.78,0
CUST-00220,Female,0,Yes,No,19,No,No phone service,DSL,Yes,No,No,Yes,No,No,Month-to-month,No,Electronic check,51.04,906.68,0
CUST-00221,Female,0,No,No,1,Yes,No,Fiber optic,No,No,No,No,No,Yes,Two year,Yes,Credit card (automatic),105.3,73.09,1
CUST-00222,Female,0,No,No,31,No,No phone service,DSL,No,No,Yes,No,No,Yes,Month-to-month,Yes,Bank transfer (automatic),75.13,2293.42,0
CUST-00223,Male,0,No,No,2,Yes,Yes,DSL,Yes,No,No,No,No,No,Month-to-month,Yes,Credit card (automatic),111.81,32.77,0
CUST-00224,Male,0,Yes,No,40,Yes,Yes,Fiber optic,No,Yes,Yes,No,No,Yes,Month-to-month,No,Electronic check,57.62,2281.9,0
CUST-00225,Male,0,Yes,Yes,41,Yes,No,Fiber optic,No,No,Yes,No,Yes,Yes,Month-to-month,Yes,Electronic check,95.33,3856.65,1
CUST-00226,Male,0,No,Yes,44,Yes,No,Fiber optic,No,Yes,No,No,No,Yes,One year,No,Mailed check,80.31,3556.5,0
CUST-00227,Female,0,No,Yes,70,Yes,No,Fiber optic,No,No,Yes,No,No,Yes,Month-to-month,No,Electronic check,112.1,7883.63,0
CUST-00228,Male,1,No,No,16,Yes,Yes,No,No internet service,No internet service,No internet service,No internet service,No internet service,No internet service,Month-to-month,Yes,Credit card (automatic),66.64,996.23,0
CUST-00229,Female,0,Yes,No,46,Yes,No,DSL,No,No,No,No,Yes,No,Two year,Yes,Mailed check,73.2,3354.93,0
CUST-00230,Female,0,Yes,No,68,Yes,No,DSL,Yes,No,No,No,No,No,Month-to-month,Yes,Bank transfer (automatic),109.87,7407.17,0
CUST-00231,Female,0,Yes,Yes,23,Yes,Yes,Fiber optic,Yes,Yes,No,No,Yes,Yes,One year,Yes,Mailed check,20.95,498.07,0
CUST-00232,Female,0,Yes,No,70,Yes,No,DSL,Yes,No,No,No,Yes,Yes,Two year,No,Mailed check,76.14,5295.45,0
CUST-00233,Female,0,No,No,33,Yes,Yes,Fiber optic,Yes,No,No,Yes,No,No,Two year,No,Bank transfer (automatic),33.06,1064.28,0
CUST-00234,Female,0,Yes,No,49,Yes,Yes,Fiber optic,No,No,Yes,No,No,Yes,Month-to-month,No,Electronic check,76.07,3716.59,1
CUST-00235,Male,0,No,Yes,41,Yes,Yes,Fiber optic,No,Yes,Yes,No,Yes,No,Two year,Yes,Credit card (automatic),65.18,2686.68,0
CUST-00236,Female,0,No,No,32,Yes,No,Fiber optic,No,No,Yes,No,Yes,Yes,One year,No,Mailed check,89.5,2866.76,0
CUST-00237,Male,0,No,No,26,Yes,No,Fiber optic,No,No,No,No,Yes,No,One year,No,Mailed check,85.27,2236.68,0
CUST-00238,Male,0,Yes,No,58,Yes,No,Fiber optic,No,No,Yes,No,No,No,One year,No,Bank transfer (automatic),70.92,4149.3,0
CUST-00239,Female,0,No,No,18,Yes,Yes,DSL,Yes,No,Yes,No,No,No,Month-to-month,Yes,Bank transfer (automatic),48.46,865.62,0
CUST-00240,Male,0,Yes,Yes,2,No,No phone service,DSL,Yes,No,No,Yes,No,No,Month-to-month,Yes,Credit card (automatic),72.24,92.7,0
CUST-00241,Female,1,No,No,70,Yes,No,Fiber optic,No,No,No,No,No,No,One year,No,Credit card (automatic),112.35,7784.44,0
CUST-00242,Female,0,Yes,No,24,Yes,No,DSL,No,Yes,No,No,No,Yes,Month-to-month,No,Electronic check,48.83,1133.78,0
CUST-00243,Female,0,Yes,No,14,Yes,No,Fiber optic,No,No,Yes,No,Yes,No,One year,No,Electronic check,34.36,492.28,0
CUST-00244,Male,1,Yes,No,59,Yes,Yes,DSL,No,No,No,Yes,Yes,No,Month-to-month,Yes,Electronic check,32.11,1825.34,0
CUST-00245,Male,0,Yes,Yes,22,Yes,No,DSL,Yes,Yes,No,No,No,No,One year,Yes,Mailed check,34.69,816.87,0
CUST-00246,Female,0,No,Yes,10,Yes,No,DSL,Yes,No,Yes,No,No,No,Month-to-month,No,Mailed check,71.21,659.56,0
CUST-00247,Male,0,Yes,No,58,Yes,No,Fiber optic,No,No,Yes,No,Yes,No,Month-to-month,Yes,Bank transfer (automatic),42.92,2483.71,0
CUST-00248,Female,1,No,Yes,33,Yes,No,DSL,No,No,No,No,No,No,One year,Yes,Credit card (automatic),65.21,2225.75,0
CUST-00249,Female,0,No,No,6,Yes,No,DSL,No,No,No,No,Yes,No,Month-to-month,Yes,Credit card (automatic),82.37,485.11,1
CUST-00250,Female,0,Yes,Yes,43,Yes,No,DSL,No,No,Yes,Yes,No,Yes,One year,Yes,Mailed check,22.76,924.08,0
CUST-00251,Male,0,No,Yes,63,Yes,No,DSL,No,No,Yes,No,Yes,No,One year,Yes,Mailed check,103.42,6389.95,0
CUST-00252,Male,1,Yes,No,22,Yes,No,No,No internet service,No internet service,No internet service,No internet service,No internet service,No internet service,Month-to-month,Yes,Bank transfer (automatic),108.74,2412.59,1
CUST-00253,Female,0,Yes,Yes,57,Yes,Yes,No,No internet service,No internet service,No internet service,No internet service,No internet service,No internet service,Month-to-month,Yes,Mailed check,118.75,6784.26,0
CUST-00254,Male,0,Yes,No,19,Yes,No,DSL,No,No,No,Yes,No,Yes,Month-to-month,Yes,Electronic check,109.49,2109.11,1
CUST-00255,Male,1,No,No,26,Yes,No,DSL,Yes,No,No,Yes,No,No,One year,No,Electronic check,118.75,3093.15,0
CUST-00256,Female,0,Yes,No,59,Yes,Yes,Fiber optic,Yes,No,No,Yes,No,No,Two year,No,Credit card (automatic),83.95,4926.23,0
CUST-00257,Female,0,No,No,7,Yes,No,No,No internet service,No internet service,No internet service,No internet service,No internet service,No internet service,Month-to-month,Yes,Bank transfer (automatic),91.12,598.52,1
CUST-00258,Female,0,Yes,Yes,66,Yes,No,No,No internet service,No internet service,No internet service,No internet service,No internet service,No internet service,Month-to-month,Yes,Bank transfer (automatic),72.89,4812.83,0
CUST-00259,Female,0,No,No,1,Yes,Yes,DSL,No,No,No,No,No,No,Month-to-month,No,Credit card (automatic),86.71,136.21,1
CUST-00260,Male,1,Yes,No,21,No,No phone service,Fiber optic,Yes,No,No,Yes,Yes,No,Month-to-month,Yes,Electronic check,76.35,1455.38,1
CUST-00261,Female,0,No,No,69,Yes,Yes,Fiber optic,No,No,Yes,No,No,No,Two year,Yes,Mailed check,38.01,2669.62,0
CUST-00262,Female,0,No,No,35,Yes,No,No,No internet service,No internet service,No internet service,No internet service,No internet service,No internet service,Month-to-month,No,Electronic check,37.25,1289.23,0
CUST-00263,Male,0,No,No,23,Yes,No,DSL,No,Yes,No,No,Yes,Yes,Month-to-month,Yes,Bank transfer (automatic),118.42,2715.3,1
CUST-00264,Female,0,No,No,11,Yes,No,Fiber optic,No,No,No,No,Yes,No,One year,No,Electronic check,75.41,864.27,0
CUST-00265,Female,1,No,No,21,Yes,No,DSL,Yes,No,No,No,Yes,No,One year,Yes,Bank transfer (automatic),108.42,2268.28,0
CUST-00266,Female,0,Yes,Yes,72,Yes,No,DSL,Yes,Yes,Yes,Yes,Yes,Yes,Month-to-month,Yes,Mailed check,65.83,4751.05,0
CUST-00267,Female,0,Yes,Yes,22,Yes,No,Fiber optic,Yes,No,Yes,No,No,No,Month-to-month,Yes,Mailed check,50.74,1034.59,0
CUST-00268,Female,0,Yes,No,62,Yes,Yes,DSL,No,No,Yes,Yes,No,No,One year,No,Credit card (automatic),76.47,4727.27,0
CUST-00269,Male,1,Yes,Yes,29,Yes,No,Fiber optic,No,Yes,Yes,No,No,Yes,One year,Yes,Electronic check,93.66,2741.46,1
CUST-00270,Male,0,Yes,Yes,18,Yes,Yes,Fiber optic,No,Yes,No,Yes,No,No,Month-to-month,No,Electronic check,107.3,1911.82,1
CUST-00271,Female,0,Yes,Yes,25,Yes,No,No,No internet service,No internet service,No internet service,No internet service,No internet service,No internet service,Month-to-month,No,Credit card (automatic),78.13,1936.67,0
CUST-00272,Female,0,Yes,No,10,Yes,No,Fiber optic,No,Yes,No,No,No,No,Two year,Yes,Bank transfer (automatic),87.73,885.5,0
CUST-00273,Female,0,No,No,19,Yes,No,DSL,No,No,No,No,Yes,No,Month-to-month,No,Mailed check,69.05,1333.5,0
CUST-00274,Female,0,Yes,No,55,Yes,No,DSL,No,No,No,No,Yes,Yes,Month-to-month,No,Mailed check,114.03,6347.73,0
CUST-00275,Female,0,No,No,44,Yes,Yes,Fiber optic,No,No,No,No,Yes,No,One year,Yes,Electronic check,112.89,4989.14,1
CUST-00276,Female,0,Yes,No,67,Yes,Yes,Fiber optic,Yes,No,Yes,Yes,No,Yes,One year,Yes,Mailed check,59.67,4065.47,0
CUST-00277,Female,0,No,No,46,Yes,No,Fiber optic,No,No,No,No,No,No,One year,Yes,Electronic check,85.97,3949.77,0
CUST-00278,Female,0,No,No,57,Yes,No,Fiber optic,No,No,No,No,No,Yes,One year,Yes,Credit card (automatic),53.03,2904.28,0
CUST-00279,Female,1,Yes,No,9,Yes,Yes,Fiber optic,Yes,No,No,No,Yes,Yes,Two year,No,Mailed check,91.66,803.53,0
CUST-00280,Female,0,Yes,No,21,Yes,Yes,DSL,No,No,Yes,No,Yes,Yes,Month-to-month,No,Mailed check,63.06,1283.76,0
CUST-00281,Female,1,Yes,No,70,Yes,No,Fiber optic,Yes,No,No,Yes,Yes,No,One year,Yes,Mailed check,59.79,4182.15,0
CUST-00282,Male,0,Yes,No,23,Yes,Yes,Fiber optic,Yes,Yes,No,No,Yes,Yes,One year,No,Electronic check,22.19,494.31,0
CUST-00283,Male,0,No,No,65,No,No phone service,No,No internet service,No internet service,No internet service,No internet service,No internet service,No internet service,One year,No,Electronic check,106.1,6909.67,0
CUST-00284,Male,1,No,No,60,Yes,No,Fiber optic,No,Yes,No,No,Yes,Yes,Two year,Yes,Mailed check,83.15,4955.48,0
CUST-00285,Female,0,Yes,No,6,Yes,No,DSL,No,No,Yes,No,Yes,Yes,One year,No,Electronic check,77.11,473.44,0
CUST-00286,Male,0,Yes,No,71,Yes,Yes,Fiber optic,Yes,Yes,No,Yes,Yes,Yes,Month-to-month,Yes,Bank transfer (automatic),100.66,7165.35,0
CUST-00287,Male,1,Yes,No,37,No,No phone service,Fiber optic,Yes,No,No,No,Yes,Yes,Two year,Yes,Bank transfer (automatic),56.09,2077.1,0
CUST-00288,Female,0,Yes,No,20,Yes,No,DSL,No,No,No,No,No,Yes,Month-to-month,No,Credit card (automatic),49.82,923.24,0
CUST-00289,Male,0,No,No,7,Yes,No,No,No internet service,No internet service,No internet service,No internet service,No internet service,No internet service,Month-to-month,Yes,Bank transfer (automatic),84.7,637.59,1
CUST-00290,Female,0,Yes,No,27,Yes,Yes,DSL,No,Yes,No,No,No,Yes,One year,Yes,Credit card (automatic),102.7,2803.89,0
CUST-00291,Male,0,No,No,53,Yes,Yes,Fiber optic,No,Yes,No,No,Yes,Yes,Month-to-month,Yes,Electronic check,90.66,4795.41,1
CUST-00292,Male,0,Yes,No,30,Yes,Yes,No,No internet service,No internet service,No internet service,No internet service,No internet service,No internet service,One year,No,Mailed check,114.24,3336.64,0
CUST-00293,Female,0,Yes,No,40,Yes,No,Fiber optic,No,Yes,No,Yes,Yes,No,Month-to-month,Yes,Electronic check,89.67,3601.9,1
CUST-00294,Male,0,No,No,36,Yes,No,Fiber optic,Yes,No,Yes,Yes,Yes,No,Two year,Yes,Electronic check,87.75,3132.6,0
CUST-00295,Male,0,Yes,No,37,Yes,Yes,DSL,Yes,No,Yes,Yes,No,No,One year,No,Bank transfer (automatic),95.69,3513.05,0
CUST-00296,Female,0,No,No,50,Yes,No,DSL,No,Yes,No,Yes,Yes,No,Month-to-month,No,Electronic check,71.15,3553.59,0
CUST-00297,Female,0,No,No,36,No,No phone service,Fiber optic,No,Yes,No,Yes,No,No,Month-to-month,Yes,Electronic check,43.94,1654.61,0
CUST-00298,Male,0,Yes,Yes,30,Yes,No,Fiber optic,No,No,Yes,No,No,No,Month-to-month,Yes,Mailed check,74.64,2246.55,1
CUST-00299,Female,0,Yes,No,61,Yes,No,Fiber optic,No,No,No,No,No,No,Two year,Yes,Electronic check,96.32,5869.99,0
CUST-00300,Male,0,No,No,17,Yes,No,No,No internet service,No internet service,No internet service,No internet service,No internet service,No internet service,Month-to-month,Yes,Electronic check,50.87,838.72,0
CUST-00301,Male,0,No,No,5,Yes,No,DSL,No,No,Yes,No,No,No,Month-to-month,No,Electronic check,35.54,179.26,0
CUST-00302,Female,0,No,No,8,Yes,No,Fiber optic,No,No,No,Yes,No,No,Month-to-month,Yes,Electronic check,52.96,423.62,1
CUST-00303,Female,0,Yes,Yes,10,Yes,No,Fiber optic,No,No,No,No,No,No,Two year,Yes,Credit card (automatic),104.77,1077.85,0
CUST-00304,Female,1,No,No,1,Yes,No,Fiber optic,Yes,No,Yes,No,No,No,Month-to-month,No,Electronic check,82.53,55.96,1
CUST-00305,Female,0,Yes,No,28,Yes,Yes,Fiber optic,No,Yes,No,No,Yes,No,One year,No,Electronic check,70.74,1940.12,0
CUST-00306,Female,0,No,Yes,50,Yes,Yes,DSL,No,Yes,No,Yes,Yes,Yes,Month-to-month,No,Electronic check,52.75,2615.36,0
CUST-00307,Female,0,No,No,68,Yes,No,No,No internet service,No internet service,No internet service,No internet service,No internet service,No internet service,Month-to-month,No,Electronic check,86.33,5866.09,0
CUST-00308,Male,0,Yes,No,22,No,No phone service,Fiber optic,No,No,No,No,Yes,No,Month-to-month,No,Electronic check,77.68,1707.9,1
CUST-00309,Female,1,No,No,6,Yes,No,Fiber optic,No,No,Yes,No,No,No,One year,Yes,Bank transfer (automatic),82.24,492.95,0
CUST-00310,Male,1,Yes,Yes,55,Yes,Yes,Fiber optic,No,No,No,No,Yes,Yes,Two year,Yes,Credit card (automatic),118.75,6481.7,0
CUST-00311,Male,0,No,No,61,Yes,No,DSL,No,No,No,No,Yes,No,Month-to-month,No,Bank transfer (automatic),90.82,5535.75,0
CUST-00312,Male,0,Yes,No,14,Yes,No,Fiber optic,No,No,No,No,Yes,No,One year,Yes,Credit card (automatic),54.59,798.44,0
CUST-00313,Male,1,No,Yes,52,Yes,No,Fiber optic,Yes,No,Yes,No,No,No,Month-to-month,No,Bank transfer (automatic),42.6,2278.81,0
CUST-00314,Female,1,Yes,Yes,42,Yes,Yes,Fiber optic,Yes,No,No,Yes,Yes,Yes,Month-to-month,Yes,Electronic check,61.85,2646.92,0
CUST-00315,Female,0,No,Yes,34,Yes,No,Fiber optic,No,Yes,No,No,Yes,No,Month-to-month,Yes,Bank transfer (automatic),63.3,2149.16,0
CUST-00316,Female,0,No,No,13,Yes,Yes,No,No internet service,No internet service,No internet service,No internet service,No internet service,No internet service,Month-to-month,No,Bank transfer (automatic),92.53,1194.97,0
CUST-00317,Male,0,Yes,Yes,68,Yes,Yes,Fiber optic,No,Yes,No,No,No,No,Month-to-month,Yes,Electronic check,63.99,4413.47,1
CUST-00318,Male,1,Yes,Yes,48,No,No phone service,No,No internet service,No internet service,No internet service,No internet service,No internet service,No internet service,Two year,No,Credit card (automatic),51.87,2484.27,0
CUST-00319,Male,0,No,No,17,Yes,No,DSL,Yes,No,No,No,No,Yes,Month-to-month,Yes,Credit card (automatic),85.81,1502.13,0
CUST-00320,Male,0,Yes,No,50,Yes,No,Fiber optic,No,No,No,No,No,No,Two year,Yes,Mailed check,61.47,3072.05,0
CUST-00321,Female,0,No,No,0,Yes,No,DSL,Yes,No,No,No,Yes,No,Month-to-month,Yes,Electronic check,84.41,0.0,1
CUST-00322,Female,0,Yes,No,26,Yes,No,DSL,No,Yes,No,No,Yes,Yes,Month-to-month,Yes,Electronic check,52.46,1397.16,0
CUST-00323,Female,0,No,Yes,63,Yes,No,DSL,No,No,No,No,No,Yes,Month-to-month,Yes,Mailed check,66.95,4266.16,0
CUST-00324,Male,1,Yes,No,59,Yes,No,DSL,Yes,Yes,No,No,Yes,No,Two year,Yes,Electronic check,63.65,3738.95,0
CUST-00325,Female,0,Yes,Yes,40,Yes,No,DSL,No,Yes,No,Yes,Yes,Yes,One year,Yes,Electronic check,85.84,3375.74,0
CUST-00326,Female,0,Yes,No,20,Yes,No,Fiber optic,No,No,No,No,No,No,One year,Yes,Electronic check,69.18,1459.68,0
CUST-00327,Female,0,Yes,No,13,Yes,No,DSL,Yes,Yes,Yes,Yes,No,Yes,Month-to-month,No,Bank transfer (automatic),41.26,529.09,0
CUST-00328,Female,0,Yes,Yes,19,No,No phone service,Fiber optic,No,Yes,No,No,No,Yes,Month-to-month,No,Bank transfer (automatic),40.01,743.0,0
CUST-00329,Male,0,Yes,No,10,Yes,Yes,DSL,Yes,Yes,No,No,Yes,No,Two year,No,Bank transfer (automatic),63.49,657.34,0
CUST-00330,Male,0,No,No,65,Yes,Yes,DSL,No,No,Yes,No,Yes,No,Two year,No,Electronic check,43.64,2973.42,0
CUST-00331,Male,0,No,Yes,23,Yes,Yes,Fiber optic,Yes,No,No,No,No,Yes,One year,Yes,Credit card (automatic),62.84,1469.53,0
CUST-00332,Female,0,No,No,36,Yes,No,Fiber optic,No,Yes,No,Yes,Yes,No,One year,No,Mailed check,81.41,2939.67,0
CUST-00333,Male,0,Yes,No,23,Yes,No,DSL,No,No,No,No,Yes,No,One year,Yes,Mailed check,43.63,1006.98,0
CUST-00334,Male,0,No,No,14,Yes,No,No,No internet service,No internet service,No internet service,No internet service,No internet service,No internet service,One year,Yes,Mailed check,93.15,1386.81,0
CUST-00335,Male,1,Yes,No,11,Yes,Yes,DSL,Yes,No,No,No,No,No,One year,Yes,Mailed check,106.12,1193.69,0
CUST-00336,Male,1,No,No,63,Yes,No,Fiber optic,No,No,No,No,No,Yes,Two year,No,Credit card (automatic),105.84,6711.11,0
CUST-00337,Female,0,Yes,Yes,30,Yes,No,DSL,No,No,No,No,No,No,One year,No,Bank transfer (automatic),90.89,2741.9,0
CUST-00338,Female,0,Yes,Yes,52,Yes,Yes,No,No internet service,No internet service,No internet service,No internet service,No internet service,No internet service,One year,Yes,Mailed check,87.77,4590.83,0
CUST-00339,Male,1,Yes,No,71,Yes,No,Fiber optic,Yes,No,No,Yes,No,No,Month-to-month,Yes,Bank transfer (automatic),85.86,6082.14,0
CUST-00340,Male,0,No,Yes,43,Yes,No,No,No internet service,No internet service,No internet service,No internet service,No internet service,No internet service,Two year,Yes,Electronic check,85.22,3672.93,0
CUST-00341,Female,0,Yes,No,29,Yes,Yes,DSL,No,Yes,No,No,No,No,Month-to-month,No,Electronic check,58.9,1673.79,0
CUST-00342,Male,1,No,No,34,Yes,No,DSL,No,No,Yes,No,Yes,Yes,Two year,Yes,Mailed check,74.1,2494.0,0
CUST-00343,Male,0,Yes,Yes,20,Yes,Yes,Fiber optic,No,No,No,No,Yes,Yes,One year,Yes,Electronic check,76.49,1554.32,1
CUST-00344,Male,0,No,Yes,62,Yes,Yes,Fiber optic,Yes,No,No,No,Yes,No,Month-to-month,Yes,Electronic check,94.64,5832.5,1
CUST-00345,Male,1,No,No,16,Yes,No,DSL,No,No,No,No,No,Yes,Month-to-month,Yes,Mailed check,32.47,526.05,0
CUST-00346,Female,0,Yes,No,11,Yes,No,DSL,No,No,No,Yes,Yes,No,Two year,Yes,Mailed check,76.8,826.42,0
CUST-00347,Female,0,Yes,No,17,Yes,No,Fiber optic,Yes,No,Yes,No,No,Yes,Month-to-month,Yes,Mailed check,98.91,1625.26,1
CUST-00348,Male,0,No,No,59,Yes,No,DSL,No,Yes,No,Yes,Yes,No,Two year,Yes,Mailed check,63.13,3736.06,0
CUST-00349,Male,0,No,Yes,66,Yes,No,Fiber optic,No,No,No,Yes,Yes,No,One year,Yes,Electronic check,76.43,5083.15,0
CUST-00350,Female,0,Yes,No,14,Yes,Yes,Fiber optic,No,No,No,No,No,Yes,Month-to-month,Yes,Electronic check,25.36,289.28,1
CUST-00351,Female,0,No,Yes,15,Yes,No,Fiber optic,Yes,No,No,No,No,No,Month-to-month,Yes,Credit card (automatic),73.74,1136.55,0
CUST-00352,Female,1,No,No,21,Yes,No,DSL,Yes,No,Yes,No,No,No,Month-to-month,Yes,Electronic check,35.7,693.95,0
CUST-00353,Female,0,Yes,No,62,Yes,No,Fiber optic,No,Yes,No,No,No,Yes,Month-to-month,Yes,Electronic check,64.78,4084.14,1
CUST-00354,Male,0,No,No,30,Yes,No,DSL,Yes,No,No,No,No,Yes,Two year,No,Electronic check,72.95,2216.85,0
CUST-00355,Male,0,Yes,No,0,Yes,No,DSL,No,Yes,No,Yes,Yes,Yes,One year,No,Credit card (automatic),54.83,0.0,0
CUST-00356,Female,0,Yes,No,5,No,No phone service,Fiber optic,No,No,No,No,No,No,Month-to-month,Yes,Mailed check,66.59,375.6,1
CUST-00357,Male,0,No,No,8,Yes,No,No,No internet service,No internet service,No internet service,No internet service,No internet service,No internet service,Month-to-month,Yes,Electronic check,80.44,612.86,1
CUST-00358,Female,1,Yes,No,51,Yes,No,DSL,No,No,Yes,No,No,Yes,Month-to-month,Yes,Electronic check,76.12,3833.85,1
CUST-00359,Female,1,Yes,No,61,Yes,No,DSL,No,No,No,Yes,Yes,No,Two year,No,Credit card (automatic),82.0,5038.09,0
CUST-00360,Female,0,No,No,57,No,No phone service,Fiber optic,No,No,Yes,Yes,Yes,Yes,One year,No,Mailed check,31.17,1837.03,0
CUST-00361,Male,0,No,No,18,Yes,Yes,Fiber optic,No,No,Yes,No,No,No,Month-to-month,Yes,Bank transfer (automatic),68.56,1257.9,1
CUST-00362,Female,0,No,Yes,12,No,No phone service,Fiber optic,Yes,Yes,No,No,Yes,No,One year,No,Bank transfer (automatic),18.25,200.42,0
CUST-00363,Male,0,No,Yes,31,Yes,Yes,No,No internet service,No internet service,No internet service,No internet service,No internet service,No internet service,Two year,Yes,Mailed check,64.41,2005.19,0
CUST-00364,Female,0,No,Yes,8,Yes,No,No,No internet service,No internet service,No internet service,No internet service,No internet service,No internet service,One year,No,Credit card (automatic),117.14,908.01,0
CUST-00365,Female,0,Yes,No,48,Yes,No,Fiber optic,No,No,No,No,No,No,Month-to-month,Yes,Electronic check,100.08,4795.12,1
CUST-00366,Male,1,Yes,Yes,36,Yes,Yes,Fiber optic,Yes,Yes,No,No,Yes,Yes,Two year,Yes,Credit card (automatic),39.31,1435.56,0
CUST-00367,Female,0,No,No,30,Yes,No,No,No internet service,No internet service,No internet service,No internet service,No internet service,No internet service,One year,Yes,Bank transfer (automatic),60.59,1746.39,0
CUST-00368,Female,0,Yes,No,30,Yes,Yes,DSL,No,No,No,No,Yes,No,Month-to-month,Yes,Credit card (automatic),69.77,2115.42,0
CUST-00369,Male,0,No,Yes,58,Yes,Yes,Fiber optic,No,No,No,No,Yes,Yes,Two year,Yes,Electronic check,90.72,5191.14,0
CUST-00370,Male,0,No,No,54,Yes,Yes,Fiber optic,No,Yes,No,Yes,Yes,No,Two year,Yes,Electronic check,98.76,5269.35,0
CUST-00371,Male,0,Yes,Yes,18,Yes,No,DSL,No,Yes,Yes,Yes,Yes,Yes,One year,Yes,Electronic check,113.23,2070.83,0
CUST-00372,Male,0,No,No,62,Yes,No,No,No internet service,No internet service,No internet service,No internet service,No internet service,No internet service,Month-to-month,Yes,Bank transfer (automatic),54.75,3352.3,0
CUST-00373,Male,0,Yes,No,1,Yes,Yes,Fiber optic,No,No,Yes,No,Yes,No,Month-to-month,Yes,Electronic check,75.59,26.04,1
CUST-00374,Female,0,Yes,No,44,Yes,No,Fiber optic,No,No,No,No,Yes,No,Two year,No,Credit card (automatic),32.03,1394.54,0
CUST-00375,Male,0,No,Yes,42,Yes,Yes,No,No internet service,No internet service,No internet service,No internet service,No internet service,No internet service,Month-to-month,Yes,Bank transfer (automatic),86.08,3585.79,0
CUST-00376,Male,0,Yes,No,0,Yes,Yes,Fiber optic,No,Yes,No,No,Yes,Yes,One year,No,Bank transfer (automatic),82.32,0.0,0
CUST-00377,Female,0,Yes,No,60,Yes,Yes,No,No internet service,No internet service,No internet service,No internet service,No internet service,No internet service,Month-to-month,Yes,Mailed check,78.83,4738.53,0
CUST-00378,Male,0,Yes,No,2,Yes,Yes,DSL,Yes,Yes,Yes,No,No,Yes,Month-to-month,Yes,Bank transfer (automatic),86.62,123.96,0
CUST-00379,Female,0,No,No,43,Yes,No,DSL,No,No,Yes,No,No,Yes,Two year,Yes,Electronic check,54.44,2255.37,0
CUST-00380,Male,0,No,Yes,6,Yes,No,DSL,Yes,No,Yes,No,Yes,Yes,Month-to-month,Yes,Credit card (automatic),37.84,216.9,0
CUST-00381,Male,0,No,No,32,Yes,Yes,Fiber optic,No,No,No,No,No,No,Two year,No,Bank transfer (automatic),50.68,1676.79,0
CUST-00382,Female,0,No,No,8,Yes,Yes,DSL,No,No,Yes,No,Yes,Yes,Two year,Yes,Mailed check,80.36,639.59,0
CUST-00383,Female,0,Yes,Yes,29,Yes,Yes,DSL,Yes,Yes,No,No,Yes,No,Two year,Yes,Credit card (automatic),106.79,3079.53,0
CUST-00384,Female,0,No,No,17,Yes,Yes,No,No internet service,No internet service,No internet service,No internet service,No internet service,No internet service,Two year,Yes,Credit card (automatic),50.9,951.82,0
CUST-00385,Female,0,No,No,55,Yes,No,No,No internet service,No internet service,No internet service,No internet service,No internet service,No internet service,Month-to-month,No,Electronic check,60.55,3367.88,0
CUST-00386,Female,0,Yes,No,30,Yes,Yes,Fiber optic,Yes,No,No,Yes,No,Yes,Two year,No,Credit card (automatic),77.05,2225.12,0
CUST-00387,Male,0,Yes,Yes,71,No,No phone service,No,No internet service,No internet service,No internet service,No internet service,No internet service,No internet service,Month-to-month,No,Mailed check,118.75,8417.3,0
CUST-00388,Male,1,No,Yes,62,Yes,Yes,No,No internet service,No internet service,No internet service,No internet service,No internet service,No internet service,One year,Yes,Mailed check,67.42,4191.19,0
CUST-00389,Female,0,No,No,49,Yes,Yes,Fiber optic,No,No,No,No,No,Yes,Two year,No,Electronic check,100.91,4891.21,0
CUST-00390,Female,1,No,No,0,Yes,No,Fiber optic,No,Yes,No,Yes,Yes,No,Two year,No,Credit card (automatic),65.54,0.0,0
CUST-00391,Female,0,No,Yes,18,Yes,Yes,No,No internet service,No internet service,No internet service,No internet service,No internet service,No internet service,Month-to-month,Yes,Mailed check,58.99,1062.88,0
CUST-00392,Male,0,No,No,63,Yes,Yes,Fiber optic,Yes,No,No,No,Yes,No,Month-to-month,Yes,Credit card (automatic),45.52,2856.57,0
CUST-00393,Male,1,No,Yes,52,Yes,Yes,DSL,No,No,No,No,Yes,No,One year,No,Bank transfer (automatic),69.62,3559.7,0
CUST-00394,Female,0,No,No,5,Yes,Yes,Fiber optic,Yes,Yes,No,No,Yes,No,Month-to-month,No,Credit card (automatic),91.93,533.06,1
CUST-00395,Male,0,Yes,No,16,Yes,Yes,Fiber optic,No,Yes,Yes,No,Yes,Yes,One year,Yes,Credit card (automatic),50.48,821.02,0
CUST-00396,Female,0,No,No,45,Yes,Yes,No,No internet service,No internet service,No internet service,No internet service,No internet service,No internet service,Two year,Yes,Credit card (automatic),78.66,3496.74,0
CUST-00397,Female,0,Yes,No,71,Yes,No,Fiber optic,Yes,Yes,Yes,No,Yes,No,Two year,Yes,Electronic check,58.52,4198.72,0
CUST-00398,Male,0,No,No,72,Yes,No,No,No internet service,No internet service,No internet service,No internet service,No internet service,No internet service,Month-to-month,No,Electronic check,69.56,5004.27,0
CUST-00399,Female,0,Yes,No,54,Yes,No,Fiber optic,No,No,No,Yes,No,No,One year,No,Bank transfer (automatic),39.64,2190.15,0
CUST-00400,Female,1,Yes,No,5,Yes,No,DSL,No,No,No,No,No,No,Month-to-month,Yes,Electronic check,118.75,588.54,1
CUST-00401,Male,0,Yes,No,69,Yes,No,Fiber optic,No,Yes,No,No,No,No,One year,No,Credit card (automatic),87.24,5945.75,0
CUST-00402,Female,1,Yes,Yes,67,Yes,Yes,DSL,Yes,Yes,Yes,No,Yes,No,Month-to-month,No,Credit card (automatic),71.14,4713.02,0
CUST-00403,Female,1,Yes,No,39,Yes,Yes,Fiber optic,Yes,No,No,No,Yes,Yes,Two year,Yes,Electronic check,107.69,4256.96,1
CUST-00404,Female,0,Yes,Yes,65,Yes,Yes,No,No internet service,No internet service,No internet service,No internet service,No internet service,No internet service,Month-to-month,Yes,Electronic check,76.77,5041.69,0
CUST-00405,Male,0,No,No,8,Yes,No,Fiber optic,Yes,No,Yes,No,Yes,No,Month-to-month,Yes,Bank transfer (automatic),82.59,594.25,1
CUST-00406,Female,1,Yes,Yes,10,Yes,Yes,No,No internet service,No internet service,No internet service,No internet service,No internet service,No internet service,One year,Yes,Bank transfer (automatic),110.45,1174.15,0
CUST-00407,Male,1,Yes,No,19,Yes,Yes,DSL,No,No,No,Yes,No,No,Month-to-month,No,Mailed check,109.48,2131.41,1
CUST-00408,Male,0,No,Yes,42,Yes,Yes,Fiber optic,Yes,Yes,No,No,No,No,Month-to-month,Yes,Mailed check,47.24,1952.37,0
CUST-00409,Female,0,No,No,57,No,No phone service,DSL,No,No,No,Yes,Yes,No,One year,No,Electronic check,78.23,4455.21,0
CUST-00410,Male,0,Yes,No,25,No,No phone service,Fiber optic,No,No,No,No,No,No,Month-to-month,Yes,Bank transfer (automatic),105.4,2524.86,1
CUST-00411,Male,0,No,No,37,Yes,Yes,Fiber optic,No,No,Yes,Yes,Yes,Yes,Month-to-month,Yes,Bank transfer (automatic),48.11,1745.03,0
CUST-00412,Female,0,No,No,35,Yes,Yes,Fiber optic,Yes,No,No,Yes,Yes,Yes,Month-to-month,Yes,Electronic check,68.42,2384.13,0
CUST-00413,Female,0,Yes,No,54,Yes,Yes,DSL,Yes,Yes,No,No,No,No,Month-to-month,Yes,Electronic check,70.14,3803.03,0
CUST-00414,Female,0,Yes,No,5,Yes,Yes,Fiber optic,No,No,No,No,Yes,No,One year,Yes,Mailed check,83.22,410.31,0
CUST-00415,Female,0,No,No,2,Yes,Yes,Fiber optic,No,Yes,Yes,No,No,No,Month-to-month,Yes,Mailed check,90.34,187.62,1
CUST-00416,Male,0,No,No,64,Yes,Yes,Fiber optic,No,No,Yes,No,No,No,Month-to-month,Yes,Credit card (automatic),107.64,6840.55,1
CUST-00417,Male,0,No,Yes,63,Yes,No,Fiber optic,No,Yes,No,No,No,No,One year,Yes,Mailed check,80.82,5107.85,0
CUST-00418,Male,0,Yes,No,57,Yes,Yes,Fiber optic,No,No,No,Yes,Yes,No,Two year,No,Credit card (automatic),51.9,3042.46,0
CUST-00419,Female,0,Yes,No,57,Yes,Yes,No,No internet service,No internet service,No internet service,No internet service,No internet service,No internet service,Month-to-month,Yes,Electronic check,69.05,3957.82,0
CUST-00420,Female,0,No,No,17,Yes,Yes,No,No internet service,No internet service,No internet service,No internet service,No internet service,No internet service,Two year,No,Bank transfer (automatic),45.92,782.34,0
CUST-00421,Female,0,Yes,No,22,Yes,Yes,Fiber optic,No,Yes,Yes,No,Yes,No,Month-to-month,Yes,Bank transfer (automatic),56.0,1194.97,0
CUST-00422,Female,0,Yes,No,28,Yes,Yes,Fiber optic,Yes,No,No,Yes,Yes,No,Two year,Yes,Bank transfer (automatic),91.61,2547.25,0
CUST-00423,Male,1,No,Yes,22,Yes,No,Fiber optic,No,No,No,Yes,Yes,Yes,Month-to-month,No,Mailed check,37.18,752.35,0
CUST-00424,Female,0,Yes,No,35,Yes,No,DSL,Yes,No,No,No,No,Yes,Two year,Yes,Electronic check,61.04,2064.12,0
CUST-00425,Male,0,No,No,69,Yes,Yes,DSL,No,No,No,No,No,Yes,Two year,No,Bank transfer (automatic),101.85,7024.15,0
CUST-00426,Female,0,No,No,5,No,No phone service,DSL,No,No,No,Yes,No,No,Month-to-month,Yes,Bank transfer (automatic),87.81,466.77,0
CUST-00427,Male,1,Yes,No,33,Yes,Yes,DSL,Yes,No,No,No,Yes,Yes,Month-to-month,Yes,Electronic check,54.53,1756.71,0
CUST-00428,Female,0,No,Yes,43,No,No phone service,Fiber optic,No,Yes,No,No,No,Yes,Month-to-month,No,Electronic check,53.48,2359.43,0
CUST-00429,Male,0,Yes,No,43,Yes,No,Fiber optic,Yes,No,Yes,No,Yes,Yes,Month-to-month,No,Credit card (automatic),115.36,4932.44,1
CUST-00430,Male,0,No,Yes,26,Yes,Yes,DSL,Yes,Yes,No,No,Yes,No,One year,No,Credit card (automatic),82.98,2152.98,0
CUST-00431,Male,0,Yes,No,51,Yes,Yes,No,No internet service,No internet service,No internet service,No internet service,No internet service,No internet service,Month-to-month,Yes,Electronic check,56.76,2942.03,0
CUST-00432,Female,0,Yes,No,41,Yes,No,No,No internet service,No internet service,No internet service,No internet service,No internet service,No internet service,One year,Yes,Credit card (automatic),74.67,3045.82,0
CUST-00433,Female,0,No,No,24,Yes,No,No,No internet service,No internet service,No internet service,No internet service,No internet service,No internet service,Month-to-month,Yes,Bank transfer (automatic),100.5,2443.38,1
CUST-00434,Male,0,Yes,No,38,Yes,No,Fiber optic,No,No,Yes,No,No,Yes,Month-to-month,No,Mailed check,52.93,2039.97,0
CUST-00435,Male,0,No,No,38,No,No phone service,DSL,Yes,No,No,No,No,Yes,Month-to-month,No,Electronic check,52.41,1957.88,0
CUST-00436,Female,0,Yes,Yes,11,Yes,No,DSL,No,No,Yes,No,Yes,No,Month-to-month,Yes,Bank transfer (automatic),77.04,815.09,0
CUST-00437,Male,0,Yes,No,10,Yes,Yes,DSL,No,Yes,No,No,No,No,Month-to-month,Yes,Credit card (automatic),37.58,436.92,0
CUST-00438,Female,1,Yes,Yes,2,Yes,Yes,DSL,No,Yes,Yes,Yes,No,No,One year,Yes,Electronic check,53.45,172.9,0
CUST-00439,Female,0,Yes,No,21,Yes,No,No,No internet service,No internet service,No internet service,No internet service,No internet service,No internet service,Two year,No,Mailed check,62.04,1334.12,0
CUST-00440,Male,1,Yes,Yes,3,Yes,No,No,No internet service,No internet service,No internet service,No internet service,No internet service,No internet service,Month-to-month,No,Credit card (automatic),18.25,11.36,0
CUST-00441,Male,0,No,No,7,Yes,Yes,No,No internet service,No internet service,No internet service,No internet service,No internet service,No internet service,Month-to-month,Yes,Credit card (automatic),73.05,554.77,0
CUST-00442,Female,0,No,Yes,13,Yes,No,Fiber optic,No,No,Yes,No,Yes,Yes,Month-to-month,Yes,Electronic check,87.12,1118.66,1
CUST-00443,Male,0,No,No,13,Yes,Yes,Fiber optic,No,No,Yes,No,No,No,Two year,Yes,Bank transfer (automatic),118.75,1480.32,1
CUST-00444,Male,1,No,No,15,Yes,Yes,Fiber optic,No,No,Yes,No,Yes,No,One year,Yes,Electronic check,87.0,1273.17,1
CUST-00445,Female,0,Yes,No,31,Yes,Yes,No,No internet service,No internet service,No internet service,No internet service,No internet service,No internet service,One year,Yes,Mailed check,48.65,1496.96,0
CUST-00446,Female,0,No,No,63,Yes,No,Fiber optic,Yes,No,No,No,No,Yes,Month-to-month,Yes,Bank transfer (automatic),67.45,4303.68,0
CUST-00447,Female,0,Yes,No,15,No,No phone service,DSL,Yes,No,Yes,No,Yes,No,Month-to-month,Yes,Mailed check,118.61,1739.02,1
CUST-00448,Female,0,No,No,51,Yes,Yes,DSL,Yes,Yes,No,No,No,Yes,Month-to-month,No,Electronic check,88.43,4461.64,0
CUST-00449,Male,0,Yes,No,18,Yes,No,Fiber optic,No,No,No,Yes,No,No,One year,Yes,Bank transfer (automatic),98.7,1752.46,0
CUST-00450,Male,0,No,No,68,Yes,No,DSL,Yes,No,No,No,Yes,Yes,Two year,No,Electronic check,65.11,4421.39,0
CUST-00451,Female,0,No,No,11,Yes,No,No,No internet service,No internet service,No internet service,No internet service,No internet service,No internet service,Month-to-month,Yes,Electronic check,66.12,760.97,1
CUST-00452,Female,0,No,Yes,4,Yes,No,Fiber optic,No,No,No,No,No,No,One year,Yes,Mailed check,68.83,303.84,0
CUST-00453,Male,0,No,No,41,Yes,Yes,Fiber optic,No,No,No,No,No,Yes,Month-to-month,Yes,Credit card (automatic),98.7,3934.22,1
CUST-00454,Female,0,No,No,16,Yes,No,DSL,No,No,No,No,Yes,No,One year,Yes,Bank transfer (automatic),61.51,966.37,0
CUST-00455,Male,0,No,Yes,71,Yes,Yes,Fiber optic,No,No,Yes,No,Yes,Yes,One year,Yes,Electronic check,94.93,6746.23,0
CUST-00456,Female,0,Yes,No,9,Yes,Yes,Fiber optic,No,No,No,No,No,No,Month-to-month,No,Credit card (automatic),71.23,597.55,1
CUST-00457,Male,0,Yes,No,15,Yes,No,Fiber optic,No,No,No,Yes,No,Yes,One year,No,Electronic check,41.76,587.38,0
CUST-00458,Male,0,Yes,Yes,15,Yes,No,Fiber optic,No,No,No,Yes,No,Yes,Month-to-month,Yes,Mailed check,72.01,1111.38,0
CUST-00459,Male,1,Yes,No,41,Yes,No,No,No internet service,No internet service,No internet service,No internet service,No internet service,No internet service,One year,Yes,Bank transfer (automatic),103.3,4269.46,0
CUST-00460,Male,1,No,No,2,Yes,No,Fiber optic,No,No,No,No,No,Yes,Month-to-month,No,Mailed check,70.43,132.0,1
CUST-00461,Male,0,Yes,Yes,22,Yes,No,Fiber optic,Yes,Yes,No,No,Yes,Yes,Month-to-month,Yes,Bank transfer (automatic),64.84,1446.58,0
CUST-00462,Female,0,No,No,27,Yes,Yes,No,No internet service,No internet service,No internet service,No internet service,No internet service,No internet service,Month-to-month,Yes,Bank transfer (automatic),109.34,2975.34,1
CUST-00463,Female,0,No,No,44,Yes,No,No,No internet service,No internet service,No internet service,No internet service,No internet service,No internet service,Two year,Yes,Bank transfer (automatic),85.86,3723.0,0
CUST-00464,Female,0,No,Yes,67,Yes,Yes,DSL,No,Yes,No,No,No,No,Month-to-month,Yes,Mailed check,44.76,2944.75,0
CUST-00465,Female,0,Yes,No,23,No,No phone service,No,No internet service,No internet service,No internet service,No internet service,No internet service,No internet service,Month-to-month,Yes,Electronic check,65.97,1497.65,1
CUST-00466,Male,0,Yes,No,18,Yes,Yes,DSL,No,No,No,Yes,Yes,No,Month-to-month,Yes,Credit card (automatic),79.2,1390.95,0
CUST-00467,Male,0,Yes,No,39,Yes,Yes,Fiber optic,No,Yes,Yes,No,No,Yes,Month-to-month,Yes,Electronic check,81.3,3140.87,1
CUST-00468,Female,1,Yes,No,45,Yes,Yes,DSL,Yes,Yes,No,No,Yes,Yes,One year,Yes,Mailed check,89.02,4001.14,0
CUST-00469,Male,1,No,No,39,Yes,Yes,Fiber optic,No,No,No,Yes,No,Yes,One year,Yes,Electronic check,71.38,2779.24,0
CUST-00470,Female,0,No,No,61,Yes,Yes,Fiber optic,Yes,Yes,No,No,Yes,Yes,Two year,Yes,Electronic check,73.18,4335.96,0
CUST-00471,Male,0,No,Yes,17,Yes,No,Fiber optic,No,No,No,No,No,No,Two year,No,Electronic check,72.71,1240.85,0
CUST-00472,Female,0,No,No,11,Yes,No,Fiber optic,Yes,No,No,Yes,Yes,No,Month-to-month,No,Electronic check,91.39,992.69,0
CUST-00473,Male,0,No,No,13,Yes,No,Fiber optic,Yes,No,No,No,No,No,Month-to-month,No,Credit card (automatic),54.7,722.38,0
CUST-00474,Female,0,Yes,Yes,60,Yes,Yes,DSL,Yes,Yes,No,Yes,Yes,No,Month-to-month,Yes,Credit card (automatic),76.53,4559.75,0
CUST-00475,Female,0,No,No,11,Yes,No,No,No internet service,No internet service,No internet service,No internet service,No internet service,No internet service,Two year,No,Mailed check,77.73,823.26,0
CUST-00476,Female,0,Yes,Yes,26,Yes,Yes,Fiber optic,No,No,No,No,No,No,Month-to-month,No,Mailed check,60.16,1544.63,0
CUST-00477,Male,0,Yes,No,5,Yes,No,Fiber optic,No,No,Yes,No,No,No,One year,No,Electronic check,82.25,464.68,1
CUST-00478,Female,0,Yes,No,32,Yes,Yes,No,No internet service,No internet service,No internet service,No internet service,No internet service,No internet service,One year,No,Bank transfer (automatic),83.17,2640.6,0
CUST-00479,Female,0,Yes,No,49,No,No phone service,DSL,No,Yes,No,No,No,Yes,Month-to-month,Yes,Electronic check,25.08,1284.46,0
CUST-00480,Female,0,Yes,Yes,11,Yes,Yes,Fiber optic,No,No,Yes,No,No,Yes,One year,Yes,Electronic check,72.38,845.04,0
CUST-00481,Female,0,Yes,No,56,Yes,No,Fiber optic,No,Yes,Yes,No,Yes,No,Month-to-month,Yes,Mailed check,113.21,6322.84,1
CUST-00482,Female,0,No,Yes,52,No,No phone service,DSL,Yes,Yes,No,No,No,Yes,Month-to-month,No,Electronic check,114.63,5935.21,1
CUST-00483,Male,0,No,No,12,Yes,No,Fiber optic,Yes,No,Yes,No,No,Yes,Month-to-month,Yes,Electronic check,88.73,1040.95,1
CUST-00484,Female,0,Yes,No,71,Yes,Yes,No,No internet service,No internet service,No internet service,No internet service,No internet service,No internet service,Month-to-month,No,Electronic check,111.61,7917.11,0
CUST-00485,Female,0,Yes,No,2,Yes,Yes,DSL,No,No,No,Yes,No,No,Month-to-month,No,Credit card (automatic),66.45,104.96,0
CUST-00486,Female,1,No,No,63,Yes,No,Fiber optic,Yes,No,No,No,No,No,Two year,Yes,Bank transfer (automatic),92.99,5895.16,0
CUST-00487,Male,0,Yes,No,57,Yes,Yes,Fiber optic,No,No,No,No,No,Yes,Two year,No,Bank transfer (automatic),82.01,4642.28,0
CUST-00488,Male,0,No,Yes,3,Yes,No,Fiber optic,No,Yes,Yes,No,Yes,No,Two year,No,Electronic check,87.13,304.54,0
CUST-00489,Female,0,No,No,44,Yes,Yes,Fiber optic,Yes,No,Yes,No,No,No,Month-to-month,No,Mailed check,118.75,5178.38,1
CUST-00490,Female,1,Yes,No,65,Yes,No,No,No internet service,No internet service,No internet service,No internet service,No internet service,No internet service,Month-to-month,No,Bank transfer (automatic),104.09,6682.48,0
CUST-00491,Male,0,Yes,No,35,Yes,No,Fiber optic,No,No,No,No,Yes,No,Month-to-month,Yes,Bank transfer (automatic),66.3,2230.64,0
CUST-00492,Female,0,Yes,Yes,22,Yes,No,Fiber optic,Yes,No,No,No,No,No,One year,Yes,Credit card (automatic),112.56,2449.3,0
CUST-00493,Male,0,Yes,No,18,Yes,Yes,Fiber optic,No,Yes,No,No,Yes,No,Month-to-month,Yes,Electronic check,78.7,1376.22,1
CUST-00494,Male,0,Yes,No,39,Yes,Yes,DSL,No,No,No,No,Yes,Yes,Month-to-month,No,Electronic check,91.71,3534.05,1
CUST-00495,Male,0,No,No,71,Yes,No,No,No internet service,No internet service,No internet service,No internet service,No internet service,No internet service,Month-to-month,No,Mailed check,73.96,5300.31,0
CUST-00496,Male,0,Yes,No,15,Yes,No,No,No internet service,No internet service,No internet service,No internet service,No internet service,No internet service,One year,Yes,Credit card (automatic),90.52,1321.22,0
CUST-00497,Female,0,No,No,57,Yes,Yes,DSL,Yes,No,No,No,Yes,No,Month-to-month,No,Mailed check,87.89,4911.45,0
CUST-00498,Male,1,No,Yes,17,Yes,Yes,Fiber optic,No,No,No,No,Yes,Yes,Two year,Yes,Bank transfer (automatic),100.65,1739.29,1
CUST-00499,Female,0,Yes,Yes,35,Yes,No,Fiber optic,No,No,No,No,Yes,Yes,One year,No,Electronic check,62.3,2247.3,0
CUST-00500,Female,0,Yes,No,23,Yes,No,Fiber optic,No,No,No,Yes,No,No,Month-to-month,No,Credit card (automatic),96.96,2252.57,0
CUST-00501,Female,0,Yes,No,0,Yes,No,No,No internet service,No internet service,No internet service,No internet service,No internet service,No internet service,Month-to-month,Yes,Bank transfer (automatic),18.25,0.0,0
CUST-00502,Female,0,Yes,No,0,No,No phone service,Fiber optic,No,No,No,No,Yes,No,Month-to-month,Yes,Mailed check,54.6,0.0,1
CUST-00503,Male,0,No,No,63,Yes,No,Fiber optic,Yes,No,Yes,No,No,No,Month-to-month,Yes,Mailed check,45.12,2802.39,0
CUST-00504,Female,0,Yes,No,61,No,No phone service,DSL,No,No,Yes,Yes,Yes,Yes,Month-to-month,No,Bank transfer (automatic),86.91,5252.93,0
CUST-00505,Female,0,No,No,35,Yes,Yes,Fiber optic,Yes,Yes,No,No,Yes,Yes,One year,Yes,Electronic check,98.9,3451.62,0
CUST-00506,Male,0,Yes,No,17,No,No phone service,Fiber optic,No,No,Yes,No,No,No,One year,Yes,Electronic check,72.13,1223.36,0
CUST-00507,Female,0,Yes,No,15,Yes,No,Fiber optic,No,No,No,No,No,No,Month-to-month,No,Electronic check,105.98,1579.56,1
CUST-00508,Female,0,Yes,No,16,No,No phone service,Fiber optic,No,No,No,Yes,Yes,No,One year,Yes,Credit card (automatic),52.86,929.34,0
CUST-00509,Female,0,No,No,23,Yes,Yes,DSL,No,No,No,No,No,No,Two year,No,Electronic check,38.16,879.82,0
CUST-00510,Female,0,Yes,Yes,67,No,No phone service,DSL,No,Yes,No,No,Yes,Yes,One year,Yes,Electronic check,97.38,6572.45,0
CUST-00511,Female,0,Yes,Yes,1,Yes,Yes,Fiber optic,Yes,No,Yes,No,No,No,Two year,Yes,Electronic check,99.4,210.99,1
CUST-00512,Male,1,No,No,72,Yes,No,Fiber optic,No,No,Yes,No,Yes,No,Month-to-month,No,Mailed check,82.64,5926.4,0
CUST-00513,Female,1,Yes,No,9,Yes,No,Fiber optic,No,No,Yes,No,No,Yes,Month-to-month,Yes,Electronic check,116.8,1058.63,1
CUST-00514,Female,0,Yes,No,52,Yes,No,Fiber optic,No,Yes,No,No,Yes,Yes,Month-to-month,Yes,Credit card (automatic),89.93,4717.21,1
CUST-00515,Male,0,No,No,50,Yes,Yes,DSL,No,No,Yes,No,No,No,Two year,Yes,Electronic check,86.89,4350.6,0
CUST-00516,Male,0,Yes,Yes,68,No,No phone service,DSL,Yes,Yes,No,No,No,No,Month-to-month,Yes,Mailed check,68.69,4657.06,0
CUST-00517,Male,0,No,Yes,13,Yes,Yes,DSL,No,No,No,Yes,Yes,No,Two year,No,Mailed check,39.23,627.17,0
CUST-00518,Female,0,No,No,65,Yes,No,Fiber optic,No,No,No,Yes,Yes,Yes,Month-to-month,Yes,Electronic check,72.36,4763.32,0
CUST-00519,Female,0,No,No,52,Yes,Yes,DSL,Yes,Yes,Yes,No,No,Yes,Month-to-month,Yes,Electronic check,116.74,5965.4,1
CUST-00520,Male,0,No,No,63,Yes,Yes,Fiber optic,No,Yes,Yes,No,Yes,No,Month-to-month,No,Credit card (automatic),83.52,5329.63,0
CUST-00521,Female,0,No,Yes,71,Yes,Yes,Fiber optic,Yes,Yes,No,Yes,No,No,Month-to-month,Yes,Mailed check,70.08,5055.7,0
CUST-00522,Male,0,No,No,48,Yes,No,No,No internet service,No internet service,No internet service,No internet service,No internet service,No internet service,Month-to-month,No,Credit card (automatic),54.04,2653.69,0
CUST-00523,Female,0,No,No,61,Yes,No,No,No internet service,No internet service,No internet service,No internet service,No internet service,No internet service,One year,No,Electronic check,91.94,5645.87,0
CUST-00524,Female,0,Yes,No,36,Yes,Yes,No,No internet service,No internet service,No internet service,No internet service,No internet service,No internet service,Month-to-month,Yes,Bank transfer (automatic),46.88,1765.23,0
CUST-00525,Female,0,Yes,No,48,Yes,Yes,Fiber optic,No,No,No,No,Yes,No,One year,Yes,Bank transfer (automatic),85.59,4152.45,0
CUST-00526,Male,0,No,Yes,67,Yes,No,Fiber optic,No,No,Yes,No,No,Yes,One year,No,Mailed check,67.78,4570.2,0
CUST-00527,Male,0,No,No,32,Yes,Yes,Fiber optic,Yes,No,No,No,Yes,Yes,Two year,Yes,Bank transfer (automatic),67.93,2180.47,0
CUST-00528,Male,0,Yes,No,21,Yes,Yes,No,No internet service,No internet service,No internet service,No internet service,No internet service,No internet service,Month-to-month,Yes,Credit card (automatic),88.97,1814.79,1
CUST-00529,Male,0,No,No,69,Yes,Yes,No,No internet service,No internet service,No internet service,No internet service,No internet service,No internet service,Month-to-month,No,Electronic check,55.84,3784.32,0
CUST-00530,Female,0,Yes,No,32,Yes,No,Fiber optic,Yes,No,No,No,No,Yes,Month-to-month,No,Electronic check,74.61,2426.17,1
CUST-00531,Female,0,No,Yes,27,Yes,Yes,Fiber optic,No,No,No,Yes,Yes,Yes,Month-to-month,No,Credit card (automatic),35.57,998.14,0
CUST-00532,Female,0,No,No,3,Yes,No,Fiber optic,No,Yes,Yes,Yes,Yes,Yes,Month-to-month,Yes,Electronic check,67.59,200.63,0
CUST-00533,Female,0,No,No,65,Yes,Yes,Fiber optic,No,Yes,Yes,Yes,Yes,Yes,One year,Yes,Mailed check,91.45,5901.42,0
CUST-00534,Female,0,Yes,Yes,48,Yes,Yes,Fiber optic,Yes,Yes,No,No,No,Yes,One year,No,Mailed check,96.45,4573.1,0
CUST-00535,Female,0,No,Yes,10,Yes,Yes,No,No internet service,No internet service,No internet service,No internet service,No internet service,No internet service,Two year,No,Bank transfer (automatic),99.75,979.39,0
CUST-00536,Female,0,Yes,No,34,Yes,No,Fiber optic,No,No,No,Yes,Yes,Yes,Two year,No,Bank transfer (automatic),91.19,3135.55,0
CUST-00537,Female,0,Yes,Yes,38,Yes,Yes,Fiber optic,No,No,No,No,No,Yes,Month-to-month,Yes,Mailed check,65.11,2586.1,0
CUST-00538,Male,1,Yes,No,9,Yes,No,No,No internet service,No internet service,No internet service,No internet service,No internet service,No internet service,Two year,Yes,Credit card (automatic),25.99,232.68,0
CUST-00539,Male,0,No,No,71,Yes,Yes,DSL,No,No,Yes,No,No,No,Month-to-month,Yes,Electronic check,104.63,7443.12,1
CUST-00540,Male,0,Yes,No,68,Yes,Yes,DSL,Yes,Yes,Yes,No,No,Yes,Two year,No,Credit card (automatic),66.33,4566.74,0
CUST-00541,Female,0,Yes,No,22,Yes,No,Fiber optic,No,Yes,No,Yes,Yes,No,Month-to-month,No,Mailed check,36.89,808.39,0
CUST-00542,Female,0,No,Yes,33,Yes,No,DSL,Yes,No,No,Yes,Yes,No,Two year,No,Bank transfer (automatic),118.75,3937.19,0
CUST-00543,Male,1,No,Yes,31,Yes,Yes,Fiber optic,Yes,Yes,No,No,No,No,Month-to-month,Yes,Electronic check,72.79,2297.59,0
CUST-00544,Female,0,No,No,15,Yes,No,DSL,No,No,No,No,Yes,No,One year,Yes,Electronic check,84.31,1319.75,0
CUST-00545,Female,0,No,No,67,Yes,No,DSL,Yes,No,No,No,No,No,Month-to-month,No,Bank transfer (automatic),85.01,5698.38,0
CUST-00546,Male,0,Yes,No,53,Yes,Yes,Fiber optic,No,No,No,Yes,No,No,Month-to-month,No,Electronic check,77.0,4056.97,0
CUST-00547,Male,0,No,No,27,Yes,No,Fiber optic,No,Yes,Yes,No,Yes,No,Month-to-month,Yes,Mailed check,64.07,1740.1,0
CUST-00548,Female,0,No,Yes,59,No,No phone service,Fiber optic,No,No,No,Yes,Yes,Yes,One year,Yes,Electronic check,63.6,3667.53,0
CUST-00549,Female,0,Yes,Yes,59,Yes,No,DSL,Yes,No,No,No,Yes,No,Month-to-month,Yes,Bank transfer (automatic),118.75,7020.94,0
CUST-00550,Female,0,Yes,No,43,Yes,No,Fiber optic,No,No,No,No,No,No,Month-to-month,Yes,Bank transfer (automatic),39.53,1743.13,0
CUST-00551,Female,0,Yes,No,1,No,No phone service,DSL,No,No,No,No,Yes,No,Month-to-month,No,Credit card (automatic),59.31,144.22,0
CUST-00552,Female,0,Yes,No,22,Yes,Yes,DSL,No,Yes,Yes,No,No,Yes,One year,No,Credit card (automatic),50.8,1163.83,0
CUST-00553,Female,1,No,Yes,45,Yes,Yes,DSL,No,No,No,No,No,No,Month-to-month,No,Bank transfer (automatic),89.2,3885.7,0
CUST-00554,Female,0,No,Yes,72,Yes,No,Fiber optic,No,Yes,No,No,No,Yes,One year,Yes,Electronic check,69.65,5084.39,0
CUST-00555,Female,0,No,No,53,Yes,No,Fiber optic,No,No,Yes,No,Yes,Yes,Two year,No,Mailed check,64.89,3512.52,0
CUST-00556,Male,0,Yes,No,70,No,No phone service,Fiber optic,Yes,No,No,No,Yes,No,Two year,No,Mailed check,95.77,6657.87,0
CUST-00557,Male,0,Yes,No,8,Yes,Yes,No,No internet service,No internet service,No internet service,No internet service,No internet service,No internet service,Month-to-month,No,Electronic check,118.75,929.97,1
CUST-00558,Male,0,No,No,69,No,No phone service,No,No internet service,No internet service,No internet service,No internet service,No internet service,No internet service,Month-to-month,Yes,Credit card (automatic),58.82,4130.53,0
CUST-00559,Female,0,Yes,No,43,Yes,No,Fiber optic,No,No,No,Yes,No,No,Month-to-month,Yes,Credit card (automatic),37.19,1601.95,0
CUST-00560,Female,0,No,No,72,Yes,No,DSL,Yes,No,No,Yes,No,Yes,Two year,No,Electronic check,81.56,5842.94,0
CUST-00561,Female,0,Yes,No,11,Yes,No,Fiber optic,Yes,No,Yes,No,No,No,Month-to-month,Yes,Credit card (automatic),92.47,979.6,0
CUST-00562,Male,1,No,Yes,31,No,No phone service,DSL,Yes,No,No,No,Yes,Yes,Month-to-month,No,Credit card (automatic),68.92,2268.25,0
CUST-00563,Male,0,Yes,No,33,Yes,No,Fiber optic,Yes,No,No,No,Yes,No,Month-to-month,No,Credit card (automatic),90.41,3022.9,0
CUST-00564,Male,0,Yes,Yes,32,Yes,No,Fiber optic,Yes,No,No,No,No,Yes,Two year,Yes,Electronic check,60.74,1929.75,0
CUST-00565,Male,1,Yes,Yes,63,Yes,No,No,No internet service,No internet service,No internet service,No internet service,No internet service,No internet service,Two year,Yes,Electronic check,118.75,7552.68,1
CUST-00566,Female,0,No,Yes,47,Yes,Yes,No,No internet service,No internet service,No internet service,No internet service,No internet service,No internet service,One year,Yes,Mailed check,91.88,4313.85,0
CUST-00567,Male,0,No,No,15,Yes,No,Fiber optic,No,Yes,No,No,Yes,No,Two year,No,Electronic check,59.97,960.12,0
CUST-00568,Male,0,Yes,No,49,Yes,Yes,Fiber optic,No,No,No,No,No,No,One year,No,Mailed check,58.0,2871.06,0
CUST-00569,Female,0,No,Yes,22,No,No phone service,Fiber optic,No,No,No,No,No,No,Month-to-month,Yes,Electronic check,79.81,1738.89,1
CUST-00570,Male,1,No,No,25,Yes,No,DSL,No,No,No,No,Yes,No,One year,Yes,Credit card (automatic),90.32,2282.92,0
CUST-00571,Female,1,No,No,53,Yes,No,No,No internet service,No internet service,No internet service,No internet service,No internet service,No internet service,Month-to-month,Yes,Electronic check,44.67,2394.45,0
CUST-00572,Female,0,No,No,43,Yes,No,Fiber optic,No,Yes,No,No,No,Yes,Month-to-month,Yes,Mailed check,76.25,3318.79,0
CUST-00573,Male,0,Yes,No,36,Yes,Yes,DSL,Yes,No,Yes,No,No,No,One year,Yes,Credit card (automatic),93.57,3449.94,0
CUST-00574,Female,0,Yes,Yes,8,Yes,No,Fiber optic,No,No,No,No,Yes,No,Month-to-month,Yes,Credit card (automatic),79.45,746.19,1
CUST-00575,Female,0,No,Yes,12,Yes,Yes,DSL,No,No,No,No,No,No,Month-to-month,Yes,Bank transfer (automatic),87.26,1067.68,1
CUST-00576,Female,0,No,No,59,Yes,Yes,DSL,No,No,No,No,Yes,No,One year,No,Bank transfer (automatic),115.47,6717.33,0
CUST-00577,Male,0,No,No,1,Yes,No,Fiber optic,Yes,Yes,No,No,No,No,One year,Yes,Mailed check,18.25,62.08,0
CUST-00578,Female,1,No,No,59,Yes,Yes,Fiber optic,No,No,No,No,Yes,No,Two year,No,Mailed check,83.65,4922.31,0
CUST-00579,Female,1,Yes,No,56,Yes,No,Fiber optic,Yes,No,No,Yes,Yes,Yes,Month-to-month,Yes,Electronic check,18.99,978.88,0
CUST-00580,Male,0,No,No,42,Yes,Yes,Fiber optic,No,Yes,No,Yes,No,Yes,Month-to-month,Yes,Electronic check,74.71,3172.35,1
CUST-00581,Male,0,Yes,No,18,Yes,Yes,DSL,No,Yes,No,No,Yes,No,Month-to-month,Yes,Credit card (automatic),104.98,1911.61,1
CUST-00582,Female,0,No,No,10,Yes,No,Fiber optic,No,Yes,No,No,Yes,No,Month-to-month,No,Mailed check,68.17,641.42,1
CUST-00583,Female,0,Yes,Yes,46,Yes,No,Fiber optic,Yes,No,Yes,Yes,No,Yes,Month-to-month,Yes,Electronic check,53.03,2380.08,0
CUST-00584,Male,0,No,No,62,Yes,No,No,No internet service,No internet service,No internet service,No internet service,No internet service,No internet service,Month-to-month,No,Bank transfer (automatic),99.25,6223.29,0
CUST-00585,Female,0,No,Yes,6,Yes,Yes,DSL,Yes,Yes,No,No,No,Yes,Month-to-month,Yes,Bank transfer (automatic),74.33,471.29,0
CUST-00586,Male,0,Yes,Yes,30,No,No phone service,DSL,Yes,No,No,No,Yes,No,Month-to-month,No,Electronic check,78.89,2327.15,0
CUST-00587,Male,0,Yes,Yes,54,Yes,Yes,No,No internet service,No internet service,No internet service,No internet service,No internet service,No internet service,Month-to-month,Yes,Mailed check,118.75,6445.63,0
CUST-00588,Male,0,No,No,24,Yes,Yes,No,No internet service,No internet service,No internet service,No internet service,No internet service,No internet service,One year,No,Mailed check,35.66,834.83,0
CUST-00589,Male,1,No,Yes,71,Yes,No,No,No internet service,No internet service,No internet service,No internet service,No internet service,No internet service,One year,No,Bank transfer (automatic),63.95,4567.69,0
CUST-00590,Male,0,Yes,Yes,29,Yes,Yes,DSL,No,No,Yes,No,Yes,Yes,Month-to-month,No,Mailed check,83.43,2435.17,0
CUST-00591,Male,0,No,No,35,Yes,No,Fiber optic,Yes,Yes,No,No,Yes,No,One year,No,Mailed check,105.34,3558.68,0
CUST-00592,Female,0,No,No,49,No,No phone service,Fiber optic,No,No,No,No,No,Yes,Month-to-month,Yes,Electronic check,52.79,2592.12,1
CUST-00593,Male,0,Yes,No,13,Yes,No,No,No internet service,No internet service,No internet service,No internet service,No internet service,No internet service,Two year,No,Electronic check,61.53,791.56,0
CUST-00594,Male,1,Yes,No,28,Yes,Yes,DSL,No,No,No,No,No,Yes,Month-to-month,Yes,Mailed check,72.18,1984.02,0
CUST-00595,Female,0,No,Yes,26,Yes,No,DSL,No,Yes,Yes,Yes,No,No,Two year,Yes,Electronic check,69.81,1751.86,0
CUST-00596,Male,0,No,Yes,49,Yes,Yes,Fiber optic,No,No,No,Yes,Yes,Yes,Month-to-month,Yes,Credit card (automatic),94.24,4606.88,0
CUST-00597,Female,0,No,Yes,35,Yes,Yes,DSL,No,No,No,No,No,Yes,Two year,No,Bank transfer (automatic),73.61,2558.71,0
CUST-00598,Male,0,No,No,33,Yes,Yes,Fiber optic,No,No,No,Yes,No,Yes,Two year,Yes,Mailed check,90.82,3029.63,0
CUST-00599,Male,0,Yes,No,20,No,No phone service,No,No internet service,No internet service,No internet service,No internet service,No internet service,No internet service,Month-to-month,Yes,Mailed check,42.71,846.94,0
CUST-00600,Male,0,Yes,Yes,37,Yes,Yes,Fiber optic,No,No,No,No,No,No,Month-to-month,Yes,Electronic check,78.76,2918.55,1
CUST-00601,Male,0,Yes,No,49,Yes,No,Fiber optic,No,Yes,Yes,No,No,Yes,Month-to-month,No,Electronic check,77.67,3822.19,1
CUST-00602,Male,0,Yes,No,36,Yes,Yes,No,No internet service,No internet service,No internet service,No internet service,No internet service,No internet service,Month-to-month,No,Electronic check,96.09,3436.04,1
CUST-00603,Male,0,No,No,18,Yes,Yes,DSL,Yes,No,No,Yes,Yes,Yes,Month-to-month,Yes,Bank transfer (automatic),118.75,2087.68,0
CUST-00604,Male,0,No,No,0,Yes,No,DSL,No,No,No,No,Yes,Yes,Month-to-month,Yes,Bank transfer (automatic),93.91,0.0,1
CUST-00605,Male,0,Yes,Yes,39,Yes,Yes,Fiber optic,Yes,No,Yes,No,No,Yes,Month-to-month,No,Credit card (automatic),57.83,2251.48,0
CUST-00606,Male,0,Yes,Yes,54,Yes,No,DSL,No,No,No,No,Yes,Yes,Month-to-month,Yes,Bank transfer (automatic),93.33,5029.32,0
CUST-00607,Male,1,No,No,25,Yes,No,DSL,No,No,No,Yes,No,Yes,One year,Yes,Credit card (automatic),72.22,1876.17,0
CUST-00608,Male,1,No,No,42,Yes,No,Fiber optic,No,No,No,No,Yes,Yes,Month-to-month,Yes,Credit card (automatic),67.37,2923.9,1
CUST-00609,Female,0,No,No,58,Yes,Yes,No,No internet service,No internet service,No internet service,No internet service,No internet service,No internet service,Month-to-month,No,Credit card (automatic),64.83,3832.43,0
CUST-00610,Female,0,No,No,50,Yes,No,No,No internet service,No internet service,No internet service,No internet service,No internet service,No internet service,Month-to-month,Yes,Bank transfer (automatic),62.39,3099.98,0
CUST-00611,Male,0,No,No,14,Yes,No,Fiber optic,No,Yes,Yes,Yes,Yes,No,Month-to-month,Yes,Electronic check,43.33,623.98,0
CUST-00612,Female,0,No,No,7,Yes,No,DSL,Yes,No,No,No,Yes,No,Month-to-month,Yes,Electronic check,38.59,299.36,0
CUST-00613,Female,0,Yes,Yes,13,No,No phone service,DSL,No,Yes,No,No,No,Yes,Month-to-month,No,Credit card (automatic),88.18,1258.18,0
CUST-00614,Male,0,Yes,No,6,Yes,No,Fiber optic,No,Yes,No,Yes,Yes,Yes,Month-to-month,No,Electronic check,61.93,392.59,0
CUST-00615,Female,0,Yes,No,17,No,No phone service,DSL,No,Yes,No,No,No,Yes,Month-to-month,Yes,Electronic check,76.91,1330.7,1
CUST-00616,Female,0,Yes,No,11,Yes,Yes,DSL,Yes,No,Yes,No,No,No,Two year,No,Mailed check,49.78,496.92,0
CUST-00617,Male,1,No,No,1,Yes,No,Fiber optic,No,Yes,No,No,Yes,No,Two year,Yes,Bank transfer (automatic),84.62,21.86,1
CUST-00618,Male,0,No,No,49,Yes,No,Fiber optic,No,No,No,No,No,Yes,Two year,Yes,Credit card (automatic),59.21,2969.01,0
CUST-00619,Female,0,Yes,No,20,Yes,No,DSL,No,Yes,No,Yes,No,Yes,Month-to-month,Yes,Mailed check,39.31,803.49,0
CUST-00620,Female,0,Yes,No,6,Yes,Yes,Fiber optic,No,No,Yes,No,No,No,Month-to-month,No,Electronic check,110.04,682.6,1
CUST-00621,Male,0,Yes,No,11,Yes,No,Fiber optic,Yes,Yes,No,Yes,Yes,No,One year,Yes,Bank transfer (automatic),76.72,897.6,0
CUST-00622,Male,1,Yes,No,56,Yes,Yes,Fiber optic,No,Yes,Yes,No,No,Yes,Two year,Yes,Mailed check,69.97,3960.94,0
CUST-00623,Male,0,No,No,22,Yes,No,DSL,No,No,No,No,No,Yes,Month-to-month,No,Electronic check,68.25,1537.59,1
CUST-00624,Female,0,No,No,29,Yes,Yes,No,No internet service,No internet service,No internet service,No internet service,No internet service,No internet service,Two year,No,Credit card (automatic),65.05,1918.25,0
CUST-00625,Female,0,No,No,57,Yes,Yes,Fiber optic,No,No,No,No,Yes,No,One year,Yes,Bank transfer (automatic),90.25,5151.18,0
CUST-00626,Male,1,No,No,51,No,No phone service,DSL,No,No,No,No,Yes,No,Two year,Yes,Electronic check,38.4,1968.86,0
CUST-00627,Male,0,No,No,55,Yes,No,Fiber optic,No,Yes,No,No,Yes,Yes,Month-to-month,No,Electronic check,32.51,1833.85,0
CUST-00628,Female,0,No,No,9,Yes,No,Fiber optic,No,Yes,No,No,Yes,No,Month-to-month,Yes,Electronic check,74.06,619.62,1
CUST-00629,Male,0,Yes,No,18,Yes,Yes,Fiber optic,No,No,No,No,Yes,Yes,Month-to-month,Yes,Credit card (automatic),28.94,468.4,0
CUST-00630,Male,0,No,Yes,18,Yes,Yes,Fiber optic,No,No,Yes,No,Yes,No,One year,Yes,Mailed check,24.84,451.2,0
CUST-00631,Female,0,No,No,58,No,No phone service,Fiber optic,No,No,No,No,Yes,Yes,One year,Yes,Electronic check,100.63,5844.0,0
CUST-00632,Female,0,No,No,43,Yes,No,Fiber optic,No,Yes,Yes,No,Yes,Yes,Two year,Yes,Electronic check,80.14,3482.24,0
CUST-00633,Female,0,Yes,No,58,Yes,No,Fiber optic,No,No,Yes,No,No,No,Two year,No,Mailed check,82.56,4777.37,0
CUST-00634,Female,0,Yes,No,3,Yes,Yes,DSL,No,Yes,No,No,No,No,Month-to-month,Yes,Electronic check,42.45,88.45,1
CUST-00635,Male,0,Yes,No,64,No,No phone service,DSL,No,No,Yes,No,Yes,No,Month-to-month,No,Bank transfer (automatic),113.64,7303.05,0
CUST-00636,Male,0,No,Yes,12,Yes,Yes,DSL,No,Yes,Yes,No,Yes,No,Month-to-month,No,Mailed check,96.82,1229.17,0
CUST-00637,Female,0,Yes,No,66,Yes,Yes,Fiber optic,Yes,No,No,Yes,Yes,Yes,Two year,Yes,Credit card (automatic),45.19,3000.79,0
CUST-00638,Male,1,No,Yes,11,Yes,Yes,DSL,No,No,No,No,No,No,Month-to-month,Yes,Bank transfer (automatic),68.81,684.21,0
CUST-00639,Male,0,No,No,54,No,No phone service,Fiber optic,No,No,No,No,No,Yes,One year,Yes,Electronic check,67.26,3645.82,0
CUST-00640,Male,0,Yes,No,60,No,No phone service,DSL,No,Yes,No,No,Yes,No,Month-to-month,Yes,Electronic check,77.22,4536.63,0
CUST-00641,Male,0,No,No,40,Yes,No,Fiber optic,No,Yes,No,No,No,No,One year,Yes,Mailed check,102.75,4107.95,0
CUST-00642,Male,0,No,No,35,Yes,Yes,Fiber optic,No,No,Yes,No,Yes,No,Month-to-month,Yes,Bank transfer (automatic),65.34,2186.41,0
CUST-00643,Male,0,Yes,No,1,Yes,No,DSL,No,No,No,Yes,Yes,Yes,One year,Yes,Bank transfer (automatic),94.73,73.22,0
CUST-00644,Male,0,No,Yes,21,Yes,Yes,Fiber optic,No,No,No,No,Yes,Yes,Two year,Yes,Credit card (automatic),29.65,648.2,0
CUST-00645,Male,0,Yes,Yes,21,Yes,No,No,No internet service,No internet service,No internet service,No internet service,No internet service,No internet service,Month-to-month,No,Electronic check,57.54,1194.07,0
CUST-00646,Female,0,Yes,No,40,Yes,No,DSL,Yes,No,No,No,No,Yes,Month-to-month,Yes,Electronic check,65.51,2677.84,0
CUST-00647,Female,0,No,No,13,Yes,No,No,No internet service,No internet service,No internet service,No internet service,No internet service,No internet service,Two year,Yes,Bank transfer (automatic),58.29,768.72,0
CUST-00648,Female,0,No,No,34,Yes,Yes,Fiber optic,No,No,No,No,No,No,Month-to-month,Yes,Bank transfer (automatic),75.33,2505.04,1
CUST-00649,Female,0,No,Yes,49,Yes,No,Fiber optic,No,No,No,No,No,No,Month-to-month,Yes,Bank transfer (automatic),80.75,4001.78,0
CUST-00650,Female,0,No,Yes,8,Yes,No,DSL,No,Yes,No,No,Yes,Yes,Month-to-month,No,Electronic check,76.87,649.42,1
CUST-00651,Male,0,No,Yes,58,Yes,Yes,Fiber optic,Yes,Yes,No,No,No,No,Two year,Yes,Credit card (automatic),100.21,5875.87,0
CUST-00652,Female,0,No,Yes,55,Yes,No,Fiber optic,No,No,No,No,Yes,No,One year,Yes,Electronic check,95.98,5314.39,0
CUST-00653,Female,0,No,No,9,Yes,No,Fiber optic,Yes,Yes,Yes,No,Yes,Yes,Month-to-month,No,Electronic check,33.7,326.79,0
CUST-00654,Female,0,No,Yes,24,Yes,No,No,No internet service,No internet service,No internet service,No internet service,No internet service,No internet service,Month-to-month,Yes,Electronic check,77.08,1800.27,1
CUST-00655,Male,0,Yes,No,44,Yes,No,Fiber optic,No,Yes,Yes,No,No,No,Two year,Yes,Electronic check,60.81,2716.3,0
CUST-00656,Male,0,No,Yes,10,No,No phone service,DSL,Yes,No,No,No,Yes,Yes,Month-to-month,Yes,Bank transfer (automatic),91.88,911.48,0
CUST-00657,Male,0,Yes,No,8,Yes,No,DSL,No,No,Yes,No,Yes,Yes,Month-to-month,Yes,Electronic check,103.5,868.3,1
CUST-00658,Male,1,No,No,6,Yes,No,DSL,No,No,No,No,Yes,No,Month-to-month,No,Mailed check,91.87,662.73,1
CUST-00659,Female,1,Yes,Yes,70,Yes,Yes,No,No internet service,No internet service,No internet service,No internet service,No internet service,No internet service,Month-to-month,Yes,Electronic check,118.75,8372.84,1
CUST-00660,Female,0,No,No,33,No,No phone service,DSL,No,No,Yes,No,No,Yes,Month-to-month,No,Electronic check,93.41,3096.78,1
CUST-00661,Male,0,Yes,No,19,Yes,Yes,Fiber optic,No,Yes,No,No,No,Yes,One year,Yes,Credit card (automatic),97.61,1858.26,0
CUST-00662,Female,0,Yes,Yes,4,Yes,Yes,DSL,No,No,Yes,No,Yes,No,Two year,Yes,Credit card (automatic),50.7,181.91,0
CUST-00663,Female,0,No,No,54,Yes,No,No,No internet service,No internet service,No internet service,No internet service,No internet service,No internet service,Month-to-month,No,Mailed check,76.88,4035.37,0
CUST-00664,Male,0,Yes,No,14,No,No phone service,Fiber optic,No,No,No,No,Yes,No,Month-to-month,Yes,Mailed check,89.19,1250.98,1
CUST-00665,Male,0,No,No,47,Yes,Yes,No,No internet service,No internet service,No internet service,No internet service,No internet service,No internet service,Month-to-month,Yes,Credit card (automatic),83.74,3910.09,0
CUST-00666,Male,0,Yes,No,3,Yes,Yes,Fiber optic,Yes,Yes,No,No,No,No,Month-to-month,No,Bank transfer (automatic),47.58,158.84,0
CUST-00667,Male,0,Yes,No,20,No,No phone service,No,No internet service,No internet service,No internet service,No internet service,No internet service,No internet service,Two year,Yes,Bank transfer (automatic),49.69,967.99,0
CUST-00668,Male,0,Yes,Yes,8,Yes,Yes,DSL,No,Yes,No,No,No,Yes,Month-to-month,Yes,Mailed check,25.85,217.85,0
CUST-00669,Male,0,No,No,65,Yes,Yes,DSL,No,No,Yes,No,No,No,Month-to-month,Yes,Bank transfer (automatic),88.33,5803.75,0
CUST-00670,Male,0,Yes,Yes,34,Yes,Yes,DSL,Yes,Yes,Yes,No,No,Yes,Month-to-month,Yes,Mailed check,48.96,1672.48,0
CUST-00671,Male,1,No,No,50,Yes,No,Fiber optic,Yes,Yes,No,No,No,No,Month-to-month,No,Mailed check,93.74,4632.69,0
CUST-00672,Female,0,Yes,No,36,Yes,Yes,Fiber optic,No,No,No,Yes,No,No,Month-to-month,No,Mailed check,93.1,3310.06,0
CUST-00673,Male,0,Yes,Yes,5,Yes,No,DSL,Yes,No,No,No,Yes,Yes,Month-to-month,No,Credit card (automatic),76.24,415.74,0
CUST-00674,Female,0,Yes,No,50,Yes,Yes,DSL,No,No,Yes,No,No,No,One year,No,Electronic check,86.82,4378.65,0
CUST-00675,Male,1,Yes,No,65,Yes,Yes,Fiber optic,No,No,No,Yes,Yes,Yes,Month-to-month,Yes,Electronic check,104.49,6748.27,1
CUST-00676,Female,0,No,No,16,Yes,Yes,DSL,No,No,No,No,No,No,Two year,No,Electronic check,100.97,1614.08,0
CUST-00677,Male,0,No,No,64,Yes,Yes,Fiber optic,Yes,No,Yes,No,No,No,Month-to-month,No,Mailed check,23.12,1524.91,0
CUST-00678,Male,0,No,No,8,Yes,Yes,DSL,No,No,Yes,No,Yes,No,One year,Yes,Bank transfer (automatic),88.74,795.96,0
CUST-00679,Female,0,Yes,No,12,Yes,Yes,Fiber optic,No,No,No,Yes,No,No,Month-to-month,Yes,Electronic check,83.84,1014.9,0
CUST-00680,Female,0,Yes,No,57,Yes,Yes,Fiber optic,Yes,Yes,Yes,No,Yes,Yes,Month-to-month,No,Bank transfer (automatic),85.31,4852.72,0
CUST-00681,Female,0,Yes,No,29,No,No phone service,Fiber optic,No,Yes,No,Yes,Yes,No,Month-to-month,Yes,Bank transfer (automatic),85.85,2471.17,0
CUST-00682,Male,0,No,Yes,30,Yes,Yes,DSL,No,No,No,Yes,No,No,Month-to-month,No,Electronic check,66.28,1995.56,0
CUST-00683,Male,1,Yes,Yes,22,Yes,No,DSL,No,No,No,No,Yes,No,Month-to-month,Yes,Electronic check,18.25,470.95,0
CUST-00684,Female,0,No,No,62,Yes,No,No,No internet service,No internet service,No internet service,No internet service,No internet service,No internet service,Month-to-month,No,Credit card (automatic),63.47,3942.38,0
CUST-00685,Female,0,Yes,No,27,No,No phone service,Fiber optic,Yes,Yes,No,Yes,No,Yes,Month-to-month,Yes,Mailed check,28.05,782.35,0
CUST-00686,Female,0,Yes,No,58,Yes,Yes,Fiber optic,No,Yes,No,Yes,Yes,No,One year,No,Bank transfer (automatic),36.76,2061.0,0
CUST-00687,Female,0,Yes,No,9,Yes,No,Fiber optic,No,No,No,Yes,No,Yes,Month-to-month,No,Credit card (automatic),97.99,961.63,1
CUST-00688,Male,1,Yes,Yes,25,Yes,Yes,DSL,No,No,No,No,Yes,No,Month-to-month,Yes,Electronic check,59.86,1563.34,1
CUST-00689,Female,0,No,Yes,16,Yes,Yes,No,No internet service,No internet service,No internet service,No internet service,No internet service,No internet service,Month-to-month,Yes,Electronic check,78.94,1248.23,0
CUST-00690,Male,0,Yes,No,39,No,No phone service,Fiber optic,No,No,Yes,No,No,No,One year,Yes,Mailed check,75.53,2940.45,0
CUST-00691,Male,0,No,Yes,67,Yes,No,Fiber optic,No,No,No,No,No,No,Two year,Yes,Electronic check,112.78,7615.23,0
CUST-00692,Male,0,Yes,No,22,Yes,Yes,No,No internet service,No internet service,No internet service,No internet service,No internet service,No internet service,Month-to-month,Yes,Credit card (automatic),74.92,1795.5,0
CUST-00693,Female,0,No,No,34,Yes,No,DSL,No,No,Yes,No,Yes,Yes,Month-to-month,Yes,Electronic check,59.78,1948.28,0
CUST-00694,Male,0,Yes,Yes,8,Yes,Yes,Fiber optic,No,Yes,Yes,No,No,Yes,Month-to-month,No,Electronic check,108.13,839.49,1
CUST-00695,Male,0,No,Yes,44,Yes,No,No,No internet service,No internet service,No internet service,No internet service,No internet service,No internet service,One year,Yes,Electronic check,63.64,2780.45,0
CUST-00696,Female,0,No,No,36,No,No phone service,DSL,No,No,Yes,No,Yes,Yes,Month-to-month,Yes,Credit card (automatic),85.43,3127.53,0
CUST-00697,Male,0,No,No,68,Yes,No,DSL,Yes,No,No,No,No,No,One year,No,Bank transfer (automatic),91.89,6266.24,0
CUST-00698,Female,0,Yes,No,18,Yes,No,Fiber optic,No,No,No,No,Yes,No,Two year,No,Bank transfer (automatic),41.45,720.48,0
CUST-00699,Male,1,No,No,72,Yes,No,DSL,No,Yes,No,No,No,No,One year,Yes,Electronic check,103.01,7345.91,0
CUST-00700,Female,0,Yes,No,26,Yes,No,No,No internet service,No internet service,No internet service,No internet service,No internet service,No internet service,One year,Yes,Electronic check,107.46,2844.53,1
CUST-00701,Female,0,Yes,Yes,12,Yes,Yes,DSL,No,No,No,Yes,Yes,Yes,One year,Yes,Bank transfer (automatic),43.32,509.83,0
CUST-00702,Male,0,Yes,Yes,56,Yes,Yes,Fiber optic,Yes,No,No,No,Yes,No,Month-to-month,No,Mailed check,78.52,4339.23,0
CUST-00703,Male,0,Yes,No,59,Yes,No,Fiber optic,Yes,Yes,No,No,Yes,No,Month-to-month,No,Electronic check,111.69,6555.6,1
CUST-00704,Male,0,No,Yes,11,Yes,Yes,DSL,No,Yes,No,No,Yes,Yes,One year,No,Mailed check,30.89,318.53,0
CUST-00705,Male,1,Yes,Yes,8,Yes,No,No,No internet service,No internet service,No internet service,No internet service,No internet service,No internet service,Month-to-month,No,Mailed check,86.83,679.64,0
CUST-00706,Female,0,No,No,26,No,No phone service,Fiber optic,No,No,No,No,No,No,One year,No,Electronic check,42.38,1049.64,0
CUST-00707,Male,1,No,No,62,Yes,No,DSL,No,No,No,No,No,No,Month-to-month,Yes,Bank transfer (automatic),70.62,4326.83,0
CUST-00708,Female,0,No,Yes,28,Yes,Yes,DSL,No,No,Yes,No,Yes,No,Month-to-month,Yes,Electronic check,68.61,2039.56,1
CUST-00709,Male,0,No,No,21,Yes,Yes,Fiber optic,Yes,No,Yes,Yes,No,No,Two year,No,Credit card (automatic),43.46,929.14,0
CUST-00710,Female,1,Yes,No,72,Yes,Yes,No,No internet service,No internet service,No internet service,No internet service,No internet service,No internet service,Month-to-month,Yes,Bank transfer (automatic),57.23,4099.99,0
CUST-00711,Female,0,No,Yes,18,Yes,No,Fiber optic,Yes,No,No,No,Yes,No,Two year,Yes,Credit card (automatic),70.68,1291.14,0
CUST-00712,Female,1,Yes,No,37,No,No phone service,Fiber optic,No,No,No,No,Yes,No,Two year,Yes,Mailed check,109.56,4061.75,1
CUST-00713,Male,0,No,Yes,38,Yes,No,DSL,No,No,Yes,No,No,Yes,Two year,Yes,Mailed check,87.3,3272.07,0
CUST-00714,Male,1,No,No,14,No,No phone service,No,No internet service,No internet service,No internet service,No internet service,No internet service,No internet service,Month-to-month,Yes,Bank transfer (automatic),30.97,337.81,0
CUST-00715,Male,0,No,Yes,53,Yes,No,Fiber optic,No,No,Yes,No,No,Yes,Two year,Yes,Mailed check,89.0,4690.46,0
CUST-00716,Female,0,Yes,No,31,Yes,Yes,Fiber optic,No,No,No,No,No,Yes,Month-to-month,No,Mailed check,75.33,2326.1,0
CUST-00717,Female,0,Yes,Yes,45,No,No phone service,Fiber optic,No,Yes,No,No,Yes,No,Month-to-month,No,Mailed check,60.42,2713.42,0
CUST-00718,Female,0,Yes,No,60,Yes,No,Fiber optic,No,No,Yes,No,No,Yes,Month-to-month,No,Mailed check,67.4,3952.43,0
CUST-00719,Male,0,Yes,No,51,Yes,Yes,No,No internet service,No internet service,No internet service,No internet service,No internet service,No internet service,Month-to-month,Yes,Bank transfer (automatic),89.52,4689.52,0
CUST-00720,Female,0,Yes,No,33,Yes,No,Fiber optic,No,No,Yes,No,Yes,Yes,Month-to-month,Yes,Mailed check,35.28,1284.38,0
CUST-00721,Female,0,No,No,72,Yes,No,No,No internet service,No internet service,No internet service,No internet service,No internet service,No internet service,Month-to-month,Yes,Credit card (automatic),63.83,4618.0,0
CUST-00722,Male,0,Yes,Yes,34,Yes,Yes,Fiber optic,Yes,Yes,Yes,Yes,No,Yes,Two year,Yes,Bank transfer (automatic),46.09,1568.33,0
CUST-00723,Male,0,Yes,No,69,Yes,No,Fiber optic,No,No,No,No,No,No,Two year,Yes,Bank transfer (automatic),59.6,4084.16,0
CUST-00724,Female,0,No,Yes,36,Yes,No,No,No internet service,No internet service,No internet service,No internet service,No internet service,No internet service,One year,Yes,Credit card (automatic),83.23,3025.21,0
CUST-00725,Female,0,No,No,60,Yes,No,DSL,No,No,No,No,Yes,No,Month-to-month,Yes,Mailed check,79.55,4767.15,0
CUST-00726,Female,0,Yes,Yes,48,Yes,No,Fiber optic,Yes,No,No,No,Yes,Yes,Month-to-month,No,Credit card (automatic),93.45,4548.21,0
CUST-00727,Male,0,Yes,No,8,No,No phone service,Fiber optic,Yes,No,No,No,Yes,Yes,Month-to-month,Yes,Electronic check,18.25,191.7,0
CUST-00728,Female,0,Yes,No,18,Yes,Yes,No,No internet service,No internet service,No internet service,No internet service,No internet service,No internet service,One year,Yes,Electronic check,65.75,1140.97,0
CUST-00729,Male,0,Yes,No,27,Yes,No,DSL,Yes,No,No,No,No,No,Two year,Yes,Bank transfer (automatic),71.08,1884.77,0
CUST-00730,Male,1,No,Yes,25,Yes,No,DSL,No,No,Yes,No,No,No,Two year,Yes,Electronic check,32.52,861.48,0
CUST-00731,Male,0,Yes,No,37,Yes,No,DSL,Yes,Yes,Yes,No,No,No,Two year,Yes,Bank transfer (automatic),57.93,2178.14,0
CUST-00732,Female,0,No,No,39,Yes,Yes,DSL,No,No,Yes,No,No,No,Month-to-month,Yes,Electronic check,74.88,2864.66,0
CUST-00733,Female,0,No,No,24,Yes,Yes,DSL,No,No,No,No,No,Yes,Month-to-month,No,Credit card (automatic),81.35,1929.54,0
CUST-00734,Female,0,No,No,68,Yes,Yes,Fiber optic,No,No,Yes,No,No,No,Month-to-month,No,Mailed check,88.13,5985.14,0
CUST-00735,Male,0,Yes,No,70,No,No phone service,No,No internet service,No internet service,No internet service,No internet service,No internet service,No internet service,Month-to-month,Yes,Electronic check,30.44,2128.96,0
CUST-00736,Female,0,Yes,No,22,Yes,No,Fiber optic,No,No,No,No,No,Yes,One year,No,Mailed check,57.3,1257.01,0
CUST-00737,Male,0,No,Yes,64,Yes,No,DSL,Yes,No,No,Yes,Yes,No,Two year,Yes,Bank transfer (automatic),40.65,2646.56,0
CUST-00738,Female,0,Yes,No,21,Yes,No,No,No internet service,No internet service,No internet service,No internet service,No internet service,No internet service,Month-to-month,No,Credit card (automatic),72.77,1535.46,0
CUST-00739,Male,0,Yes,No,63,Yes,Yes,Fiber optic,No,No,No,No,No,No,Two year,No,Mailed check,67.97,4286.15,0
CUST-00740,Male,0,Yes,No,67,Yes,No,DSL,No,No,No,Yes,No,Yes,Month-to-month,No,Electronic check,63.67,4228.05,0
CUST-00741,Male,1,Yes,No,57,Yes,Yes,Fiber optic,Yes,No,No,No,Yes,Yes,One year,No,Credit card (automatic),118.75,6777.13,0
CUST-00742,Male,0,No,No,27,Yes,Yes,Fiber optic,No,No,Yes,No,Yes,No,Month-to-month,No,Credit card (automatic),47.45,1279.71,0
CUST-00743,Female,0,Yes,No,67,Yes,No,Fiber optic,Yes,No,Yes,No,Yes,Yes,Month-to-month,Yes,Electronic check,78.89,5261.64,0
CUST-00744,Female,1,No,No,3,Yes,Yes,Fiber optic,No,Yes,No,No,No,No,One year,Yes,Electronic check,82.38,189.61,1
CUST-00745,Male,0,Yes,No,0,Yes,Yes,DSL,No,Yes,No,No,No,No,Month-to-month,Yes,Mailed check,78.95,0.0,0
CUST-00746,Female,0,No,No,25,Yes,Yes,No,No internet service,No internet service,No internet service,No internet service,No internet service,No internet service,Month-to-month,Yes,Mailed check,87.93,2287.24,0
CUST-00747,Male,0,No,No,32,Yes,No,DSL,Yes,Yes,No,No,Yes,No,One year,Yes,Mailed check,83.33,2678.79,0
CUST-00748,Female,1,No,Yes,26,Yes,No,Fiber optic,No,No,Yes,No,No,No,Month-to-month,Yes,Electronic check,65.35,1770.83,1
CUST-00749,Female,1,Yes,Yes,41,No,No phone service,Fiber optic,No,No,Yes,No,Yes,No,Two year,No,Electronic check,75.97,3126.25,0
CUST-00750,Female,0,Yes,Yes,68,No,No phone service,DSL,Yes,No,No,Yes,No,Yes,Two year,No,Mailed check,63.04,4217.38,0
CUST-00751,Male,0,Yes,No,70,Yes,No,DSL,No,Yes,Yes,No,No,No,Month-to-month,No,Electronic check,61.17,4296.91,0
CUST-00752,Female,0,No,No,63,Yes,No,DSL,No,No,No,Yes,No,No,Month-to-month,Yes,Electronic check,45.79,2867.79,0
CUST-00753,Female,0,No,No,24,Yes,No,DSL,No,No,No,No,Yes,Yes,Month-to-month,Yes,Mailed check,93.02,2256.27,0
CUST-00754,Male,0,No,No,71,Yes,No,DSL,No,No,Yes,No,Yes,No,Month-to-month,No,Electronic check,107.46,7708.2,1
CUST-00755,Male,1,Yes,No,3,Yes,No,Fiber optic,Yes,No,Yes,No,Yes,No,Month-to-month,No,Mailed check,55.74,141.88,0
CUST-00756,Female,0,No,No,11,Yes,No,Fiber optic,No,Yes,No,Yes,No,No,Month-to-month,Yes,Bank transfer (automatic),69.59,784.87,0
CUST-00757,Female,0,Yes,No,57,Yes,No,Fiber optic,No,No,No,Yes,Yes,Yes,Two year,No,Electronic check,117.91,6763.93,0
CUST-00758,Female,0,No,Yes,10,Yes,No,Fiber optic,Yes,No,Yes,Yes,No,No,Month-to-month,Yes,Bank transfer (automatic),99.44,1062.11,0
CUST-00759,Female,0,Yes,Yes,58,Yes,No,No,No internet service,No internet service,No internet service,No internet service,No internet service,No internet service,Month-to-month,No,Mailed check,100.33,5868.43,0
CUST-00760,Female,0,No,Yes,35,Yes,Yes,No,No internet service,No internet service,No internet service,No internet service,No internet service,No internet service,One year,Yes,Electronic check,81.59,2799.9,0
CUST-00761,Male,0,Yes,Yes,21,Yes,No,DSL,No,No,Yes,No,Yes,No,One year,No,Bank transfer (automatic),57.22,1145.81,0
CUST-00762,Male,1,Yes,Yes,64,Yes,No,Fiber optic,No,Yes,Yes,Yes,Yes,No,Two year,No,Electronic check,66.0,4262.25,0
CUST-00763,Male,1,No,No,49,Yes,No,DSL,No,No,No,No,Yes,No,One year,Yes,Electronic check,82.69,4032.58,0
CUST-00764,Female,0,Yes,Yes,3,Yes,Yes,DSL,Yes,No,Yes,No,No,No,Month-to-month,Yes,Electronic check,81.38,194.95,1
CUST-00765,Male,1,No,Yes,71,Yes,No,Fiber optic,Yes,No,No,No,Yes,No,Two year,No,Mailed check,55.64,4009.86,0
CUST-00766,Female,0,No,Yes,51,Yes,No,Fiber optic,No,Yes,Yes,No,Yes,No,Month-to-month,Yes,Mailed check,108.24,5501.76,1
CUST-00767,Female,0,No,No,42,Yes,Yes,Fiber optic,No,No,No,Yes,No,No,Two year,Yes,Electronic check,111.02,4744.36,0
CUST-00768,Female,0,Yes,No,45,Yes,No,Fiber optic,No,No,No,Yes,Yes,Yes,Month-to-month,Yes,Credit card (automatic),96.1,4302.48,0
CUST-00769,Male,0,Yes,No,3,Yes,No,DSL,No,Yes,No,No,No,No,Month-to-month,No,Electronic check,108.01,286.69,1
CUST-00770,Female,1,No,Yes,12,Yes,Yes,No,No internet service,No internet service,No internet service,No internet service,No internet service,No internet service,One year,Yes,Electronic check,87.62,1048.22,1
CUST-00771,Male,0,Yes,No,37,Yes,Yes,DSL,No,No,Yes,No,No,Yes,Month-to-month,No,Electronic check,81.99,3071.54,1
CUST-00772,Female,0,No,Yes,44,Yes,No,DSL,Yes,No,No,No,Yes,Yes,Month-to-month,Yes,Electronic check,77.39,3419.81,0
CUST-00773,Male,0,Yes,Yes,24,Yes,No,DSL,No,No,No,No,No,No,One year,Yes,Credit card (automatic),65.41,1664.42,0
CUST-00774,Male,0,Yes,No,66,Yes,Yes,No,No internet service,No internet service,No internet service,No internet service,No internet service,No internet service,Month-to-month,Yes,Bank transfer (automatic),79.04,5225.22,0
CUST-00775,Female,0,Yes,No,54,Yes,Yes,Fiber optic,No,Yes,Yes,No,No,Yes,Month-to-month,Yes,Bank transfer (automatic),51.48,2771.09,0
CUST-00776,Male,0,Yes,No,38,Yes,Yes,Fiber optic,Yes,No,No,Yes,Yes,No,Month-to-month,Yes,Mailed check,73.19,2856.68,0
CUST-00777,Male,0,Yes,No,64,Yes,Yes,Fiber optic,No,No,Yes,No,No,Yes,Two year,No,Mailed check,49.68,3209.28,0
CUST-00778,Female,0,No,No,1,Yes,Yes,Fiber optic,No,Yes,No,Yes,No,No,Month-to-month,No,Credit card (automatic),50.12,29.44,0
CUST-00779,Female,0,No,Yes,68,No,No phone service,No,No internet service,No internet service,No internet service,No internet service,No internet service,No internet service,One year,Yes,Electronic check,110.16,7502.81,0
CUST-00780,Female,0,Yes,No,61,No,No phone service,Fiber optic,No,No,Yes,Yes,Yes,No,Month-to-month,No,Electronic check,108.03,6600.74,1
CUST-00781,Female,0,No,Yes,45,Yes,No,No,No internet service,No internet service,No internet service,No internet service,No internet service,No internet service,Month-to-month,Yes,Electronic check,55.32,2479.13,0
CUST-00782,Female,0,Yes,No,30,Yes,Yes,No,No internet service,No internet service,No internet service,No internet service,No internet service,No internet service,Month-to-month,No,Electronic check,95.92,2886.72,1
CUST-00783,Male,0,No,Yes,34,Yes,No,Fiber optic,No,No,No,No,Yes,Yes,One year,Yes,Bank transfer (automatic),60.01,1975.96,0
CUST-00784,Male,0,No,No,44,No,No phone service,Fiber optic,Yes,Yes,No,No,No,No,Month-to-month,Yes,Electronic check,59.51,2600.64,0
CUST-00785,Male,0,No,No,53,Yes,No,No,No internet service,No internet service,No internet service,No internet service,No internet service,No internet service,Month-to-month,No,Credit card (automatic),112.17,5966.57,0
CUST-00786,Female,1,Yes,No,70,Yes,No,Fiber optic,Yes,Yes,No,Yes,No,Yes,Month-to-month,Yes,Electronic check,52.36,3638.79,0
CUST-00787,Female,0,Yes,Yes,68,Yes,No,Fiber optic,No,No,Yes,No,No,No,Two year,No,Electronic check,34.76,2319.1,0
CUST-00788,Male,0,Yes,No,28,Yes,Yes,Fiber optic,Yes,Yes,No,Yes,Yes,No,Two year,Yes,Credit card (automatic),57.25,1600.97,0
CUST-00789,Male,1,No,No,71,Yes,No,Fiber optic,No,No,No,Yes,No,Yes,Month-to-month,No,Bank transfer (automatic),64.81,4577.87,0
CUST-00790,Female,0,Yes,No,7,Yes,No,DSL,Yes,No,Yes,No,No,Yes,Month-to-month,No,Bank transfer (automatic),61.64,365.38,0
CUST-00791,Male,0,No,No,53,Yes,No,DSL,Yes,No,Yes,No,No,Yes,One year,Yes,Electronic check,34.34,1755.16,0
CUST-00792,Female,0,Yes,No,6,Yes,No,Fiber optic,No,No,No,No,No,Yes,Two year,No,Mailed check,79.61,498.06,0
CUST-00793,Female,1,No,Yes,22,No,No phone service,DSL,No,Yes,No,No,No,Yes,Month-to-month,Yes,Credit card (automatic),118.75,2617.03,1
CUST-00794,Female,1,Yes,No,31,Yes,Yes,Fiber optic,No,No,No,No,No,Yes,One year,Yes,Bank transfer (automatic),81.85,2553.05,0
CUST-00795,Male,0,Yes,Yes,61,Yes,No,Fiber optic,Yes,Yes,Yes,No,Yes,No,Two year,No,Mailed check,72.94,4434.41,0
CUST-00796,Female,0,Yes,Yes,44,Yes,Yes,DSL,No,No,No,No,Yes,No,Month-to-month,Yes,Electronic check,92.82,4008.41,0
CUST-00797,Female,0,Yes,No,67,Yes,Yes,DSL,No,Yes,No,No,Yes,No,Month-to-month,Yes,Electronic check,81.18,5395.35,0
CUST-00798,Female,1,Yes,No,29,Yes,Yes,No,No internet service,No internet service,No internet service,No internet service,No internet service,No internet service,Month-to-month,No,Credit card (automatic),75.46,2172.24,0
CUST-00799,Female,1,No,Yes,38,Yes,No,Fiber optic,No,No,Yes,No,No,Yes,Two year,Yes,Bank transfer (automatic),73.22,2804.16,0
CUST-00800,Female,0,Yes,Yes,4,No,No phone service,DSL,Yes,Yes,No,Yes,No,No,One year,No,Bank transfer (automatic),75.99,216.53,0
CUST-00801,Female,0,Yes,No,66,Yes,No,No,No internet service,No internet service,No internet service,No internet service,No internet service,No internet service,Month-to-month,No,Bank transfer (automatic),68.9,4431.84,0
CUST-00802,Male,0,No,Yes,21,Yes,No,Fiber optic,No,No,No,Yes,No,No,Month-to-month,No,Credit card (automatic),32.21,748.86,0
CUST-00803,Female,0,Yes,No,27,Yes,No,DSL,No,No,No,No,Yes,No,One year,Yes,Bank transfer (automatic),118.75,3236.14,0
CUST-00804,Female,0,No,No,21,Yes,No,Fiber optic,No,No,No,No,Yes,No,Month-to-month,Yes,Mailed check,86.17,1765.77,1
CUST-00805,Male,0,No,No,28,Yes,No,DSL,No,Yes,No,No,No,Yes,Month-to-month,Yes,Electronic check,56.35,1566.07,0
CUST-00806,Female,0,Yes,Yes,42,Yes,Yes,No,No internet service,No internet service,No internet service,No internet service,No internet service,No internet service,Month-to-month,Yes,Bank transfer (automatic),84.61,3532.56,0
CUST-00807,Female,0,Yes,Yes,41,Yes,Yes,Fiber optic,No,Yes,No,Yes,No,Yes,Month-to-month,Yes,Electronic check,47.44,1959.52,0
CUST-00808,Female,1,Yes,No,59,Yes,No,Fiber optic,No,No,Yes,No,Yes,Yes,Month-to-month,Yes,Bank transfer (automatic),87.71,5149.52,1
CUST-00809,Male,0,No,No,70,Yes,No,No,No internet service,No internet service,No internet service,No internet service,No internet service,No internet service,One year,Yes,Electronic check,98.29,6822.87,0
CUST-00810,Male,0,No,Yes,67,No,No phone service,DSL,Yes,No,No,Yes,No,Yes,One year,No,Electronic check,105.13,7068.18,0
CUST-00811,Female,0,No,Yes,58,Yes,No,DSL,Yes,No,Yes,No,No,No,One year,No,Electronic check,92.28,5442.96,0
CUST-00812,Female,1,No,Yes,5,Yes,No,DSL,No,Yes,No,No,Yes,Yes,Two year,No,Electronic check,65.95,356.24,0
CUST-00813,Male,0,Yes,No,72,Yes,No,DSL,No,No,No,No,Yes,No,Month-to-month,No,Mailed check,105.61,7607.67,0
CUST-00814,Female,0,No,No,27,No,No phone service,Fiber optic,Yes,No,No,No,Yes,Yes,Month-to-month,Yes,Electronic check,59.95,1607.94,0
CUST-00815,Female,0,No,No,30,Yes,No,Fiber optic,Yes,No,No,Yes,No,No,Month-to-month,Yes,Electronic check,81.62,2409.16,1
CUST-00816,Female,0,No,No,38,Yes,Yes,DSL,No,No,Yes,No,Yes,Yes,Month-to-month,Yes,Mailed check,57.04,2147.14,0
CUST-00817,Female,0,No,No,49,Yes,No,DSL,No,Yes,No,No,Yes,Yes,Two year,Yes,Credit card (automatic),82.55,4064.57,0
CUST-00818,Male,0,No,No,36,Yes,No,DSL,No,Yes,Yes,No,No,No,Month-to-month,Yes,Electronic check,112.35,4103.96,1
CUST-00819,Male,1,Yes,Yes,71,Yes,Yes,No,No internet service,No internet service,No internet service,No internet service,No internet service,No internet service,Month-to-month,No,Electronic check,99.18,7103.37,1
CUST-00820,Male,0,Yes,Yes,14,Yes,Yes,Fiber optic,No,Yes,No,No,No,No,Month-to-month,Yes,Mailed check,95.0,1338.52,1
CUST-00821,Female,1,Yes,Yes,50,Yes,No,Fiber optic,No,No,Yes,No,Yes,Yes,Month-to-month,Yes,Credit card (automatic),104.79,5248.84,1
CUST-00822,Male,0,Yes,No,69,Yes,Yes,DSL,Yes,No,No,No,Yes,No,Month-to-month,No,Electronic check,77.83,5372.88,0
CUST-00823,Male,0,No,No,22,Yes,Yes,Fiber optic,No,No,No,No,No,Yes,Month-to-month,No,Electronic check,51.23,1155.61,1
CUST-00824,Male,0,Yes,No,24,Yes,Yes,DSL,Yes,No,Yes,No,Yes,Yes,Month-to-month,Yes,Bank transfer (automatic),26.99,650.16,0
CUST-00825,Female,0,No,Yes,45,Yes,Yes,No,No internet service,No internet service,No internet service,No internet service,No internet service,No internet service,Month-to-month,Yes,Mailed check,49.15,2214.97,0
CUST-00826,Female,0,Yes,Yes,22,Yes,Yes,Fiber optic,No,No,No,No,Yes,No,Month-to-month,No,Credit card (automatic),75.98,1628.55,1
CUST-00827,Male,0,Yes,Yes,9,Yes,No,Fiber optic,No,No,No,No,Yes,No,One year,Yes,Mailed check,20.43,139.67,0
CUST-00828,Male,0,No,No,72,Yes,No,Fiber optic,Yes,No,No,No,Yes,Yes,Month-to-month,Yes,Mailed check,84.43,6044.4,0
CUST-00829,Female,0,No,Yes,31,Yes,Yes,Fiber optic,Yes,No,Yes,No,Yes,Yes,Two year,No,Mailed check,86.65,2698.15,0
CUST-00830,Male,0,No,Yes,50,Yes,Yes,DSL,No,No,No,No,No,No,Month-to-month,Yes,Electronic check,37.84,1876.68,0
CUST-00831,Male,1,Yes,No,40,Yes,Yes,DSL,Yes,No,No,Yes,Yes,No,Month-to-month,Yes,Electronic check,97.54,4030.72,1
CUST-00832,Male,0,Yes,Yes,64,Yes,No,Fiber optic,No,Yes,Yes,No,Yes,Yes,One year,Yes,Electronic check,68.35,4393.8,0
CUST-00833,Male,0,Yes,No,64,Yes,Yes,DSL,No,No,No,No,Yes,No,Two year,Yes,Bank transfer (automatic),38.01,2511.18,0
CUST-00834,Male,0,Yes,Yes,39,No,No phone service,DSL,No,No,Yes,No,Yes,Yes,Month-to-month,Yes,Credit card (automatic),33.1,1365.14,0
CUST-00835,Female,0,Yes,No,17,Yes,Yes,Fiber optic,No,No,No,No,Yes,No,One year,No,Electronic check,70.97,1227.72,0
CUST-00836,Male,0,No,No,35,Yes,No,No,No internet service,No internet service,No internet service,No internet service,No internet service,No internet service,One year,No,Electronic check,76.98,2692.26,0
CUST-00837,Female,1,No,No,30,Yes,Yes,No,No internet service,No internet service,No internet service,No internet service,No internet service,No internet service,One year,No,Mailed check,73.8,2169.05,0
CUST-00838,Male,0,No,No,53,Yes,Yes,DSL,Yes,No,No,No,Yes,No,Month-to-month,No,Mailed check,103.29,5444.28,0
CUST-00839,Female,0,No,No,62,Yes,Yes,DSL,Yes,No,No,Yes,Yes,No,One year,Yes,Electronic check,80.16,5011.94,0
CUST-00840,Female,0,Yes,No,0,Yes,No,Fiber optic,No,No,Yes,No,No,Yes,Month-to-month,No,Credit card (automatic),55.49,0.0,0
CUST-00841,Male,0,No,No,51,Yes,Yes,No,No internet service,No internet service,No internet service,No internet service,No internet service,No internet service,Month-to-month,No,Credit card (automatic),69.07,3490.45,0
CUST-00842,Female,0,Yes,No,56,Yes,Yes,No,No internet service,No internet service,No internet service,No internet service,No internet service,No internet service,One year,No,Credit card (automatic),104.82,5859.55,0
CUST-00843,Male,0,No,No,8,Yes,No,No,No internet service,No internet service,No internet service,No internet service,No internet service,No internet service,One year,No,Electronic check,43.1,361.27,0
CUST-00844,Female,0,Yes,No,55,Yes,Yes,Fiber optic,No,Yes,No,No,No,Yes,Two year,Yes,Electronic check,81.61,4489.79,0
CUST-00845,Male,1,Yes,Yes,46,Yes,Yes,DSL,No,No,No,Yes,Yes,No,Month-to-month,Yes,Bank transfer (automatic),81.52,3738.01,0
CUST-00846,Male,0,No,No,2,Yes,No,DSL,No,No,No,Yes,Yes,Yes,Month-to-month,Yes,Electronic check,95.85,188.96,1
CUST-00847,Male,0,No,No,1,Yes,No,DSL,No,No,No,No,No,Yes,Month-to-month,Yes,Electronic check,72.93,0.0,1
CUST-00848,Female,0,No,No,53,Yes,No,Fiber optic,No,No,Yes,Yes,No,Yes,Month-to-month,Yes,Bank transfer (automatic),53.45,2833.76,0
CUST-00849,Female,0,No,Yes,36,Yes,Yes,DSL,No,No,No,No,No,No,Month-to-month,Yes,Bank transfer (automatic),79.8,2819.89,0
CUST-00850,Female,0,Yes,No,55,Yes,Yes,Fiber optic,No,No,No,No,No,No,Month-to-month,No,Mailed check,95.62,5277.27,0
CUST-00851,Male,0,Yes,Yes,30,Yes,Yes,Fiber optic,No,Yes,No,Yes,Yes,Yes,Month-to-month,Yes,Electronic check,77.66,2336.5,1
CUST-00852,Female,1,Yes,No,11,Yes,No,DSL,No,Yes,No,No,Yes,Yes,One year,No,Mailed check,98.94,1125.76,0
CUST-00853,Male,1,No,Yes,57,Yes,No,No,No internet service,No internet service,No internet service,No internet service,No internet service,No internet service,Month-to-month,No,Bank transfer (automatic),45.25,2617.16,0
CUST-00854,Female,1,No,No,66,Yes,No,Fiber optic,Yes,No,No,No,No,Yes,Month-to-month,No,Electronic check,75.23,5051.16,0
CUST-00855,Male,0,Yes,Yes,25,Yes,Yes,No,No internet service,No internet service,No internet service,No internet service,No internet service,No internet service,Two year,No,Mailed check,73.62,1741.34,0
CUST-00856,Male,0,No,Yes,11,Yes,No,No,No internet service,No internet service,No internet service,No internet service,No internet service,No internet service,Month-to-month,Yes,Bank transfer (automatic),90.84,992.94,0
CUST-00857,Male,0,No,No,15,Yes,Yes,DSL,Yes,No,No,No,No,Yes,Month-to-month,Yes,Electronic check,94.57,1316.53,1
CUST-00858,Male,0,Yes,No,52,Yes,No,Fiber optic,Yes,No,No,No,No,Yes,Month-to-month,No,Mailed check,77.83,4071.69,0
CUST-00859,Female,0,No,Yes,71,Yes,No,DSL,Yes,No,Yes,No,No,Yes,One year,Yes,Electronic check,70.84,5021.29,0
CUST-00860,Male,0,No,No,48,Yes,Yes,Fiber optic,No,No,No,Yes,No,No,Month-to-month,Yes,Credit card (automatic),81.37,3882.22,0
CUST-00861,Female,0,No,Yes,48,Yes,Yes,Fiber optic,No,No,Yes,Yes,Yes,No,Month-to-month,Yes,Mailed check,48.15,2324.55,0
CUST-00862,Male,0,Yes,No,6,Yes,Yes,No,No internet service,No internet service,No internet service,No internet service,No internet service,No internet service,Two year,Yes,Mailed check,58.6,298.96,0
CUST-00863,Female,0,Yes,No,14,Yes,No,DSL,No,Yes,Yes,Yes,No,No,One year,No,Electronic check,86.19,1299.05,0
CUST-00864,Male,0,Yes,Yes,35,Yes,Yes,Fiber optic,No,No,No,No,Yes,Yes,One year,Yes,Credit card (automatic),83.7,2917.28,0
CUST-00865,Male,0,Yes,No,71,Yes,Yes,No,No internet service,No internet service,No internet service,No internet service,No internet service,No internet service,Month-to-month,Yes,Credit card (automatic),63.3,4498.13,0
CUST-00866,Female,0,No,Yes,14,Yes,No,Fiber optic,No,No,No,No,No,Yes,Month-to-month,Yes,Mailed check,52.4,727.17,0
CUST-00867,Male,0,Yes,No,61,Yes,Yes,DSL,No,No,Yes,No,Yes,No,Two year,No,Credit card (automatic),58.49,3614.01,0
CUST-00868,Male,0,No,No,17,Yes,Yes,Fiber optic,No,Yes,No,No,Yes,Yes,One year,No,Bank transfer (automatic),54.1,859.59,0
CUST-00869,Female,0,No,No,45,Yes,No,DSL,No,No,Yes,No,Yes,Yes,Month-to-month,Yes,Bank transfer (automatic),79.93,3638.26,0
CUST-00870,Female,0,Yes,No,60,Yes,No,DSL,No,Yes,Yes,No,No,No,Two year,Yes,Electronic check,108.36,6475.67,0
CUST-00871,Male,0,Yes,No,42,Yes,Yes,DSL,No,Yes,No,No,Yes,Yes,Month-to-month,Yes,Electronic check,108.89,4547.89,1
CUST-00872,Male,0,No,Yes,43,No,No phone service,DSL,No,No,No,No,No,Yes,Month-to-month,Yes,Mailed check,52.93,2319.96,0
CUST-00873,Female,0,No,No,65,Yes,Yes,Fiber optic,No,No,Yes,Yes,No,Yes,One year,No,Electronic check,87.28,5659.79,0
CUST-00874,Male,0,Yes,No,54,Yes,No,Fiber optic,No,No,No,No,No,No,Month-to-month,Yes,Credit card (automatic),84.54,4595.85,0
CUST-00875,Male,0,No,No,38,Yes,Yes,Fiber optic,No,No,Yes,No,No,No,Month-to-month,No,Credit card (automatic),80.57,3093.28,0
CUST-00876,Male,0,Yes,No,4,Yes,Yes,DSL,No,No,Yes,No,No,Yes,Two year,Yes,Bank transfer (automatic),46.14,167.1,0
CUST-00877,Female,1,Yes,Yes,56,Yes,No,DSL,No,No,No,Yes,Yes,Yes,Month-to-month,Yes,Electronic check,59.22,3327.97,0
CUST-00878,Female,0,No,Yes,14,Yes,No,DSL,No,No,Yes,No,Yes,No,Month-to-month,No,Mailed check,80.57,1103.79,0
CUST-00879,Male,0,Yes,Yes,15,Yes,No,DSL,Yes,No,Yes,No,No,No,Two year,Yes,Electronic check,62.46,935.92,0
CUST-00880,Male,0,No,Yes,56,Yes,No,Fiber optic,Yes,No,No,No,Yes,No,Two year,No,Credit card (automatic),80.04,4505.92,0
CUST-00881,Male,0,Yes,Yes,24,Yes,No,Fiber optic,No,Yes,Yes,No,No,No,Month-to-month,Yes,Bank transfer (automatic),47.99,1103.92,0
CUST-00882,Female,0,Yes,No,21,Yes,Yes,No,No internet service,No internet service,No internet service,No internet service,No internet service,No internet service,Month-to-month,No,Electronic check,60.68,1296.29,0
CUST-00883,Male,0,Yes,No,30,Yes,Yes,Fiber optic,No,No,No,No,Yes,Yes,Two year,No,Mailed check,40.82,1240.48,0
CUST-00884,Male,1,No,Yes,33,Yes,No,DSL,No,No,No,No,No,No,Month-to-month,No,Electronic check,81.19,2604.82,1
CUST-00885,Female,0,Yes,No,15,Yes,No,DSL,No,Yes,Yes,No,No,No,Month-to-month,Yes,Electronic check,63.38,913.4,0
CUST-00886,Male,0,No,Yes,69,Yes,No,No,No internet service,No internet service,No internet service,No internet service,No internet service,No internet service,Month-to-month,No,Electronic check,86.23,5915.3,0
CUST-00887,Female,0,Yes,No,58,Yes,Yes,Fiber optic,No,No,Yes,No,Yes,No,Month-to-month,Yes,Credit card (automatic),68.89,3973.4,0
CUST-00888,Male,1,Yes,No,14,Yes,Yes,No,No internet service,No internet service,No internet service,No internet service,No internet service,No internet service,Month-to-month,No,Mailed check,77.84,1041.97,0
CUST-00889,Male,0,No,No,12,Yes,Yes,DSL,Yes,Yes,No,No,Yes,Yes,Month-to-month,Yes,Electronic check,116.8,1448.56,1
CUST-00890,Male,0,Yes,No,23,Yes,Yes,DSL,No,No,No,Yes,Yes,Yes,Month-to-month,Yes,Electronic check,60.1,1435.33,0
CUST-00891,Female,0,No,Yes,12,Yes,Yes,DSL,No,No,No,No,No,Yes,One year,No,Mailed check,83.95,968.01,0
CUST-00892,Female,0,Yes,No,64,No,No phone service,No,No internet service,No internet service,No internet service,No internet service,No internet service,No internet service,Month-to-month,No,Mailed check,62.41,3936.53,0
CUST-00893,Female,0,No,No,35,Yes,No,DSL,No,No,Yes,No,Yes,Yes,Month-to-month,No,Electronic check,71.56,2503.93,0
CUST-00894,Male,0,Yes,No,48,Yes,Yes,Fiber optic,No,No,No,No,No,No,One year,Yes,Mailed check,88.49,4314.03,0
CUST-00895,Female,0,No,Yes,47,Yes,Yes,Fiber optic,No,Yes,Yes,No,Yes,Yes,One year,Yes,Electronic check,83.61,4037.38,0
CUST-00896,Male,0,Yes,No,42,Yes,No,Fiber optic,No,Yes,No,Yes,No,Yes,Two year,Yes,Credit card (automatic),93.1,3876.47,0
CUST-00897,Male,1,Yes,No,5,Yes,No,DSL,No,No,No,Yes,No,Yes,Month-to-month,Yes,Electronic check,94.61,359.3,1
CUST-00898,Female,0,Yes,No,67,No,No phone service,Fiber optic,Yes,No,No,No,Yes,No,Month-to-month,Yes,Credit card (automatic),95.93,6352.94,0
CUST-00899,Male,1,Yes,Yes,13,Yes,No,DSL,No,No,No,Yes,No,No,Month-to-month,No,Mailed check,94.81,1143.41,0
CUST-00900,Male,0,Yes,Yes,29,Yes,No,No,No internet service,No internet service,No internet service,No internet service,No internet service,No internet service,One year,Yes,Credit card (automatic),79.35,2321.99,0
CUST-00901,Male,0,Yes,No,7,Yes,No,DSL,No,No,Yes,No,No,Yes,Month-to-month,Yes,Mailed check,52.76,374.2,0
CUST-00902,Male,0,No,Yes,53,Yes,No,DSL,No,No,No,No,Yes,No,Two year,No,Credit card (automatic),97.38,5172.0,0
CUST-00903,Male,0,No,Yes,65,Yes,No,DSL,Yes,No,No,No,Yes,No,Two year,No,Electronic check,69.49,4573.15,0
CUST-00904,Female,0,No,Yes,3,Yes,Yes,No,No internet service,No internet service,No internet service,No internet service,No internet service,No internet service,Month-to-month,No,Electronic check,87.76,344.73,1
CUST-00905,Male,0,No,Yes,59,Yes,Yes,DSL,No,No,No,Yes,No,No,Two year,No,Electronic check,46.82,2804.53,0
CUST-00906,Female,0,Yes,Yes,52,Yes,No,Fiber optic,No,No,Yes,No,Yes,Yes,Month-to-month,Yes,Electronic check,68.33,3589.92,1
CUST-00907,Female,0,Yes,No,14,Yes,No,DSL,Yes,Yes,Yes,No,No,No,Month-to-month,Yes,Credit card (automatic),54.66,691.54,0
CUST-00908,Male,0,Yes,Yes,0,Yes,No,DSL,Yes,No,Yes,No,No,No,Month-to-month,Yes,Mailed check,79.81,0.0,0
CUST-00909,Male,0,No,Yes,21,Yes,Yes,Fiber optic,No,No,No,No,No,No,Month-to-month,Yes,Credit card (automatic),58.49,1297.53,0
CUST-00910,Male,0,Yes,Yes,14,Yes,No,DSL,No,No,Yes,No,Yes,No,Month-to-month,No,Bank transfer (automatic),71.56,974.36,0
CUST-00911,Female,0,Yes,No,21,Yes,No,Fiber optic,Yes,No,Yes,Yes,Yes,Yes,Month-to-month,No,Credit card (automatic),69.28,1510.16,0
CUST-00912,Male,1,No,No,49,Yes,No,Fiber optic,No,No,No,No,No,Yes,One year,No,Mailed check,102.47,5027.2,0
CUST-00913,Female,0,Yes,No,47,Yes,No,No,No internet service,No internet service,No internet service,No internet service,No internet service,No internet service,Month-to-month,Yes,Electronic check,88.3,4189.26,0
CUST-00914,Male,0,No,Yes,72,Yes,No,DSL,No,Yes,No,No,No,No,Month-to-month,Yes,Electronic check,87.24,6237.69,0
CUST-00915,Female,0,No,No,50,Yes,Yes,Fiber optic,No,Yes,No,Yes,Yes,No,Month-to-month,Yes,Bank transfer (automatic),77.45,3910.66,0
CUST-00916,Male,0,Yes,No,16,Yes,Yes,No,No internet service,No internet service,No internet service,No internet service,No internet service,No internet service,One year,Yes,Credit card (automatic),53.04,816.67,0
CUST-00917,Male,1,Yes,Yes,50,Yes,No,Fiber optic,No,No,Yes,No,No,Yes,Month-to-month,No,Electronic check,55.03,2763.03,1
CUST-00918,Female,0,Yes,No,36,Yes,Yes,DSL,Yes,Yes,No,Yes,Yes,Yes,Two year,Yes,Bank transfer (automatic),81.93,2948.03,0
CUST-00919,Female,0,No,No,48,Yes,No,Fiber optic,No,No,No,Yes,No,No,Two year,No,Mailed check,41.31,2042.48,0
CUST-00920,Male,0,Yes,No,58,Yes,Yes,No,No internet service,No internet service,No internet service,No internet service,No internet service,No internet service,Two year,Yes,Credit card (automatic),77.11,4513.98,0
CUST-00921,Female,0,No,No,9,Yes,Yes,Fiber optic,No,No,No,No,Yes,Yes,Month-to-month,No,Credit card (automatic),73.93,577.08,0
CUST-00922,Female,1,No,No,29,Yes,Yes,No,No internet service,No internet service,No internet service,No internet service,No internet service,No internet service,Month-to-month,Yes,Electronic check,38.76,1083.52,0
CUST-00923,Female,0,Yes,Yes,20,Yes,Yes,Fiber optic,No,No,No,No,No,No,Month-to-month,Yes,Bank transfer (automatic),71.37,1395.61,1
CUST-00924,Female,0,Yes,No,33,Yes,Yes,DSL,No,Yes,No,No,No,No,Two year,No,Bank transfer (automatic),74.74,2501.01,0
CUST-00925,Male,0,No,Yes,72,No,No phone service,DSL,No,No,Yes,Yes,Yes,Yes,Month-to-month,Yes,Bank transfer (automatic),118.75,8525.23,0
CUST-00926,Male,0,Yes,No,49,Yes,No,DSL,No,No,No,No,Yes,Yes,Month-to-month,No,Electronic check,77.04,3720.49,0
CUST-00927,Male,0,No,Yes,46,Yes,No,DSL,No,No,No,No,Yes,Yes,One year,Yes,Bank transfer (automatic),98.27,4452.19,0
CUST-00928,Female,0,Yes,No,5,Yes,No,No,No internet service,No internet service,No internet service,No internet service,No internet service,No internet service,Month-to-month,No,Electronic check,81.86,445.67,1
CUST-00929,Female,0,No,No,49,Yes,No,Fiber optic,No,Yes,No,No,Yes,Yes,One year,No,Bank transfer (automatic),83.25,3975.57,0
CUST-00930,Male,1,No,No,62,Yes,Yes,Fiber optic,No,No,No,No,Yes,Yes,Month-to-month,No,Electronic check,99.36,6213.08,1
CUST-00931,Male,0,No,Yes,11,Yes,No,Fiber optic,Yes,No,No,No,No,No,Month-to-month,Yes,Mailed check,35.45,325.6,0
CUST-00932,Female,0,Yes,No,40,Yes,No,Fiber optic,Yes,Yes,Yes,No,No,No,Month-to-month,Yes,Credit card (automatic),73.34,2911.21,0
CUST-00933,Female,0,Yes,No,30,Yes,No,DSL,Yes,No,No,No,No,No,Month-to-month,Yes,Electronic check,81.2,2377.57,0
CUST-00934,Female,1,No,Yes,1,No,No phone service,No,No internet service,No internet service,No internet service,No internet service,No internet service,No internet service,Month-to-month,Yes,Credit card (automatic),46.08,0.12,0
CUST-00935,Male,0,Yes,No,15,Yes,Yes,Fiber optic,Yes,No,Yes,No,No,Yes,One year,Yes,Mailed check,70.92,1052.63,0
CUST-00936,Male,0,Yes,Yes,0,Yes,No,Fiber optic,No,No,No,No,No,Yes,Two year,Yes,Electronic check,72.35,0.0,1
CUST-00937,Male,0,No,No,3,Yes,Yes,No,No internet service,No internet service,No internet service,No internet service,No internet service,No internet service,One year,Yes,Electronic check,66.2,121.28,0
CUST-00938,Female,0,Yes,Yes,46,Yes,Yes,Fiber optic,No,No,Yes,No,No,No,Month-to-month,Yes,Mailed check,54.2,2472.93,0
CUST-00939,Male,0,Yes,Yes,64,Yes,Yes,No,No internet service,No internet service,No internet service,No internet service,No internet service,No internet service,Month-to-month,No,Electronic check,60.04,3847.72,0
CUST-00940,Female,0,Yes,No,51,Yes,Yes,No,No internet service,No internet service,No internet service,No internet service,No internet service,No internet service,Month-to-month,Yes,Credit card (automatic),69.07,3545.97,0
CUST-00941,Male,0,No,No,46,Yes,No,DSL,No,No,Yes,No,Yes,No,Two year,No,Electronic check,86.0,3853.88,0
CUST-00942,Female,0,No,Yes,49,Yes,No,DSL,No,Yes,Yes,No,No,No,Month-to-month,Yes,Mailed check,79.18,3855.88,0
CUST-00943,Female,0,Yes,No,44,Yes,Yes,No,No internet service,No internet service,No internet service,No internet service,No internet service,No internet service,Month-to-month,Yes,Mailed check,81.09,3465.28,0
CUST-00944,Female,1,Yes,Yes,41,Yes,Yes,Fiber optic,No,Yes,Yes,No,No,Yes,Month-to-month,Yes,Electronic check,69.91,2840.9,1
CUST-00945,Male,1,Yes,Yes,55,Yes,Yes,DSL,No,No,Yes,No,No,No,Two year,No,Credit card (automatic),56.63,3093.13,0
CUST-00946,Male,0,No,No,70,Yes,No,Fiber optic,Yes,Yes,No,No,Yes,No,Month-to-month,Yes,Electronic check,72.05,5074.96,0
CUST-00947,Male,0,Yes,Yes,56,Yes,Yes,Fiber optic,No,No,Yes,No,No,Yes,One year,Yes,Credit card (automatic),56.96,3238.43,0
CUST-00948,Female,0,No,No,32,Yes,No,Fiber optic,Yes,Yes,No,No,No,Yes,Month-to-month,Yes,Electronic check,18.25,532.91,0
CUST-00949,Female,0,Yes,No,27,Yes,No,No,No internet service,No internet service,No internet service,No internet service,No internet service,No internet service,Month-to-month,No,Electronic check,73.41,1996.78,1
CUST-00950,Female,0,No,No,43,Yes,No,No,No internet service,No internet service,No internet service,No internet service,No internet service,No internet service,One year,Yes,Credit card (automatic),69.47,3019.96,0
CUST-00951,Female,0,Yes,No,55,Yes,No,No,No internet service,No internet service,No internet service,No internet service,No internet service,No internet service,One year,Yes,Bank transfer (automatic),108.55,5932.9,0
CUST-00952,Female,0,No,Yes,43,No,No phone service,DSL,No,No,No,No,Yes,Yes,Two year,No,Bank transfer (automatic),93.2,4046.25,0
CUST-00953,Male,0,Yes,No,72,Yes,No,Fiber optic,No,Yes,No,No,Yes,No,One year,Yes,Electronic check,91.9,6623.6,0
CUST-00954,Female,0,Yes,No,33,Yes,No,DSL,No,Yes,No,No,No,No,Month-to-month,Yes,Electronic check,49.6,1623.13,0
CUST-00955,Male,0,No,Yes,13,Yes,No,DSL,Yes,No,No,No,Yes,No,Month-to-month,Yes,Bank transfer (automatic),97.3,1271.99,0
CUST-00956,Male,0,No,No,67,Yes,No,No,No internet service,No internet service,No internet service,No internet service,No internet service,No internet service,One year,Yes,Mailed check,82.84,5471.27,0
CUST-00957,Female,0,Yes,No,28,No,No phone service,Fiber optic,Yes,No,No,Yes,Yes,No,One year,Yes,Electronic check,64.96,1825.9,0
CUST-00958,Male,0,No,No,16,Yes,No,No,No internet service,No internet service,No internet service,No internet service,No internet service,No internet service,Two year,Yes,Electronic check,52.65,800.11,0
CUST-00959,Male,0,No,No,8,Yes,No,DSL,No,Yes,No,Yes,No,Yes,Month-to-month,No,Credit card (automatic),54.74,439.36,0
CUST-00960,Female,0,No,Yes,26,Yes,No,No,No internet service,No internet service,No internet service,No internet service,No internet service,No internet service,One year,Yes,Credit card (automatic),67.2,1726.91,0
CUST-00961,Male,0,Yes,No,48,Yes,Yes,DSL,No,Yes,No,No,No,Yes,Month-to-month,No,Electronic check,51.0,2462.42,0
CUST-00962,Female,1,No,No,36,Yes,Yes,DSL,No,Yes,No,No,Yes,Yes,Month-to-month,Yes,Bank transfer (automatic),75.96,2794.15,0
CUST-00963,Male,0,Yes,No,27,Yes,No,Fiber optic,No,Yes,Yes,No,No,No,Month-to-month,No,Electronic check,69.62,1886.1,1
CUST-00964,Male,0,Yes,Yes,49,Yes,Yes,Fiber optic,No,No,No,No,Yes,Yes,One year,Yes,Bank transfer (automatic),93.97,4654.55,0
CUST-00965,Male,0,No,No,54,Yes,Yes,Fiber optic,No,No,No,No,No,No,Two year,No,Electronic check,73.77,3932.43,0
CUST-00966,Male,1,Yes,No,3,No,No phone service,No,No internet service,No internet service,No internet service,No internet service,No internet service,No internet service,Month-to-month,No,Bank transfer (automatic),24.89,146.35,0
CUST-00967,Female,1,Yes,No,18,Yes,No,Fiber optic,No,Yes,Yes,No,Yes,Yes,Two year,Yes,Mailed check,64.76,1115.04,0
CUST-00968,Male,0,No,No,36,Yes,No,DSL,No,Yes,No,Yes,Yes,No,Month-to-month,No,Electronic check,46.77,1621.05,0
CUST-00969,Female,1,No,No,3,Yes,Yes,DSL,No,No,No,Yes,No,No,Month-to-month,Yes,Bank transfer (automatic),55.5,152.76,0
CUST-00970,Male,0,Yes,No,36,Yes,Yes,Fiber optic,No,No,No,Yes,Yes,No,One year,Yes,Electronic check,51.4,1828.18,0
CUST-00971,Female,0,Yes,No,50,Yes,No,Fiber optic,No,No,No,Yes,Yes,Yes,Month-to-month,No,Electronic check,118.75,5858.4,1
CUST-00972,Female,0,No,Yes,31,Yes,No,Fiber optic,No,No,Yes,No,No,No,Month-to-month,Yes,Mailed check,65.81,1983.72,0
CUST-00973,Female,0,Yes,No,44,Yes,Yes,DSL,No,No,No,No,No,Yes,Two year,No,Credit card (automatic),94.05,3958.49,0
CUST-00974,Male,1,No,No,11,Yes,Yes,Fiber optic,No,Yes,No,Yes,Yes,Yes,One year,Yes,Credit card (automatic),63.87,635.01,0
CUST-00975,Male,0,No,No,40,Yes,No,DSL,No,Yes,No,No,No,Yes,Two year,No,Credit card (automatic),69.88,2762.21,0
CUST-00976,Male,1,Yes,No,55,No,No phone service,Fiber optic,Yes,No,No,No,Yes,Yes,Two year,No,Credit card (automatic),65.76,3691.29,0
CUST-00977,Female,0,No,No,13,Yes,No,Fiber optic,No,No,Yes,No,No,No,Two year,Yes,Mailed check,54.4,742.85,0
CUST-00978,Male,0,No,No,53,No,No phone service,DSL,No,No,Yes,No,Yes,No,Month-to-month,Yes,Mailed check,60.49,3222.14,0
CUST-00979,Female,0,Yes,Yes,62,No,No phone service,No,No internet service,No internet service,No internet service,No internet service,No internet service,No internet service,Two year,Yes,Credit card (automatic),87.97,5562.4,0
CUST-00980,Female,0,No,Yes,64,No,No phone service,Fiber optic,No,No,No,No,No,No,Two year,No,Electronic check,77.39,4863.34,0
CUST-00981,Male,0,No,No,57,Yes,Yes,Fiber optic,No,Yes,No,No,No,No,Month-to-month,Yes,Credit card (automatic),111.15,6332.17,1
CUST-00982,Female,0,No,No,20,Yes,No,Fiber optic,No,Yes,No,No,No,Yes,Two year,Yes,Mailed check,67.27,1447.17,0
CUST-00983,Male,1,No,No,3,No,No phone service,No,No internet service,No internet service,No internet service,No internet service,No internet service,No internet service,One year,Yes,Mailed check,63.51,165.16,0
CUST-00984,Male,0,Yes,No,72,Yes,No,Fiber optic,Yes,Yes,Yes,No,Yes,No,One year,Yes,Electronic check,81.02,5792.05,0
CUST-00985,Female,0,Yes,No,45,Yes,No,Fiber optic,Yes,Yes,No,No,No,No,Month-to-month,Yes,Electronic check,91.4,4153.87,1
CUST-00986,Female,0,Yes,No,11,Yes,No,DSL,Yes,Yes,No,No,No,Yes,Month-to-month,No,Bank transfer (automatic),74.43,790.89,0
CUST-00987,Female,0,Yes,No,29,Yes,No,DSL,No,Yes,No,No,No,Yes,One year,Yes,Mailed check,107.67,3185.4,0
CUST-00988,Male,1,Yes,No,59,Yes,Yes,DSL,No,Yes,No,Yes,Yes,Yes,Month-to-month,Yes,Electronic check,118.75,7047.82,1
CUST-00989,Male,0,No,No,70,Yes,Yes,No,No internet service,No internet service,No internet service,No internet service,No internet service,No internet service,Month-to-month,Yes,Electronic check,100.2,7004.48,1
CUST-00990,Female,0,No,No,64,Yes,No,Fiber optic,No,No,No,No,No,No,Month-to-month,Yes,Mailed check,88.29,5699.59,0
CUST-00991,Female,0,No,No,13,Yes,Yes,No,No internet service,No internet service,No internet service,No internet service,No internet service,No internet service,Two year,Yes,Mailed check,21.78,271.36,0
CUST-00992,Female,0,No,No,43,Yes,Yes,DSL,Yes,No,Yes,Yes,No,Yes,Month-to-month,Yes,Mailed check,110.59,4762.01,0
CUST-00993,Male,0,No,No,25,Yes,No,Fiber optic,No,No,Yes,No,No,No,One year,Yes,Electronic check,104.15,2633.01,1
CUST-00994,Female,0,Yes,No,15,Yes,No,No,No internet service,No internet service,No internet service,No internet service,No internet service,No internet service,Two year,No,Mailed check,110.45,1637.27,0
CUST-00995,Male,0,No,No,6,Yes,Yes,DSL,Yes,Yes,Yes,No,No,No,Month-to-month,Yes,Electronic check,90.74,619.95,1
CUST-00996,Male,0,Yes,Yes,31,Yes,No,Fiber optic,Yes,No,Yes,No,No,No,Month-to-month,No,Electronic check,50.57,1571.17,0
CUST-00997,Female,0,No,No,15,Yes,Yes,No,No internet service,No internet service,No internet service,No internet service,No internet service,No internet service,Month-to-month,Yes,Mailed check,47.95,733.73,0
CUST-00998,Male,0,No,No,61,Yes,Yes,No,No internet service,No internet service,No internet service,No internet service,No internet service,No internet service,Two year,No,Bank transfer (automatic),51.21,3057.99,0
CUST-00999,Female,0,Yes,No,29,Yes,No,No,No internet service,No internet service,No internet service,No internet service,No internet service,No internet service,Month-to-month,Yes,Mailed check,76.04,2172.93,0
CUST-01000,Male,0,No,No,70,Yes,No,No,No internet service,No internet service,No internet service,No internet service,No internet service,No internet service,One year,Yes,Bank transfer (automatic),62.2,4362.14,0
CUST-01001,Male,0,No,Yes,11,Yes,Yes,Fiber optic,No,Yes,Yes,No,No,Yes,One year,No,Bank transfer (automatic),93.0,1066.44,0
CUST-01002,Female,0,Yes,Yes,66,Yes,Yes,DSL,No,No,No,Yes,Yes,No,Month-to-month,Yes,Electronic check,64.87,4352.07,0
CUST-01003,Female,1,No,No,45,No,No phone service,Fiber optic,No,No,Yes,No,Yes,No,One year,No,Electronic check,68.1,3011.47,0
CUST-01004,Female,0,Yes,Yes,42,Yes,No,No,No internet service,No internet service,No internet service,No internet service,No internet service,No internet service,Month-to-month,No,Electronic check,82.44,3421.15,1
CUST-01005,Female,0,Yes,No,54,Yes,No,Fiber optic,No,Yes,No,No,No,No,Month-to-month,Yes,Credit card (automatic),65.55,3478.21,0
CUST-01006,Female,1,No,Yes,44,Yes,Yes,DSL,Yes,Yes,No,No,No,No,Month-to-month,Yes,Electronic check,53.41,2374.72,0
CUST-01007,Female,0,No,No,59,Yes,Yes,Fiber optic,No,No,Yes,No,No,No,Month-to-month,No,Credit card (automatic),32.87,2010.0,0
CUST-01008,Female,0,No,Yes,70,No,No phone service,Fiber optic,No,Yes,Yes,Yes,No,No,Month-to-month,Yes,Bank transfer (automatic),102.99,7201.4,0
CUST-01009,Male,0,No,No,31,Yes,No,DSL,No,Yes,No,No,No,Yes,Month-to-month,Yes,Bank transfer (automatic),51.28,1592.6,0
CUST-01010,Female,0,Yes,No,7,Yes,No,Fiber optic,No,No,No,Yes,Yes,Yes,Two year,No,Mailed check,61.39,436.36,0
CUST-01011,Male,0,Yes,Yes,61,Yes,Yes,Fiber optic,Yes,Yes,No,No,No,No,Month-to-month,Yes,Mailed check,69.2,4197.75,0
CUST-01012,Female,0,No,No,19,Yes,No,Fiber optic,Yes,No,Yes,No,Yes,No,One year,Yes,Electronic check,21.11,340.02,0
CUST-01013,Female,1,No,No,17,Yes,Yes,DSL,No,No,No,No,Yes,No,Month-to-month,Yes,Electronic check,79.53,1405.01,1
CUST-01014,Male,0,Yes,No,5,Yes,Yes,DSL,No,No,Yes,No,Yes,Yes,Month-to-month,Yes,Electronic check,105.82,536.81,1
CUST-01015,Female,0,No,Yes,28,Yes,Yes,Fiber optic,No,No,No,No,No,No,One year,Yes,Credit card (automatic),97.88,2713.23,0
CUST-01016,Female,0,No,No,3,Yes,No,Fiber optic,Yes,No,Yes,No,No,No,One year,No,Mailed check,61.01,333.29,0
CUST-01017,Male,0,No,No,70,Yes,No,DSL,No,No,No,No,No,No,Month-to-month,Yes,Bank transfer (automatic),106.09,7426.16,0
CUST-01018,Female,0,No,No,42,Yes,No,DSL,Yes,No,No,No,Yes,No,One year,No,Credit card (automatic),32.49,1278.98,0
CUST-01019,Female,0,Yes,No,33,Yes,No,DSL,No,No,No,No,No,No,Month-to-month,No,Mailed check,95.39,3180.61,0
CUST-01020,Male,0,No,No,70,Yes,Yes,Fiber optic,Yes,Yes,No,No,No,Yes,Month-to-month,Yes,Mailed check,61.45,4209.42,0
CUST-01021,Female,0,No,No,32,Yes,Yes,No,No internet service,No internet service,No internet service,No internet service,No internet service,No internet service,One year,No,Credit card (automatic),98.65,3180.1,0
CUST-01022,Male,1,Yes,No,14,Yes,No,Fiber optic,No,Yes,No,No,Yes,Yes,Month-to-month,Yes,Electronic check,72.83,1041.59,1
CUST-01023,Female,1,No,Yes,39,Yes,No,No,No internet service,No internet service,No internet service,No internet service,No internet service,No internet service,Month-to-month,Yes,Electronic check,45.31,1836.08,0
CUST-01024,Female,0,Yes,No,4,Yes,No,Fiber optic,No,No,No,Yes,No,No,Month-to-month,Yes,Electronic check,76.73,256.8,1
CUST-01025,Female,0,Yes,No,49,Yes,Yes,Fiber optic,No,Yes,No,No,Yes,No,Month-to-month,Yes,Mailed check,76.83,3749.99,0
CUST-01026,Male,0,No,No,65,Yes,Yes,DSL,No,Yes,No,No,Yes,No,One year,Yes,Credit card (automatic),84.99,5520.9,0
CUST-01027,Female,1,Yes,No,53,Yes,Yes,Fiber optic,No,No,No,Yes,Yes,Yes,Month-to-month,No,Mailed check,57.31,3080.72,0
CUST-01028,Female,0,Yes,No,45,Yes,No,Fiber optic,No,No,No,No,No,Yes,Two year,Yes,Mailed check,46.97,2135.36,0
CUST-01029,Male,0,No,Yes,10,Yes,No,Fiber optic,No,No,No,No,Yes,Yes,Month-to-month,No,Mailed check,86.73,893.24,1
CUST-01030,Female,0,Yes,No,48,Yes,Yes,Fiber optic,No,No,No,No,No,Yes,Month-to-month,Yes,Bank transfer (automatic),74.99,3660.46,0
CUST-01031,Male,0,Yes,No,22,Yes,Yes,DSL,No,Yes,No,Yes,Yes,Yes,One year,Yes,Bank transfer (automatic),87.37,1911.03,0
CUST-01032,Female,0,Yes,Yes,54,Yes,Yes,DSL,Yes,No,No,No,Yes,No,Month-to-month,No,Electronic check,91.36,5006.58,0
CUST-01033,Male,0,Yes,No,4,Yes,No,No,No internet service,No internet service,No internet service,No internet service,No internet service,No internet service,Two year,No,Mailed check,88.25,348.58,0
CUST-01034,Male,0,No,No,63,Yes,No,DSL,No,No,No,Yes,No,No,One year,No,Electronic check,118.75,7526.02,0
CUST-01035,Male,0,No,No,34,Yes,No,DSL,No,No,No,Yes,No,No,Month-to-month,No,Bank transfer (automatic),79.7,2685.02,0
CUST-01036,Female,0,No,No,68,Yes,No,No,No internet service,No internet service,No internet service,No internet service,No internet service,No internet service,Month-to-month,No,Bank transfer (automatic),54.51,3736.43,0
CUST-01037,Male,0,No,No,53,Yes,Yes,Fiber optic,No,No,Yes,No,Yes,No,Month-to-month,Yes,Mailed check,58.02,3132.97,0
CUST-01038,Female,1,Yes,No,2,Yes,No,DSL,No,No,Yes,No,No,No,Two year,Yes,Mailed check,63.02,71.94,0
CUST-01039,Male,0,No,No,5,Yes,No,DSL,Yes,No,Yes,Yes,Yes,No,Month-to-month,No,Electronic check,75.98,427.12,0
CUST-01040,Male,1,No,No,55,Yes,Yes,DSL,No,No,No,Yes,No,Yes,Month-to-month,Yes,Bank transfer (automatic),112.11,6174.99,0
CUST-01041,Female,0,No,Yes,1,Yes,No,Fiber optic,No,Yes,No,Yes,No,No,Month-to-month,No,Electronic check,66.63,168.55,1
CUST-01042,Female,0,No,No,37,Yes,No,Fiber optic,No,No,No,No,No,Yes,Month-to-month,No,Bank transfer (automatic),117.12,4320.25,1
CUST-01043,Male,0,No,Yes,55,Yes,No,DSL,No,Yes,No,No,No,No,Month-to-month,Yes,Credit card (automatic),118.75,6545.92,1
CUST-01044,Female,0,No,No,4,No,No phone service,No,No internet service,No internet service,No internet service,No internet service,No internet service,No internet service,Two year,Yes,Electronic check,81.32,317.48,0
CUST-01045,Female,0,Yes,No,45,Yes,No,DSL,Yes,No,No,No,No,Yes,One year,Yes,Electronic check,92.0,4173.14,0
CUST-01046,Female,0,No,No,10,Yes,No,DSL,No,No,No,No,Yes,No,One year,No,Credit card (automatic),59.91,489.94,0
CUST-01047,Male,0,Yes,No,64,Yes,Yes,No,No internet service,No internet service,No internet service,No internet service,No internet service,No internet service,Two year,Yes,Electronic check,118.75,7529.48,0
CUST-01048,Male,0,Yes,Yes,9,Yes,Yes,DSL,Yes,No,No,No,No,No,Month-to-month,Yes,Credit card (automatic),55.32,531.31,0
CUST-01049,Female,0,Yes,No,40,Yes,Yes,No,No internet service,No internet service,No internet service,No internet service,No internet service,No internet service,Two year,Yes,Credit card (automatic),105.6,4225.33,0
CUST-01050,Male,1,Yes,No,43,Yes,No,Fiber optic,No,Yes,Yes,No,No,Yes,Month-to-month,Yes,Mailed check,50.16,2056.71,0
CUST-01051,Female,0,Yes,No,32,Yes,Yes,DSL,Yes,No,No,No,No,No,Month-to-month,No,Bank transfer (automatic),90.45,2862.7,0
CUST-01052,Female,1,Yes,No,55,Yes,No,Fiber optic,Yes,No,No,No,No,Yes,Month-to-month,No,Electronic check,105.5,5782.86,1
CUST-01053,Female,0,No,No,11,Yes,No,Fiber optic,No,No,No,No,Yes,No,Month-to-month,Yes,Electronic check,94.24,1012.39,1
CUST-01054,Female,0,No,No,1,Yes,Yes,No,No internet service,No internet service,No internet service,No internet service,No internet service,No internet service,Month-to-month,No,Mailed check,58.46,105.04,0
CUST-01055,Female,1,No,No,0,Yes,No,Fiber optic,No,No,Yes,No,Yes,Yes,One year,Yes,Mailed check,63.26,0.0,0
CUST-01056,Male,0,Yes,No,64,Yes,Yes,Fiber optic,No,Yes,Yes,No,No,No,Month-to-month,No,Credit card (automatic),117.34,7397.87,0
CUST-01057,Female,0,No,No,32,Yes,Yes,DSL,No,No,Yes,Yes,No,Yes,One year,No,Bank transfer (automatic),61.8,1971.63,0
CUST-01058,Male,0,No,No,35,Yes,Yes,Fiber optic,No,No,No,No,No,No,One year,Yes,Bank transfer (automatic),63.07,2213.14,0
CUST-01059,Male,1,Yes,No,20,Yes,No,DSL,No,No,No,No,Yes,Yes,Two year,Yes,Electronic check,110.39,2133.72,1
CUST-01060,Female,0,No,Yes,35,Yes,No,DSL,No,No,No,Yes,No,Yes,Two year,Yes,Bank transfer (automatic),73.29,2627.81,0
CUST-01061,Female,0,No,No,25,No,No phone service,No,No internet service,No internet service,No internet service,No internet service,No internet service,No internet service,Month-to-month,Yes,Electronic check,72.09,1820.8,1
CUST-01062,Female,0,Yes,Yes,46,Yes,No,DSL,No,No,No,No,Yes,No,Two year,Yes,Bank transfer (automatic),118.75,5505.03,0
CUST-01063,Female,0,No,Yes,0,Yes,No,DSL,No,Yes,No,No,No,No,Month-to-month,No,Credit card (automatic),53.87,0.0,0
CUST-01064,Male,0,No,Yes,37,Yes,Yes,Fiber optic,No,Yes,No,No,No,No,Month-to-month,Yes,Mailed check,56.85,2064.5,0
CUST-01065,Male,0,Yes,Yes,13,Yes,Yes,No,No internet service,No internet service,No internet service,No internet service,No internet service,No internet service,Month-to-month,No,Electronic check,76.29,963.3,1
CUST-01066,Female,0,Yes,No,45,Yes,Yes,DSL,No,Yes,No,Yes,Yes,No,Month-to-month,Yes,Mailed check,77.06,3462.2,0
CUST-01067,Male,0,Yes,Yes,41,Yes,No,DSL,No,Yes,No,No,Yes,No,Month-to-month,Yes,Credit card (automatic),56.23,2284.15,0
CUST-01068,Male,0,Yes,Yes,6,Yes,No,DSL,Yes,No,No,No,Yes,No,One year,No,Bank transfer (automatic),90.98,591.16,0
CUST-01069,Male,0,Yes,Yes,54,Yes,Yes,DSL,No,No,No,No,No,No,Month-to-month,Yes,Bank transfer (automatic),77.88,4338.82,0
CUST-01070,Male,0,No,Yes,55,Yes,Yes,Fiber optic,No,No,No,No,No,No,Month-to-month,Yes,Bank transfer (automatic),79.26,4388.43,0
CUST-01071,Male,1,Yes,Yes,62,Yes,Yes,Fiber optic,No,No,No,No,No,No,Month-to-month,Yes,Credit card (automatic),78.51,4770.26,0
CUST-01072,Male,0,No,No,23,Yes,Yes,Fiber optic,No,Yes,No,No,Yes,Yes,Month-to-month,Yes,Electronic check,47.04,1089.67,1
CUST-01073,Male,0,Yes,No,72,Yes,No,Fiber optic,No,Yes,Yes,No,Yes,No,Month-to-month,Yes,Credit card (automatic),59.57,4229.65,0
CUST-01074,Male,0,Yes,No,3,Yes,Yes,No,No internet service,No internet service,No internet service,No internet service,No internet service,No internet service,One year,No,Bank transfer (automatic),30.86,72.2,0
CUST-01075,Female,0,Yes,No,41,No,No phone service,Fiber optic,No,No,No,No,No,No,Month-to-month,Yes,Mailed check,104.17,4269.19,1
CUST-01076,Male,0,No,Yes,69,Yes,No,No,No internet service,No internet service,No internet service,No internet service,No internet service,No internet service,Month-to-month,No,Mailed check,79.63,5481.51,0
CUST-01077,Male,0,Yes,Yes,27,Yes,Yes,Fiber optic,No,Yes,No,No,No,No,Month-to-month,No,Credit card (automatic),98.62,2610.99,1
CUST-01078,Female,0,Yes,Yes,39,Yes,Yes,No,No internet service,No internet service,No internet service,No internet service,No internet service,No internet service,Month-to-month,Yes,Credit card (automatic),64.16,2528.34,0
CUST-01079,Male,0,Yes,No,50,Yes,Yes,Fiber optic,No,No,Yes,No,Yes,No,Month-to-month,Yes,Credit card (automatic),105.65,5182.81,1
CUST-01080,Female,0,No,Yes,28,Yes,No,Fiber optic,No,Yes,No,No,No,No,Month-to-month,No,Bank transfer (automatic),33.47,956.48,0
CUST-01081,Female,0,No,No,41,Yes,No,No,No internet service,No internet service,No internet service,No internet service,No internet service,No internet service,Month-to-month,No,Electronic check,100.0,4054.9,1
CUST-01082,Male,1,Yes,Yes,68,Yes,No,DSL,Yes,No,No,No,No,No,Month-to-month,Yes,Electronic check,77.49,5283.25,0
CUST-01083,Male,0,Yes,Yes,4,Yes,No,Fiber optic,No,Yes,No,No,No,Yes,Month-to-month,Yes,Credit card (automatic),35.92,76.45,0
CUST-01084,Female,0,No,No,40,Yes,Yes,Fiber optic,No,No,No,No,No,Yes,One year,Yes,Bank transfer (automatic),18.25,741.57,0
CUST-01085,Female,0,No,No,60,Yes,Yes,Fiber optic,No,Yes,No,No,Yes,Yes,Month-to-month,Yes,Electronic check,90.88,5521.67,1
CUST-01086,Male,0,Yes,No,54,Yes,Yes,Fiber optic,No,Yes,No,No,No,No,One year,Yes,Electronic check,102.24,5491.23,0
CUST-01087,Female,0,No,No,27,Yes,No,Fiber optic,Yes,No,No,No,No,Yes,One year,No,Electronic check,75.3,2002.27,0
CUST-01088,Male,0,No,No,40,Yes,Yes,DSL,Yes,Yes,No,No,No,No,Month-to-month,Yes,Electronic check,90.63,3646.82,1
CUST-01089,Female,0,Yes,No,8,Yes,No,No,No internet service,No internet service,No internet service,No internet service,No internet service,No internet service,Month-to-month,No,Credit card (automatic),82.27,668.71,0
CUST-01090,Male,0,No,No,28,Yes,No,Fiber optic,Yes,No,No,No,No,No,One year,No,Credit card (automatic),75.28,2038.75,0
CUST-01091,Female,0,No,Yes,37,Yes,Yes,No,No internet service,No internet service,No internet service,No internet service,No internet service,No internet service,Month-to-month,No,Credit card (automatic),99.12,3722.82,0
CUST-01092,Female,0,No,No,61,Yes,No,DSL,No,No,Yes,No,No,No,Month-to-month,No,Electronic check,41.54,2574.39,0
CUST-01093,Female,0,Yes,No,53,Yes,No,DSL,No,No,Yes,Yes,No,No,One year,Yes,Electronic check,79.82,4294.56,0
CUST-01094,Female,0,Yes,No,51,Yes,Yes,DSL,Yes,Yes,No,No,No,No,One year,Yes,Electronic check,94.15,4828.95,0
CUST-01095,Male,0,Yes,No,33,Yes,Yes,Fiber optic,Yes,Yes,Yes,Yes,No,Yes,Month-to-month,Yes,Electronic check,63.43,2187.58,0
CUST-01096,Male,0,Yes,No,36,Yes,Yes,DSL,Yes,No,No,No,No,No,Two year,No,Electronic check,81.39,2836.41,0
CUST-01097,Male,0,No,No,48,Yes,No,DSL,Yes,No,Yes,Yes,No,No,Month-to-month,Yes,Credit card (automatic),47.24,2343.72,0
CUST-01098,Male,1,No,No,41,Yes,Yes,DSL,Yes,No,No,No,No,Yes,Month-to-month,Yes,Credit card (automatic),77.58,3161.28,0
CUST-01099,Female,0,No,No,13,Yes,No,DSL,No,No,No,No,No,Yes,One year,No,Electronic check,53.78,671.94,0
CUST-01100,Male,1,No,No,32,Yes,No,DSL,No,Yes,No,No,No,No,Two year,Yes,Electronic check,61.52,1932.92,0
CUST-01101,Male,0,Yes,No,16,Yes,No,DSL,No,No,No,Yes,No,Yes,One year,Yes,Electronic check,86.52,1409.79,0
CUST-01102,Female,0,No,Yes,31,Yes,Yes,Fiber optic,No,No,No,Yes,No,Yes,Two year,No,Bank transfer (automatic),30.27,978.38,0
CUST-01103,Female,0,No,No,67,Yes,No,Fiber optic,No,Yes,No,Yes,No,No,Month-to-month,Yes,Bank transfer (automatic),52.04,3463.36,0
CUST-01104,Female,1,Yes,Yes,38,Yes,Yes,Fiber optic,Yes,Yes,No,No,Yes,Yes,Month-to-month,Yes,Bank transfer (automatic),93.4,3562.88,0
CUST-01105,Female,0,No,No,9,Yes,Yes,No,No internet service,No internet service,No internet service,No internet service,No internet service,No internet service,Month-to-month,No,Credit card (automatic),67.33,744.16,0
CUST-01106,Male,0,Yes,No,23,No,No phone service,Fiber optic,No,No,No,Yes,Yes,No,One year,Yes,Electronic check,54.83,1227.6,0
CUST-01107,Male,0,No,No,57,Yes,Yes,No,No internet service,No internet service,No internet service,No internet service,No internet service,No internet service,Month-to-month,Yes,Electronic check,89.18,5063.54,1
CUST-01108,Female,0,No,No,68,Yes,No,DSL,Yes,No,No,No,Yes,No,Month-to-month,Yes,Electronic check,51.76,3590.67,0
CUST-01109,Female,0,Yes,Yes,63,Yes,No,Fiber optic,Yes,Yes,Yes,No,No,No,Month-to-month,No,Electronic check,50.26,3087.6,0
CUST-01110,Male,1,No,Yes,18,Yes,No,Fiber optic,No,No,No,No,No,No,One year,Yes,Bank transfer (automatic),67.3,1223.66,0
CUST-01111,Female,1,No,No,7,Yes,No,Fiber optic,No,Yes,No,No,No,Yes,Two year,Yes,Electronic check,67.51,351.8,1
CUST-01112,Male,0,Yes,Yes,70,Yes,No,Fiber optic,No,No,No,No,Yes,No,Month-to-month,Yes,Mailed check,61.15,4211.52,0
CUST-01113,Male,1,Yes,No,39,Yes,Yes,DSL,No,No,Yes,No,Yes,No,Month-to-month,Yes,Bank transfer (automatic),68.82,2624.48,0
CUST-01114,Female,0,Yes,No,12,Yes,No,No,No internet service,No internet service,No internet service,No internet service,No internet service,No internet service,Month-to-month,Yes,Bank transfer (automatic),105.0,1216.17,1
CUST-01115,Female,0,No,No,26,Yes,No,Fiber optic,Yes,No,No,No,Yes,No,Month-to-month,Yes,Electronic check,72.71,1828.1,1
CUST-01116,Female,0,No,No,1,Yes,No,DSL,No,No,Yes,No,Yes,Yes,Month-to-month,No,Mailed check,41.39,51.44,0
CUST-01117,Male,0,No,No,15,Yes,Yes,Fiber optic,No,Yes,No,No,Yes,No,One year,Yes,Electronic check,72.69,1160.34,0
CUST-01118,Female,1,No,No,13,Yes,Yes,No,No internet service,No internet service,No internet service,No internet service,No internet service,No internet service,One year,Yes,Credit card (automatic),18.82,346.61,0
CUST-01119,Male,0,No,Yes,16,Yes,Yes,DSL,No,No,No,No,Yes,No,Month-to-month,Yes,Mailed check,112.52,1748.85,1
CUST-01120,Male,0,Yes,Yes,59,Yes,Yes,DSL,No,No,No,No,Yes,No,Month-to-month,Yes,Electronic check,48.53,2899.69,0
CUST-01121,Female,0,No,No,69,Yes,Yes,No,No internet service,No internet service,No internet service,No internet service,No internet service,No internet service,Month-to-month,Yes,Bank transfer (automatic),84.74,5907.49,0
CUST-01122,Female,0,Yes,No,16,Yes,No,No,No internet service,No internet service,No internet service,No internet service,No internet service,No internet service,Month-to-month,Yes,Electronic check,76.28,1226.53,1
CUST-01123,Female,0,Yes,Yes,44,Yes,Yes,DSL,No,No,No,No,Yes,No,Month-to-month,No,Electronic check,56.59,2525.38,0
CUST-01124,Female,1,No,No,37,Yes,Yes,No,No internet service,No internet service,No internet service,No internet service,No internet service,No internet service,Month-to-month,Yes,Electronic check,107.62,4004.94,1
CUST-01125,Female,0,Yes,No,63,Yes,No,Fiber optic,No,No,No,No,No,No,Month-to-month,Yes,Electronic check,118.75,7504.18,1
CUST-01126,Female,0,No,No,5,Yes,Yes,No,No internet service,No internet service,No internet service,No internet service,No internet service,No internet service,One year,Yes,Credit card (automatic),51.99,223.12,0
CUST-01127,Male,0,No,No,59,Yes,No,Fiber optic,No,No,No,No,No,No,One year,Yes,Mailed check,95.98,5563.12,0
CUST-01128,Male,0,Yes,No,48,Yes,No,No,No internet service,No internet service,No internet service,No internet service,No internet service,No internet service,Month-to-month,No,Electronic check,51.98,2477.61,0
CUST-01129,Male,0,Yes,No,20,Yes,No,Fiber optic,Yes,No,Yes,No,Yes,No,Two year,Yes,Mailed check,105.81,2077.86,0
CUST-01130,Male,0,No,No,22,Yes,No,DSL,No,No,No,No,Yes,Yes,Month-to-month,No,Mailed check,104.68,2289.07,0
CUST-01131,Female,0,No,No,56,Yes,No,DSL,Yes,No,No,No,Yes,No,Month-to-month,No,Electronic check,103.01,5816.63,0
CUST-01132,Female,0,Yes,No,63,Yes,Yes,Fiber optic,Yes,No,No,No,No,No,One year,Yes,Mailed check,37.34,2424.2,0
CUST-01133,Male,0,Yes,No,28,Yes,No,DSL,No,Yes,No,No,No,No,Month-to-month,No,Bank transfer (automatic),60.32,1696.5,0
CUST-01134,Male,0,No,Yes,26,Yes,No,Fiber optic,Yes,No,Yes,No,No,Yes,One year,Yes,Electronic check,60.4,1511.2,0
CUST-01135,Female,0,No,Yes,5,Yes,Yes,No,No internet service,No internet service,No internet service,No internet service,No internet service,No internet service,Two year,No,Mailed check,55.8,259.54,0
CUST-01136,Male,0,Yes,No,20,Yes,Yes,DSL,No,Yes,No,No,No,No,Month-to-month,Yes,Credit card (automatic),105.99,2081.18,0
CUST-01137,Female,0,Yes,No,70,Yes,No,Fiber optic,Yes,No,No,No,Yes,Yes,Month-to-month,Yes,Electronic check,34.44,2417.0,0
CUST-01138,Female,1,No,No,40,No,No phone service,Fiber optic,No,No,Yes,No,No,Yes,Month-to-month,Yes,Mailed check,85.3,3388.66,1
CUST-01139,Female,0,No,No,4,Yes,Yes,Fiber optic,No,No,Yes,No,No,Yes,Month-to-month,Yes,Credit card (automatic),89.16,401.77,1
CUST-01140,Female,0,No,Yes,14,Yes,No,DSL,No,No,No,No,Yes,No,Month-to-month,No,Bank transfer (automatic),54.38,718.92,0
CUST-01141,Female,0,No,No,20,Yes,No,DSL,No,No,Yes,No,No,Yes,One year,Yes,Bank transfer (automatic),85.4,1817.17,0
CUST-01142,Male,0,No,Yes,57,Yes,No,No,No internet service,No internet service,No internet service,No internet service,No internet service,No internet service,Month-to-month,No,Bank transfer (automatic),88.96,4997.1,0
CUST-01143,Female,0,Yes,No,3,Yes,No,No,No internet service,No internet service,No internet service,No internet service,No internet service,No internet service,Month-to-month,No,Mailed check,63.62,206.15,0
CUST-01144,Female,1,No,No,68,No,No phone service,Fiber optic,Yes,Yes,No,No,No,Yes,Month-to-month,Yes,Credit card (automatic),106.61,7168.95,1
CUST-01145,Male,0,Yes,No,6,Yes,No,Fiber optic,No,No,No,Yes,No,No,Month-to-month,Yes,Electronic check,57.26,395.95,1
CUST-01146,Female,0,No,Yes,34,Yes,No,Fiber optic,Yes,No,No,Yes,Yes,Yes,Month-to-month,Yes,Bank transfer (automatic),101.95,3468.64,0
CUST-01147,Female,0,Yes,No,35,Yes,No,Fiber optic,No,No,No,Yes,No,No,One year,No,Electronic check,78.16,2745.89,0
CUST-01148,Female,0,Yes,No,14,Yes,No,Fiber optic,No,No,No,Yes,Yes,Yes,Two year,Yes,Electronic check,64.15,853.24,0
CUST-01149,Female,0,No,No,1,No,No phone service,DSL,Yes,No,Yes,Yes,Yes,Yes,Month-to-month,Yes,Bank transfer (automatic),64.54,118.84,0
CUST-01150,Female,1,No,No,56,Yes,Yes,Fiber optic,Yes,No,No,Yes,Yes,No,One year,Yes,Bank transfer (automatic),43.06,2443.5,0
CUST-01151,Female,0,Yes,No,4,Yes,Yes,DSL,No,No,No,No,Yes,Yes,Two year,No,Electronic check,61.5,218.73,0
CUST-01152,Female,0,No,No,70,Yes,No,Fiber optic,No,Yes,Yes,No,Yes,No,Month-to-month,Yes,Electronic check,51.67,3616.07,0
CUST-01153,Female,0,Yes,No,31,Yes,No,DSL,No,Yes,No,No,No,No,Month-to-month,No,Electronic check,80.92,2464.0,0
CUST-01154,Female,0,Yes,Yes,71,Yes,No,Fiber optic,Yes,No,Yes,No,No,No,Two year,Yes,Credit card (automatic),102.37,7219.81,0
CUST-01155,Female,0,No,No,40,Yes,No,Fiber optic,Yes,No,No,Yes,No,Yes,Two year,No,Mailed check,86.98,3448.43,0
CUST-01156,Female,0,Yes,No,41,Yes,No,Fiber optic,No,No,No,No,No,No,Month-to-month,No,Mailed check,57.87,2358.97,0
CUST-01157,Male,0,No,No,64,Yes,Yes,Fiber optic,Yes,No,No,Yes,Yes,Yes,One year,Yes,Credit card (automatic),72.26,4624.73,0
CUST-01158,Female,0,Yes,Yes,39,Yes,Yes,No,No internet service,No internet service,No internet service,No internet service,No internet service,No internet service,One year,Yes,Bank transfer (automatic),82.33,3208.65,0
CUST-01159,Female,0,No,Yes,37,Yes,No,DSL,No,No,No,No,No,No,One year,No,Credit card (automatic),83.38,3041.8,0
CUST-01160,Male,0,No,Yes,41,Yes,No,Fiber optic,No,Yes,No,No,No,Yes,Two year,No,Credit card (automatic),116.62,4819.37,0
CUST-01161,Female,0,Yes,No,36,Yes,No,Fiber optic,No,No,No,No,No,No,One year,No,Electronic check,90.58,3315.36,0
CUST-01162,Male,0,Yes,No,55,Yes,Yes,No,No internet service,No internet service,No internet service,No internet service,No internet service,No internet service,Month-to-month,No,Bank transfer (automatic),81.34,4519.38,0
CUST-01163,Male,0,No,No,70,Yes,Yes,Fiber optic,No,No,No,Yes,Yes,No,Two year,No,Mailed check,82.33,5798.41,0
CUST-01164,Female,0,No,No,54,Yes,No,DSL,Yes,Yes,Yes,No,Yes,Yes,Month-to-month,Yes,Bank transfer (automatic),68.8,3590.07,0
CUST-01165,Male,0,Yes,No,53,No,No phone service,DSL,No,No,Yes,No,No,Yes,One year,No,Bank transfer (automatic),77.37,4050.69,0
CUST-01166,Female,0,No,No,21,Yes,No,DSL,No,Yes,No,No,No,No,One year,Yes,Electronic check,90.84,1833.22,0
CUST-01167,Female,0,Yes,No,26,Yes,Yes,Fiber optic,Yes,Yes,No,Yes,Yes,No,Two year,Yes,Credit card (automatic),55.94,1365.81,0
CUST-01168,Female,1,Yes,No,46,Yes,Yes,No,No internet service,No internet service,No internet service,No internet service,No internet service,No internet service,Two year,Yes,Electronic check,86.65,4043.1,0
CUST-01169,Male,0,Yes,No,37,Yes,No,DSL,Yes,Yes,No,No,No,Yes,One year,No,Mailed check,72.42,2764.3,0
CUST-01170,Male,0,Yes,No,38,Yes,Yes,DSL,Yes,No,No,No,No,Yes,Month-to-month,No,Electronic check,118.22,4492.74,1
CUST-01171,Female,0,No,Yes,14,Yes,Yes,DSL,No,No,No,No,No,Yes,One year,Yes,Mailed check,79.33,1134.19,0
CUST-01172,Female,0,No,No,65,Yes,No,DSL,Yes,No,No,Yes,Yes,No,One year,No,Credit card (automatic),87.22,5651.34,0
CUST-01173,Female,0,No,No,60,Yes,No,No,No internet service,No internet service,No internet service,No internet service,No internet service,No internet service,One year,No,Mailed check,56.93,3474.28,0
CUST-01174,Male,0,No,No,59,Yes,No,No,No internet service,No internet service,No internet service,No internet service,No internet service,No internet service,Month-to-month,Yes,Bank transfer (automatic),114.8,6787.2,0
CUST-01175,Female,0,No,No,7,Yes,No,DSL,No,Yes,Yes,Yes,Yes,No,Month-to-month,Yes,Electronic check,83.65,559.48,1
CUST-01176,Female,0,No,Yes,43,Yes,Yes,DSL,No,No,No,No,Yes,No,Month-to-month,Yes,Mailed check,110.08,4761.55,0
CUST-01177,Female,0,No,No,42,Yes,Yes,No,No internet service,No internet service,No internet service,No internet service,No internet service,No internet service,Month-to-month,Yes,Credit card (automatic),71.23,2982.58,0
CUST-01178,Male,0,No,No,5,Yes,Yes,DSL,Yes,Yes,No,No,Yes,No,One year,No,Credit card (automatic),70.65,363.03,0
CUST-01179,Female,0,No,No,26,Yes,No,Fiber optic,Yes,Yes,No,No,Yes,No,Two year,Yes,Mailed check,39.35,1057.77,0
CUST-01180,Female,0,Yes,Yes,44,Yes,Yes,No,No internet service,No internet service,No internet service,No internet service,No internet service,No internet service,Two year,Yes,Bank transfer (automatic),118.75,5413.01,0
CUST-01181,Female,0,No,No,22,Yes,No,Fiber optic,No,No,No,Yes,Yes,No,Month-to-month,Yes,Electronic check,82.29,1899.69,1
CUST-01182,Male,0,No,No,12,Yes,Yes,DSL,Yes,No,No,Yes,Yes,No,One year,Yes,Mailed check,118.06,1424.22,0
CUST-01183,Female,0,No,No,67,Yes,No,DSL,No,No,Yes,Yes,No,Yes,One year,Yes,Bank transfer (automatic),70.57,4681.2,0
CUST-01184,Female,1,No,Yes,63,Yes,No,No,No internet service,No internet service,No internet service,No internet service,No internet service,No internet service,Month-to-month,Yes,Electronic check,90.55,5591.97,1
CUST-01185,Male,0,No,Yes,24,Yes,No,DSL,Yes,No,Yes,No,No,Yes,Month-to-month,No,Credit card (automatic),98.15,2419.81,0
CUST-01186,Female,0,No,No,51,Yes,Yes,Fiber optic,No,No,Yes,Yes,No,No,One year,Yes,Bank transfer (automatic),85.33,4407.82,0
CUST-01187,Female,0,Yes,No,47,Yes,No,Fiber optic,No,Yes,No,Yes,Yes,No,Month-to-month,Yes,Bank transfer (automatic),68.21,3174.47,0
CUST-01188,Male,0,No,No,60,Yes,Yes,No,No internet service,No internet service,No internet service,No internet service,No internet service,No internet service,Month-to-month,No,Electronic check,66.47,3983.82,0
CUST-01189,Male,0,Yes,No,16,Yes,No,Fiber optic,No,No,No,No,Yes,No,Month-to-month,No,Electronic check,63.55,1027.2,1
CUST-01190,Female,0,No,No,39,Yes,No,DSL,Yes,No,No,No,No,Yes,Two year,No,Bank transfer (automatic),118.75,4660.95,0
CUST-01191,Male,0,No,No,68,Yes,Yes,Fiber optic,Yes,No,Yes,Yes,Yes,Yes,One year,No,Mailed check,63.91,4428.61,0
CUST-01192,Female,0,Yes,Yes,25,Yes,No,DSL,Yes,No,Yes,No,No,No,Two year,No,Mailed check,23.81,530.1,0
CUST-01193,Male,0,Yes,No,55,Yes,No,DSL,Yes,Yes,No,No,No,No,One year,No,Electronic check,78.57,4355.03,0
CUST-01194,Female,1,No,No,39,No,No phone service,No,No internet service,No internet service,No internet service,No internet service,No internet service,No internet service,Two year,No,Mailed check,76.03,2976.11,0
CUST-01195,Male,0,Yes,No,67,Yes,No,DSL,No,No,Yes,No,No,No,Two year,No,Bank transfer (automatic),71.43,4760.3,0
CUST-01196,Female,0,Yes,No,7,No,No phone service,DSL,Yes,Yes,No,Yes,No,Yes,Month-to-month,No,Bank transfer (automatic),55.45,428.47,0
CUST-01197,Female,0,No,No,72,Yes,Yes,DSL,Yes,Yes,No,Yes,Yes,Yes,Two year,Yes,Mailed check,73.15,5261.24,0
CUST-01198,Female,1,Yes,Yes,44,Yes,Yes,Fiber optic,No,No,No,No,Yes,No,Month-to-month,Yes,Bank transfer (automatic),43.12,1893.26,0
CUST-01199,Female,0,Yes,No,16,Yes,No,Fiber optic,Yes,No,Yes,No,No,No,One year,No,Credit card (automatic),116.68,1882.57,0
CUST-01200,Male,0,No,No,40,Yes,Yes,Fiber optic,No,No,No,No,No,No,Two year,Yes,Credit card (automatic),81.68,3244.3,0
CUST-01201,Female,0,Yes,No,8,Yes,No,Fiber optic,No,No,No,Yes,No,No,Month-to-month,No,Mailed check,74.06,625.2,0
CUST-01202,Male,0,Yes,No,69,Yes,No,Fiber optic,No,No,No,No,No,No,Two year,Yes,Electronic check,105.86,7284.47,0
CUST-01203,Male,1,No,Yes,23,Yes,No,Fiber optic,No,Yes,No,No,Yes,Yes,Two year,Yes,Mailed check,118.75,2815.76,1
CUST-01204,Male,0,No,No,72,No,No phone service,DSL,No,No,No,No,Yes,Yes,Two year,No,Mailed check,69.96,5048.54,0
CUST-01205,Female,0,No,No,10,No,No phone service,Fiber optic,Yes,No,No,No,Yes,No,Two year,Yes,Electronic check,79.06,757.1,0
CUST-01206,Female,1,No,Yes,34,Yes,Yes,Fiber optic,No,Yes,No,No,Yes,Yes,Month-to-month,No,Bank transfer (automatic),94.77,3237.62,1
CUST-01207,Female,0,No,No,28,Yes,Yes,DSL,No,No,No,No,No,No,Month-to-month,Yes,Mailed check,91.17,2602.24,0
CUST-01208,Male,0,Yes,Yes,7,Yes,Yes,DSL,No,No,No,Yes,Yes,Yes,One year,No,Bank transfer (automatic),93.59,576.37,0
CUST-01209,Male,0,Yes,No,16,Yes,Yes,Fiber optic,No,No,No,No,No,Yes,Month-to-month,No,Electronic check,95.16,1585.91,1
CUST-01210,Female,0,Yes,No,70,Yes,No,Fiber optic,No,No,Yes,Yes,Yes,Yes,Two year,Yes,Electronic check,69.44,4877.81,0
CUST-01211,Male,0,Yes,No,11,Yes,Yes,Fiber optic,No,No,No,No,Yes,No,Month-to-month,Yes,Credit card (automatic),101.41,1113.99,1
CUST-01212,Male,0,No,Yes,49,Yes,Yes,Fiber optic,Yes,No,Yes,No,Yes,Yes,One year,Yes,Electronic check,74.0,3591.68,0
CUST-01213,Male,0,No,No,23,Yes,Yes,Fiber optic,No,No,No,No,No,Yes,Month-to-month,No,Credit card (automatic),80.21,1862.18,0
CUST-01214,Female,0,Yes,No,36,Yes,Yes,No,No internet service,No internet service,No internet service,No internet service,No internet service,No internet service,Month-to-month,Yes,Mailed check,90.37,3209.14,0
CUST-01215,Female,0,No,No,10,No,No phone service,Fiber optic,Yes,No,No,Yes,No,Yes,One year,Yes,Electronic check,53.61,436.64,0
CUST-01216,Male,0,Yes,No,58,Yes,Yes,Fiber optic,No,No,No,No,Yes,No,One year,No,Electronic check,88.9,5120.55,0
CUST-01217,Male,0,Yes,Yes,54,Yes,No,DSL,No,No,No,No,Yes,Yes,Month-to-month,No,Mailed check,93.01,5008.91,0
CUST-01218,Female,0,No,No,26,Yes,Yes,DSL,No,No,Yes,No,No,Yes,Month-to-month,No,Electronic check,26.28,713.94,0
CUST-01219,Female,0,Yes,No,66,Yes,No,No,No internet service,No internet service,No internet service,No internet service,No internet service,No internet service,Month-to-month,No,Credit card (automatic),114.21,7526.92,0
CUST-01220,Male,0,Yes,No,59,Yes,Yes,DSL,Yes,No,Yes,No,No,Yes,Two year,Yes,Bank transfer (automatic),57.72,3348.23,0
CUST-01221,Female,0,Yes,No,1,Yes,No,DSL,Yes,No,No,No,No,No,Month-to-month,Yes,Mailed check,76.96,43.9,0
CUST-01222,Male,0,Yes,No,67,Yes,No,Fiber optic,Yes,No,Yes,No,No,No,One year,No,Credit card (automatic),117.53,7875.54,0
CUST-01223,Male,0,No,No,17,No,No phone service,DSL,No,Yes,No,Yes,No,Yes,Month-to-month,Yes,Electronic check,88.71,1540.35,1
CUST-01224,Female,0,No,No,19,Yes,No,Fiber optic,No,No,No,No,No,Yes,Two year,Yes,Credit card (automatic),98.65,1915.01,0
CUST-01225,Male,0,Yes,Yes,62,Yes,Yes,DSL,No,No,No,No,No,No,Month-to-month,Yes,Bank transfer (automatic),106.36,6526.22,0
CUST-01226,Female,0,Yes,No,71,Yes,Yes,Fiber optic,No,No,Yes,No,No,No,Month-to-month,Yes,Mailed check,67.56,4799.32,0
CUST-01227,Male,0,No,Yes,1,Yes,Yes,No,No internet service,No internet service,No internet service,No internet service,No internet service,No internet service,Month-to-month,No,Electronic check,44.22,82.91,0
CUST-01228,Male,1,No,No,41,Yes,Yes,Fiber optic,No,No,No,Yes,Yes,No,One year,Yes,Mailed check,86.07,3485.22,0
CUST-01229,Female,0,Yes,Yes,27,Yes,Yes,Fiber optic,No,No,No,No,Yes,No,Two year,No,Credit card (automatic),91.57,2562.4,0
CUST-01230,Male,0,Yes,No,28,Yes,No,Fiber optic,No,Yes,Yes,No,Yes,Yes,Two year,No,Electronic check,101.48,2816.72,1
CUST-01231,Female,0,No,Yes,68,Yes,Yes,Fiber optic,No,No,No,No,Yes,Yes,One year,No,Electronic check,98.96,6780.28,0
CUST-01232,Male,1,No,Yes,27,Yes,Yes,Fiber optic,No,No,No,No,No,No,Month-to-month,Yes,Bank transfer (automatic),61.46,1693.98,1
CUST-01233,Male,0,Yes,No,59,Yes,Yes,DSL,No,No,Yes,No,No,No,Month-to-month,Yes,Bank transfer (automatic),100.19,5876.82,0
CUST-01234,Male,0,No,Yes,4,Yes,No,DSL,No,No,No,No,No,Yes,Two year,No,Electronic check,18.25,73.81,0
CUST-01235,Female,0,Yes,No,14,Yes,No,DSL,No,No,No,Yes,Yes,No,One year,No,Bank transfer (automatic),103.75,1520.71,0
CUST-01236,Male,1,Yes,No,72,Yes,No,DSL,No,No,Yes,No,Yes,No,Month-to-month,Yes,Credit card (automatic),57.77,4132.6,0
CUST-01237,Female,0,No,Yes,31,Yes,Yes,DSL,No,No,No,Yes,No,Yes,One year,Yes,Electronic check,51.54,1606.6,0
CUST-01238,Male,0,No,No,51,No,No phone service,DSL,Yes,Yes,No,No,No,Yes,Month-to-month,Yes,Credit card (automatic),118.75,5980.97,0
CUST-01239,Female,1,Yes,No,36,Yes,No,No,No internet service,No internet service,No internet service,No internet service,No internet service,No internet service,Two year,Yes,Electronic check,76.43,2769.46,0
CUST-01240,Male,1,Yes,No,14,Yes,Yes,Fiber optic,Yes,No,Yes,No,Yes,Yes,One year,No,Electronic check,65.56,897.61,0
CUST-01241,Female,1,Yes,No,40,Yes,No,DSL,Yes,No,No,Yes,No,No,Month-to-month,Yes,Electronic check,46.73,1895.39,0
CUST-01242,Female,0,No,No,3,Yes,Yes,Fiber optic,Yes,Yes,Yes,No,No,Yes,Month-to-month,Yes,Mailed check,81.48,202.22,1
CUST-01243,Female,0,Yes,No,52,Yes,Yes,Fiber optic,No,No,No,Yes,No,Yes,Two year,Yes,Credit card (automatic),97.05,5062.59,0
CUST-01244,Female,0,Yes,Yes,26,Yes,No,Fiber optic,Yes,No,No,No,Yes,No,Month-to-month,No,Electronic check,64.83,1668.07,0
CUST-01245,Female,0,Yes,No,20,Yes,No,Fiber optic,No,No,No,No,No,No,Month-to-month,No,Mailed check,19.08,249.7,0
CUST-01246,Female,0,No,No,59,Yes,No,DSL,No,Yes,No,No,Yes,No,Month-to-month,Yes,Electronic check,118.75,7010.64,1
CUST-01247,Male,0,Yes,No,63,Yes,Yes,Fiber optic,Yes,No,No,No,Yes,No,Month-to-month,Yes,Electronic check,71.53,4569.44,0
CUST-01248,Male,0,Yes,No,70,Yes,No,Fiber optic,No,No,No,No,No,No,Month-to-month,No,Credit card (automatic),71.94,4980.98,0
CUST-01249,Female,0,Yes,No,46,Yes,Yes,Fiber optic,Yes,No,Yes,No,No,Yes,One year,Yes,Bank transfer (automatic),75.5,3440.77,0
CUST-01250,Female,0,No,Yes,53,Yes,Yes,Fiber optic,Yes,No,Yes,No,Yes,Yes,Two year,No,Bank transfer (automatic),57.23,3099.46,0
CUST-01251,Female,0,No,No,30,No,No phone service,Fiber optic,No,No,No,No,No,Yes,One year,No,Bank transfer (automatic),106.01,3208.12,0
CUST-01252,Female,0,No,No,16,Yes,No,Fiber optic,No,No,No,No,Yes,Yes,One year,Yes,Electronic check,90.38,1429.63,1
CUST-01253,Male,0,No,Yes,49,Yes,No,Fiber optic,Yes,No,No,No,No,Yes,Two year,Yes,Electronic check,89.0,4375.79,0
CUST-01254,Male,0,No,Yes,6,Yes,Yes,DSL,No,No,No,No,No,No,Two year,Yes,Mailed check,118.75,681.22,0
CUST-01255,Female,0,Yes,Yes,27,Yes,No,Fiber optic,Yes,No,No,No,Yes,No,One year,No,Credit card (automatic),56.32,1644.21,0
CUST-01256,Male,0,No,No,9,Yes,Yes,No,No internet service,No internet service,No internet service,No internet service,No internet service,No internet service,Month-to-month,No,Bank transfer (automatic),103.17,972.87,0
CUST-01257,Male,0,Yes,No,26,Yes,Yes,Fiber optic,Yes,Yes,Yes,Yes,Yes,No,Month-to-month,No,Mailed check,18.25,559.94,0
CUST-01258,Female,0,Yes,Yes,12,Yes,No,No,No internet service,No internet service,No internet service,No internet service,No internet service,No internet service,Month-to-month,Yes,Mailed check,87.76,1057.72,1
CUST-01259,Male,0,No,Yes,65,Yes,No,DSL,No,Yes,No,Yes,Yes,No,Two year,Yes,Credit card (automatic),118.75,7655.06,0
CUST-01260,Female,0,Yes,No,59,Yes,No,DSL,No,Yes,No,Yes,No,Yes,Month-to-month,No,Electronic check,51.95,3090.22,0
CUST-01261,Male,0,Yes,No,42,Yes,No,Fiber optic,No,No,No,No,No,No,One year,Yes,Electronic check,116.93,4973.82,1
CUST-01262,Female,1,Yes,No,68,Yes,Yes,DSL,No,Yes,No,No,No,No,Two year,No,Mailed check,44.88,3116.7,0
CUST-01263,Male,0,No,No,62,Yes,No,DSL,No,No,No,Yes,Yes,Yes,One year,No,Credit card (automatic),118.75,7278.12,0
CUST-01264,Male,1,Yes,No,69,Yes,No,Fiber optic,No,No,No,No,Yes,No,Month-to-month,No,Bank transfer (automatic),68.07,4707.4,0
CUST-01265,Male,1,No,Yes,64,Yes,Yes,DSL,Yes,No,No,No,Yes,Yes,Month-to-month,Yes,Bank transfer (automatic),60.37,3783.78,0
CUST-01266,Male,0,No,No,66,Yes,No,DSL,No,Yes,No,No,Yes,No,Two year,No,Electronic check,65.78,4312.18,0
CUST-01267,Male,1,No,No,53,Yes,No,No,No internet service,No internet service,No internet service,No internet service,No internet service,No internet service,One year,No,Electronic check,78.16,4171.75,0
CUST-01268,Male,0,Yes,No,35,Yes,Yes,DSL,No,Yes,No,No,No,No,Month-to-month,No,Electronic check,71.06,2553.67,0
CUST-01269,Female,0,No,No,70,Yes,No,DSL,No,No,Yes,No,Yes,Yes,Month-to-month,Yes,Credit card (automatic),78.41,5499.82,0
CUST-01270,Male,0,Yes,No,14,Yes,Yes,DSL,No,No,No,Yes,No,Yes,Month-to-month,Yes,Credit card (automatic),79.85,1060.51,0
CUST-01271,Female,0,Yes,No,17,Yes,No,No,No internet service,No internet service,No internet service,No internet service,No internet service,No internet service,Month-to-month,No,Mailed check,78.35,1361.92,0
CUST-01272,Female,1,Yes,No,3,Yes,Yes,Fiber optic,No,Yes,Yes,No,Yes,No,One year,Yes,Electronic check,70.57,169.17,1
CUST-01273,Female,0,No,No,10,Yes,No,DSL,Yes,Yes,No,No,Yes,No,Month-to-month,No,Credit card (automatic),60.33,588.68,0
CUST-01274,Male,0,Yes,No,5,Yes,No,DSL,Yes,No,No,No,No,No,Two year,Yes,Mailed check,81.4,411.52,0
CUST-01275,Female,0,Yes,No,50,Yes,Yes,Fiber optic,Yes,No,No,No,Yes,Yes,Two year,No,Electronic check,86.34,4283.51,0
CUST-01276,Male,0,Yes,Yes,57,Yes,Yes,DSL,Yes,No,Yes,No,No,No,One year,Yes,Electronic check,86.14,4941.8,0
CUST-01277,Male,0,Yes,Yes,59,Yes,No,No,No internet service,No internet service,No internet service,No internet service,No internet service,No internet service,Two year,No,Bank transfer (automatic),78.15,4648.47,0
CUST-01278,Female,0,No,No,17,Yes,No,Fiber optic,No,No,No,No,No,Yes,Two year,Yes,Credit card (automatic),55.04,987.09,0
CUST-01279,Male,1,No,Yes,66,Yes,No,DSL,Yes,Yes,No,No,Yes,Yes,One year,No,Mailed check,81.02,5418.59,0
CUST-01280,Female,0,No,No,16,Yes,Yes,No,No internet service,No internet service,No internet service,No internet service,No internet service,No internet service,Month-to-month,Yes,Electronic check,65.28,1037.32,1
CUST-01281,Female,0,Yes,Yes,33,Yes,Yes,DSL,No,No,No,No,Yes,Yes,Month-to-month,Yes,Mailed check,22.93,695.34,0
CUST-01282,Female,0,Yes,No,29,No,No phone service,DSL,No,No,No,No,Yes,No,Month-to-month,No,Electronic check,99.01,2814.76,1
CUST-01283,Female,0,No,No,18,Yes,No,DSL,No,No,No,No,No,Yes,Two year,Yes,Credit card (automatic),79.0,1508.76,0
CUST-01284,Male,0,Yes,No,8,Yes,Yes,Fiber optic,Yes,Yes,No,No,Yes,No,Two year,No,Electronic check,70.6,645.56,0
CUST-01285,Male,0,No,Yes,39,Yes,No,DSL,No,No,Yes,No,No,Yes,Month-to-month,Yes,Electronic check,88.54,3519.98,1
CUST-01286,Female,0,Yes,No,43,Yes,Yes,Fiber optic,No,No,Yes,No,No,Yes,Month-to-month,Yes,Bank transfer (automatic),57.1,2426.02,0
CUST-01287,Male,1,No,No,58,Yes,Yes,DSL,No,Yes,Yes,Yes,Yes,No,One year,Yes,Electronic check,112.04,6582.73,0
CUST-01288,Male,0,Yes,No,24,Yes,No,No,No internet service,No internet service,No internet service,No internet service,No internet service,No internet service,Month-to-month,Yes,Electronic check,103.5,2475.52,1
CUST-01289,Male,1,Yes,Yes,70,Yes,Yes,DSL,No,No,Yes,No,No,No,Month-to-month,Yes,Mailed check,50.67,3564.05,0
CUST-01290,Male,0,No,Yes,52,Yes,Yes,DSL,No,No,No,No,No,Yes,One year,Yes,Bank transfer (automatic),61.41,3234.64,0
CUST-01291,Male,0,No,No,47,Yes,No,Fiber optic,No,Yes,No,Yes,No,Yes,Month-to-month,Yes,Mailed check,93.41,4453.33,0
CUST-01292,Male,0,Yes,Yes,70,Yes,No,Fiber optic,Yes,Yes,No,No,Yes,Yes,Month-to-month,Yes,Credit card (automatic),85.89,6039.36,0
CUST-01293,Female,1,No,No,52,Yes,No,No,No internet service,No internet service,No internet service,No internet service,No internet service,No internet service,Two year,No,Mailed check,76.78,4061.31,0
CUST-01294,Female,0,No,No,48,Yes,No,DSL,No,Yes,No,Yes,Yes,No,One year,No,Credit card (automatic),87.66,4208.34,0
CUST-01295,Female,1,Yes,Yes,42,Yes,No,No,No internet service,No internet service,No internet service,No internet service,No internet service,No internet service,Month-to-month,Yes,Mailed check,29.04,1209.54,0
CUST-01296,Male,1,Yes,No,18,Yes,Yes,Fiber optic,Yes,No,No,Yes,Yes,No,Two year,No,Mailed check,49.46,874.26,0
CUST-01297,Male,0,Yes,Yes,65,Yes,Yes,DSL,Yes,Yes,No,No,No,Yes,Two year,Yes,Credit card (automatic),63.98,4101.23,0
CUST-01298,Male,0,Yes,No,33,Yes,No,No,No internet service,No internet service,No internet service,No internet service,No internet service,No internet service,Month-to-month,Yes,Bank transfer (automatic),93.65,2950.53,0
CUST-01299,Female,0,No,No,72,Yes,Yes,Fiber optic,Yes,No,No,No,No,No,Month-to-month,No,Electronic check,26.15,1934.87,0
CUST-01300,Female,0,Yes,No,53,Yes,No,Fiber optic,Yes,No,No,No,No,No,Month-to-month,Yes,Bank transfer (automatic),81.89,4328.46,0
CUST-01301,Male,0,Yes,No,0,Yes,No,No,No internet service,No internet service,No internet service,No internet service,No internet service,No internet service,Two year,Yes,Electronic check,60.58,0.0,0
CUST-01302,Female,0,Yes,No,54,Yes,Yes,Fiber optic,Yes,No,No,No,Yes,Yes,Two year,Yes,Electronic check,93.78,5094.03,0
CUST-01303,Male,0,No,No,14,Yes,No,DSL,No,Yes,No,No,Yes,Yes,Month-to-month,No,Credit card (automatic),92.15,1298.0,0
CUST-01304,Female,0,Yes,No,14,Yes,No,No,No internet service,No internet service,No internet service,No internet service,No internet service,No internet service,Month-to-month,Yes,Bank transfer (automatic),114.4,1648.82,0
CUST-01305,Female,0,Yes,No,22,Yes,Yes,DSL,No,No,No,No,No,Yes,One year,Yes,Electronic check,43.71,1015.2,0
CUST-01306,Female,0,Yes,No,65,Yes,Yes,Fiber optic,Yes,No,No,No,Yes,Yes,Month-to-month,Yes,Electronic check,58.49,3754.26,0
CUST-01307,Female,0,No,Yes,45,No,No phone service,DSL,Yes,No,No,No,No,No,One year,Yes,Mailed check,77.47,3562.8,0
CUST-01308,Female,0,Yes,Yes,8,Yes,Yes,DSL,No,No,No,Yes,Yes,Yes,Month-to-month,No,Electronic check,106.36,894.1,1
CUST-01309,Male,0,No,No,65,Yes,Yes,Fiber optic,Yes,No,No,Yes,No,Yes,Month-to-month,No,Electronic check,89.96,5803.62,0
CUST-01310,Female,0,Yes,No,65,Yes,Yes,Fiber optic,No,Yes,No,No,No,No,Month-to-month,Yes,Electronic check,81.66,5275.44,1
CUST-01311,Male,0,Yes,No,17,No,No phone service,Fiber optic,No,Yes,Yes,No,No,No,Two year,Yes,Bank transfer (automatic),102.97,1688.35,0
CUST-01312,Female,0,Yes,No,16,Yes,No,No,No internet service,No internet service,No internet service,No internet service,No internet service,No internet service,Two year,Yes,Mailed check,62.29,1028.03,0
CUST-01313,Female,0,Yes,Yes,71,Yes,No,DSL,No,Yes,No,No,Yes,Yes,Two year,No,Electronic check,109.1,7737.26,0
CUST-01314,Female,0,No,Yes,33,Yes,No,Fiber optic,No,No,No,No,No,No,Two year,Yes,Credit card (automatic),117.96,3768.04,0
CUST-01315,Male,0,No,Yes,68,Yes,No,Fiber optic,No,No,Yes,No,No,Yes,Month-to-month,No,Credit card (automatic),75.62,5114.44,0
CUST-01316,Female,1,No,No,63,Yes,No,Fiber optic,Yes,No,Yes,No,No,No,Two year,Yes,Mailed check,40.01,2501.58,0
CUST-01317,Female,0,No,No,43,Yes,No,Fiber optic,No,No,No,No,No,No,Month-to-month,Yes,Electronic check,79.61,3428.51,1
CUST-01318,Female,0,Yes,No,28,Yes,Yes,Fiber optic,No,No,Yes,Yes,Yes,Yes,Two year,No,Mailed check,115.0,3143.04,0
CUST-01319,Male,0,Yes,Yes,61,Yes,No,Fiber optic,No,No,No,No,Yes,No,Month-to-month,Yes,Bank transfer (automatic),90.81,5545.24,1
CUST-01320,Male,0,No,No,15,Yes,Yes,Fiber optic,No,No,No,No,No,No,Month-to-month,No,Electronic check,37.69,640.39,1
CUST-01321,Male,0,No,No,51,Yes,No,DSL,No,No,No,No,No,Yes,Month-to-month,No,Bank transfer (automatic),108.84,5560.19,0
CUST-01322,Male,0,No,No,1,Yes,Yes,Fiber optic,No,Yes,No,No,No,No,Month-to-month,Yes,Bank transfer (automatic),90.02,119.49,1
CUST-01323,Female,0,Yes,No,60,Yes,No,DSL,No,No,No,Yes,Yes,Yes,One year,Yes,Credit card (automatic),103.32,6277.37,0
CUST-01324,Male,0,Yes,No,3,Yes,No,No,No internet service,No internet service,No internet service,No internet service,No internet service,No internet service,One year,Yes,Electronic check,98.74,291.49,1
CUST-01325,Female,0,No,No,51,Yes,Yes,Fiber optic,No,No,No,Yes,No,No,Two year,No,Electronic check,63.52,3233.18,0
CUST-01326,Male,0,Yes,Yes,40,No,No phone service,DSL,No,No,No,Yes,No,No,Month-to-month,No,Electronic check,102.02,4098.04,0
CUST-01327,Male,1,Yes,Yes,51,Yes,Yes,DSL,No,No,No,No,Yes,No,One year,No,Credit card (automatic),60.94,3063.7,0
CUST-01328,Female,0,Yes,Yes,30,Yes,No,Fiber optic,No,No,No,No,No,No,One year,Yes,Electronic check,44.63,1304.17,0
CUST-01329,Female,0,No,No,25,Yes,Yes,Fiber optic,No,No,No,Yes,No,Yes,Month-to-month,Yes,Bank transfer (automatic),52.75,1216.79,0
CUST-01330,Female,0,Yes,No,26,Yes,No,No,No internet service,No internet service,No internet service,No internet service,No internet service,No internet service,Month-to-month,No,Credit card (automatic),90.93,2478.6,0
CUST-01331,Female,0,No,Yes,50,Yes,Yes,DSL,No,Yes,No,No,No,No,Two year,No,Credit card (automatic),66.72,3377.54,0
CUST-01332,Female,0,Yes,No,47,Yes,Yes,DSL,Yes,Yes,Yes,No,Yes,Yes,One year,Yes,Mailed check,113.42,5283.37,0
CUST-01333,Male,0,No,No,10,Yes,No,No,No internet service,No internet service,No internet service,No internet service,No internet service,No internet service,Month-to-month,No,Credit card (automatic),99.25,1043.69,1
CUST-01334,Female,0,No,No,7,Yes,No,DSL,No,No,No,No,No,Yes,Month-to-month,No,Bank transfer (automatic),87.82,574.34,0
CUST-01335,Female,0,Yes,No,11,Yes,Yes,Fiber optic,No,No,Yes,No,No,Yes,Month-to-month,No,Credit card (automatic),106.03,1169.73,1
CUST-01336,Female,0,No,No,44,Yes,No,DSL,No,No,No,No,No,Yes,Month-to-month,Yes,Electronic check,46.73,2059.27,0
CUST-01337,Male,0,Yes,No,33,Yes,No,Fiber optic,No,No,No,No,Yes,No,Month-to-month,Yes,Bank transfer (automatic),98.5,3228.19,1
CUST-01338,Female,0,Yes,No,71,Yes,Yes,DSL,Yes,No,Yes,Yes,Yes,Yes,Month-to-month,Yes,Mailed check,94.22,6648.98,0
CUST-01339,Male,0,No,No,46,Yes,Yes,Fiber optic,No,Yes,Yes,No,Yes,No,Month-to-month,No,Mailed check,44.55,2109.73,0
CUST-01340,Male,0,Yes,No,20,Yes,No,Fiber optic,No,No,Yes,Yes,No,Yes,Month-to-month,Yes,Bank transfer (automatic),54.78,1099.82,0
CUST-01341,Male,0,Yes,Yes,40,Yes,Yes,No,No internet service,No internet service,No internet service,No internet service,No internet service,No internet service,Two year,Yes,Electronic check,71.59,2947.7,0
CUST-01342,Male,0,Yes,No,21,No,No phone service,DSL,No,No,No,Yes,Yes,No,Month-to-month,No,Electronic check,68.23,1380.78,0
CUST-01343,Female,0,Yes,No,20,Yes,No,DSL,No,Yes,No,No,Yes,No,One year,No,Mailed check,71.75,1411.36,0
CUST-01344,Female,0,No,No,27,Yes,Yes,DSL,Yes,No,No,No,No,No,Month-to-month,Yes,Electronic check,58.26,1570.74,0
CUST-01345,Female,0,Yes,No,66,Yes,Yes,No,No internet service,No internet service,No internet service,No internet service,No internet service,No internet service,Month-to-month,Yes,Electronic check,116.15,7721.06,1
CUST-01346,Male,0,No,No,70,Yes,No,Fiber optic,Yes,No,No,Yes,Yes,No,Month-to-month,No,Credit card (automatic),48.86,3380.74,0
CUST-01347,Male,0,No,No,13,Yes,Yes,Fiber optic,Yes,No,Yes,No,Yes,Yes,Month-to-month,No,Electronic check,41.68,570.4,0
CUST-01348,Male,1,Yes,Yes,72,Yes,No,DSL,No,No,Yes,No,No,No,Two year,No,Electronic check,56.44,4080.83,0
CUST-01349,Female,0,Yes,No,51,Yes,Yes,Fiber optic,No,Yes,Yes,No,No,No,Month-to-month,Yes,Electronic check,61.2,3192.62,1
CUST-01350,Male,0,No,Yes,42,Yes,No,Fiber optic,Yes,No,No,No,No,Yes,Month-to-month,Yes,Mailed check,58.0,2460.9,0
CUST-01351,Female,0,Yes,Yes,70,Yes,No,DSL,No,No,No,Yes,Yes,No,Month-to-month,No,Credit card (automatic),118.75,8222.68,0
CUST-01352,Female,0,Yes,No,18,Yes,Yes,Fiber optic,No,No,Yes,No,No,No,Month-to-month,No,Electronic check,56.04,958.02,1
CUST-01353,Male,0,Yes,Yes,26,Yes,No,DSL,No,No,Yes,No,Yes,No,One year,Yes,Bank transfer (automatic),70.57,1786.66,0
CUST-01354,Female,0,No,No,17,Yes,No,Fiber optic,No,No,Yes,No,Yes,Yes,Month-to-month,No,Mailed check,40.8,670.98,0
CUST-01355,Female,1,No,No,12,Yes,Yes,No,No internet service,No internet service,No internet service,No internet service,No internet service,No internet service,Month-to-month,No,Bank transfer (automatic),59.94,785.5,0
CUST-01356,Female,1,Yes,No,0,Yes,No,No,No internet service,No internet service,No internet service,No internet service,No internet service,No internet service,Month-to-month,Yes,Bank transfer (automatic),85.03,0.0,1
CUST-01357,Female,0,Yes,Yes,33,Yes,Yes,Fiber optic,No,No,Yes,No,Yes,Yes,Month-to-month,No,Bank transfer (automatic),91.6,3024.53,1
CUST-01358,Male,0,No,No,12,Yes,No,DSL,No,No,No,No,No,No,One year,Yes,Credit card (automatic),96.27,1143.99,0
CUST-01359,Male,1,No,No,50,Yes,No,Fiber optic,No,No,No,Yes,Yes,No,Month-to-month,Yes,Credit card (automatic),52.0,2626.94,0
CUST-01360,Female,0,No,No,0,Yes,Yes,DSL,Yes,Yes,No,No,No,No,Month-to-month,Yes,Credit card (automatic),53.17,0.0,0
CUST-01361,Female,0,No,No,27,Yes,Yes,DSL,No,Yes,No,Yes,Yes,No,Month-to-month,Yes,Bank transfer (automatic),94.19,2534.6,0
CUST-01362,Male,0,Yes,Yes,31,Yes,No,Fiber optic,Yes,No,No,No,Yes,Yes,Month-to-month,Yes,Bank transfer (automatic),73.7,2275.57,0
CUST-01363,Female,0,No,No,71,Yes,No,No,No internet service,No internet service,No internet service,No internet service,No internet service,No internet service,Two year,No,Electronic check,78.35,5559.3,0
CUST-01364,Female,0,Yes,No,54,Yes,Yes,DSL,No,No,No,No,Yes,Yes,Month-to-month,No,Electronic check,92.25,4953.21,0
CUST-01365,Female,0,Yes,Yes,25,No,No phone service,DSL,No,No,No,No,No,Yes,One year,Yes,Mailed check,98.39,2393.0,0
CUST-01366,Male,0,No,No,13,Yes,Yes,Fiber optic,Yes,Yes,No,Yes,No,No,Month-to-month,Yes,Bank transfer (automatic),54.34,753.05,0
CUST-01367,Female,0,Yes,No,67,Yes,No,DSL,No,No,Yes,No,No,No,Month-to-month,Yes,Electronic check,76.71,5133.75,0
CUST-01368,Female,0,No,Yes,62,Yes,No,Fiber optic,No,No,Yes,Yes,No,No,Month-to-month,Yes,Electronic check,75.61,4744.25,0
CUST-01369,Male,0,Yes,No,13,Yes,No,DSL,Yes,No,Yes,Yes,Yes,No,One year,No,Bank transfer (automatic),47.59,642.64,0
CUST-01370,Male,0,No,Yes,26,Yes,No,DSL,No,Yes,No,No,No,No,One year,Yes,Electronic check,81.1,2134.33,0
CUST-01371,Female,0,No,No,40,Yes,Yes,Fiber optic,No,No,No,Yes,Yes,No,One year,Yes,Mailed check,62.08,2539.73,0
CUST-01372,Male,0,Yes,No,2,Yes,Yes,No,No internet service,No internet service,No internet service,No internet service,No internet service,No internet service,Month-to-month,No,Mailed check,70.15,270.2,0
CUST-01373,Female,1,No,No,58,Yes,No,Fiber optic,Yes,No,No,Yes,No,No,One year,No,Credit card (automatic),94.29,5534.01,0
CUST-01374,Female,1,Yes,No,22,Yes,Yes,No,No internet service,No internet service,No internet service,No internet service,No internet service,No internet service,Month-to-month,Yes,Mailed check,79.77,1799.26,1
CUST-01375,Male,0,No,Yes,17,Yes,No,DSL,Yes,No,No,No,Yes,Yes,Two year,Yes,Electronic check,50.19,867.85,0
CUST-01376,Female,0,Yes,Yes,40,Yes,No,No,No internet service,No internet service,No internet service,No internet service,No internet service,No internet service,Month-to-month,No,Electronic check,80.65,3288.94,1
CUST-01377,Male,0,No,Yes,7,Yes,No,Fiber optic,No,No,No,No,No,Yes,Month-to-month,No,Electronic check,74.44,483.75,1
CUST-01378,Female,0,Yes,No,31,Yes,Yes,No,No internet service,No internet service,No internet service,No internet service,No internet service,No internet service,Month-to-month,No,Electronic check,60.27,1897.61,0
CUST-01379,Male,1,Yes,No,40,Yes,Yes,Fiber optic,Yes,No,No,No,No,Yes,Month-to-month,Yes,Bank transfer (automatic),53.98,2223.06,0
CUST-01380,Female,1,Yes,No,44,Yes,No,DSL,No,No,Yes,No,No,No,Month-to-month,No,Bank transfer (automatic),79.96,3565.86,0
CUST-01381,Male,0,Yes,Yes,8,Yes,Yes,DSL,No,Yes,No,No,No,No,Month-to-month,No,Bank transfer (automatic),36.18,285.63,0
CUST-01382,Male,0,No,No,47,Yes,No,Fiber optic,No,Yes,No,No,No,No,Month-to-month,No,Bank transfer (automatic),49.83,2364.78,0
CUST-01383,Female,0,No,No,23,Yes,No,DSL,No,No,No,No,Yes,Yes,Two year,Yes,Mailed check,41.11,929.07,0
CUST-01384,Male,0,No,No,43,Yes,Yes,No,No internet service,No internet service,No internet service,No internet service,No internet service,No internet service,Month-to-month,No,Credit card (automatic),45.67,1925.4,0
CUST-01385,Female,0,Yes,No,57,Yes,Yes,DSL,No,No,No,No,No,Yes,Month-to-month,Yes,Credit card (automatic),65.94,3831.12,0
CUST-01386,Male,0,Yes,Yes,65,Yes,No,DSL,No,No,Yes,No,No,Yes,One year,Yes,Electronic check,105.58,6840.99,0
CUST-01387,Female,0,Yes,Yes,17,Yes,No,DSL,No,Yes,No,Yes,No,No,Month-to-month,Yes,Mailed check,87.82,1470.81,0
CUST-01388,Male,0,No,No,28,Yes,No,DSL,Yes,Yes,Yes,Yes,Yes,No,Two year,Yes,Electronic check,101.97,2834.13,0
CUST-01389,Female,0,No,No,1,Yes,No,Fiber optic,No,No,No,No,No,Yes,One year,Yes,Bank transfer (automatic),54.87,20.08,0
CUST-01390,Male,0,Yes,Yes,67,Yes,No,Fiber optic,No,Yes,Yes,No,No,Yes,Month-to-month,No,Electronic check,29.03,1908.77,0
CUST-01391,Male,0,Yes,Yes,38,No,No phone service,No,No internet service,No internet service,No internet service,No internet service,No internet service,No internet service,Month-to-month,No,Bank transfer (automatic),60.34,2206.66,0
CUST-01392,Male,0,Yes,No,72,Yes,Yes,DSL,No,No,No,No,No,No,Month-to-month,Yes,Electronic check,108.19,7712.07,1
CUST-01393,Male,0,No,No,40,Yes,No,No,No internet service,No internet service,No internet service,No internet service,No internet service,No internet service,Month-to-month,No,Electronic check,65.72,2619.17,0
CUST-01394,Female,0,No,Yes,70,Yes,Yes,DSL,No,No,No,No,Yes,Yes,One year,Yes,Electronic check,79.18,5565.42,0
CUST-01395,Male,1,No,No,21,Yes,No,No,No internet service,No internet service,No internet service,No internet service,No internet service,No internet service,Two year,No,Credit card (automatic),67.55,1334.74,0
CUST-01396,Female,0,Yes,No,48,Yes,No,DSL,No,No,No,No,Yes,No,One year,Yes,Electronic check,94.1,4525.89,0
CUST-01397,Male,0,No,No,27,Yes,Yes,Fiber optic,No,No,No,Yes,No,Yes,Month-to-month,Yes,Credit card (automatic),94.51,2615.92,0
CUST-01398,Male,0,No,No,15,Yes,Yes,Fiber optic,No,No,Yes,Yes,No,Yes,Two year,No,Credit card (automatic),33.36,476.82,0
CUST-01399,Female,0,Yes,Yes,67,Yes,No,Fiber optic,No,Yes,No,No,No,Yes,Two year,Yes,Electronic check,18.55,1193.39,0
CUST-01400,Female,1,No,No,61,Yes,Yes,DSL,Yes,No,No,Yes,No,No,One year,Yes,Mailed check,94.84,5782.23,0
CUST-01401,Male,0,Yes,No,35,No,No phone service,Fiber optic,No,No,No,No,No,No,Month-to-month,Yes,Credit card (automatic),69.54,2459.86,0
CUST-01402,Male,1,Yes,No,21,Yes,Yes,DSL,Yes,Yes,No,No,Yes,Yes,Month-to-month,No,Bank transfer (automatic),89.3,1847.34,0
CUST-01403,Male,0,No,No,10,Yes,No,Fiber optic,No,Yes,No,No,No,No,Month-to-month,Yes,Mailed check,64.38,691.44,0
CUST-01404,Female,1,Yes,No,41,Yes,Yes,Fiber optic,Yes,No,No,No,No,No,Month-to-month,Yes,Credit card (automatic),88.72,3660.99,0
CUST-01405,Female,0,No,No,54,Yes,No,Fiber optic,No,Yes,No,No,No,No,Month-to-month,Yes,Electronic check,74.12,4089.03,1
CUST-01406,Male,1,No,No,72,Yes,Yes,No,No internet service,No internet service,No internet service,No internet service,No internet service,No internet service,Two year,Yes,Electronic check,62.01,4380.65,0
CUST-01407,Female,0,Yes,Yes,34,No,No phone service,DSL,No,No,No,No,No,Yes,One year,Yes,Electronic check,64.81,2132.95,0
CUST-01408,Female,0,No,Yes,56,Yes,Yes,DSL,No,No,No,Yes,No,Yes,One year,No,Bank transfer (automatic),73.57,4099.0,0
CUST-01409,Female,0,Yes,No,33,Yes,No,DSL,Yes,No,Yes,No,Yes,No,Month-to-month,Yes,Electronic check,89.86,2898.43,1
CUST-01410,Female,1,Yes,No,72,Yes,Yes,Fiber optic,No,No,No,No,Yes,Yes,Month-to-month,Yes,Credit card (automatic),75.71,5529.81,0
CUST-01411,Male,0,Yes,No,69,Yes,No,No,No internet service,No internet service,No internet service,No internet service,No internet service,No internet service,Month-to-month,Yes,Electronic check,52.79,3654.15,0
CUST-01412,Male,0,Yes,No,3,Yes,Yes,No,No internet service,No internet service,No internet service,No internet service,No internet service,No internet service,Month-to-month,No,Mailed check,112.03,319.59,1
CUST-01413,Male,1,Yes,No,45,Yes,No,No,No internet service,No internet service,No internet service,No internet service,No internet service,No internet service,Month-to-month,Yes,Bank transfer (automatic),84.03,3859.03,0
CUST-01414,Male,0,Yes,No,10,Yes,No,No,No internet service,No internet service,No internet service,No internet service,No internet service,No internet service,Month-to-month,No,Credit card (automatic),105.41,1068.73,1
CUST-01415,Female,0,Yes,No,60,Yes,No,No,No internet service,No internet service,No internet service,No internet service,No internet service,No internet service,Month-to-month,Yes,Mailed check,51.02,3050.76,0
CUST-01416,Female,0,Yes,No,34,Yes,Yes,Fiber optic,No,No,No,Yes,Yes,Yes,Month-to-month,No,Mailed check,68.38,2285.84,0
CUST-01417,Male,0,No,No,68,No,No phone service,No,No internet service,No internet service,No internet service,No internet service,No internet service,No internet service,Month-to-month,Yes,Bank transfer (automatic),84.22,5754.75,0
CUST-01418,Male,1,Yes,No,56,Yes,No,Fiber optic,No,No,Yes,No,No,No,Month-to-month,Yes,Bank transfer (automatic),94.23,5302.99,0
CUST-01419,Male,0,No,No,10,Yes,Yes,DSL,Yes,No,No,No,No,Yes,Two year,No,Mailed check,24.2,276.09,0
CUST-01420,Female,0,No,No,11,Yes,Yes,DSL,No,No,No,No,No,Yes,One year,No,Credit card (automatic),25.08,316.19,0
CUST-01421,Male,1,No,No,42,No,No phone service,DSL,No,No,Yes,Yes,No,No,One year,No,Credit card (automatic),59.3,2563.13,0
CUST-01422,Female,0,Yes,Yes,18,Yes,Yes,Fiber optic,Yes,No,Yes,Yes,Yes,Yes,Month-to-month,Yes,Credit card (automatic),86.17,1509.66,0
CUST-01423,Male,0,No,Yes,67,Yes,Yes,Fiber optic,Yes,Yes,Yes,No,No,No,One year,Yes,Electronic check,62.48,4298.0,0
CUST-01424,Male,0,No,No,58,Yes,Yes,DSL,No,No,Yes,No,No,No,One year,No,Electronic check,74.88,4433.04,0
CUST-01425,Female,0,No,No,1,Yes,No,Fiber optic,No,Yes,No,Yes,Yes,Yes,Two year,Yes,Electronic check,71.44,157.3,0
CUST-01426,Female,0,Yes,No,7,Yes,Yes,DSL,No,Yes,Yes,No,No,No,Month-to-month,Yes,Credit card (automatic),50.26,341.51,0
CUST-01427,Male,1,Yes,Yes,21,Yes,Yes,No,No internet service,No internet service,No internet service,No internet service,No internet service,No internet service,One year,No,Electronic check,109.52,2264.22,1
CUST-01428,Female,0,No,No,20,No,No phone service,No,No internet service,No internet service,No internet service,No internet service,No internet service,No internet service,Two year,Yes,Electronic check,52.9,1063.25,0
CUST-01429,Female,0,Yes,No,28,Yes,No,No,No internet service,No internet service,No internet service,No internet service,No internet service,No internet service,Month-to-month,Yes,Credit card (automatic),22.26,637.45,0
CUST-01430,Female,0,Yes,No,36,Yes,Yes,DSL,No,No,Yes,No,Yes,Yes,Month-to-month,No,Electronic check,50.44,1858.7,0
CUST-01431,Male,0,Yes,Yes,28,No,No phone service,No,No internet service,No internet service,No internet service,No internet service,No internet service,No internet service,Month-to-month,No,Electronic check,53.05,1477.19,0
CUST-01432,Female,1,No,No,36,Yes,No,DSL,Yes,Yes,No,Yes,Yes,No,Two year,Yes,Credit card (automatic),79.34,2902.31,0
CUST-01433,Female,1,No,No,20,Yes,No,Fiber optic,No,Yes,Yes,No,No,Yes,Month-to-month,Yes,Electronic check,78.4,1550.63,1
CUST-01434,Female,0,Yes,Yes,11,Yes,Yes,Fiber optic,No,No,No,No,No,No,One year,Yes,Credit card (automatic),86.2,950.59,0
CUST-01435,Male,0,No,No,47,Yes,No,Fiber optic,Yes,No,No,No,Yes,No,Two year,Yes,Mailed check,118.75,5617.39,0
CUST-01436,Male,0,Yes,No,46,Yes,Yes,No,No internet service,No internet service,No internet service,No internet service,No internet service,No internet service,Month-to-month,No,Mailed check,77.1,3552.69,0
CUST-01437,Male,0,Yes,No,14,Yes,No,Fiber optic,No,Yes,Yes,No,No,No,Month-to-month,Yes,Electronic check,93.06,1269.05,1
CUST-01438,Female,0,No,No,66,Yes,No,No,No internet service,No internet service,No internet service,No internet service,No internet service,No internet service,Two year,Yes,Credit card (automatic),68.04,4445.54,0
CUST-01439,Male,0,No,No,12,Yes,No,DSL,No,Yes,No,No,Yes,No,Two year,Yes,Bank transfer (automatic),78.91,1000.18,0
CUST-01440,Female,0,No,No,58,Yes,No,Fiber optic,No,Yes,Yes,No,No,No,One year,Yes,Electronic check,69.34,4046.53,0
CUST-01441,Female,0,Yes,No,72,Yes,No,Fiber optic,No,No,No,No,No,Yes,Month-to-month,Yes,Bank transfer (automatic),76.27,5560.81,0
CUST-01442,Male,0,No,Yes,12,Yes,Yes,DSL,Yes,No,No,No,Yes,Yes,Two year,Yes,Electronic check,75.83,967.22,0
CUST-01443,Female,0,Yes,Yes,71,Yes,Yes,No,No internet service,No internet service,No internet service,No internet service,No internet service,No internet service,Two year,No,Mailed check,104.46,7402.58,0
CUST-01444,Male,0,Yes,No,18,Yes,No,Fiber optic,Yes,No,No,No,Yes,Yes,One year,Yes,Electronic check,71.15,1331.03,0
CUST-01445,Female,0,Yes,Yes,56,Yes,No,Fiber optic,No,No,No,Yes,Yes,No,Month-to-month,Yes,Credit card (automatic),76.36,4293.78,0
CUST-01446,Male,0,No,No,31,Yes,No,Fiber optic,No,No,No,No,No,No,One year,Yes,Mailed check,82.14,2540.66,0
CUST-01447,Female,1,No,No,20,Yes,No,Fiber optic,No,Yes,No,No,Yes,Yes,Month-to-month,No,Credit card (automatic),94.74,2027.3,1
CUST-01448,Female,0,Yes,No,13,Yes,Yes,DSL,No,No,No,No,Yes,No,Month-to-month,Yes,Mailed check,36.6,593.1,0
CUST-01449,Female,0,Yes,No,23,No,No phone service,Fiber optic,Yes,No,Yes,No,Yes,No,One year,Yes,Mailed check,79.29,1856.19,0
CUST-01450,Female,0,No,No,48,Yes,No,Fiber optic,No,No,No,No,Yes,Yes,Month-to-month,Yes,Bank transfer (automatic),43.39,2040.22,0
CUST-01451,Female,1,Yes,No,31,Yes,Yes,No,No internet service,No internet service,No internet service,No internet service,No internet service,No internet service,Month-to-month,No,Bank transfer (automatic),107.04,3294.32,1
CUST-01452,Female,1,No,Yes,10,Yes,No,DSL,Yes,Yes,No,No,No,Yes,Month-to-month,Yes,Electronic check,79.86,771.5,1
CUST-01453,Female,0,Yes,Yes,59,Yes,No,Fiber optic,No,No,No,Yes,Yes,Yes,Month-to-month,Yes,Mailed check,108.86,6463.45,0
CUST-01454,Female,0,Yes,No,67,No,No phone service,DSL,No,No,Yes,No,No,No,Month-to-month,Yes,Bank transfer (automatic),37.68,2543.76,0
CUST-01455,Male,1,No,Yes,60,Yes,No,DSL,No,Yes,No,No,No,No,Month-to-month,Yes,Mailed check,74.11,4430.99,0
CUST-01456,Female,0,Yes,No,4,Yes,Yes,Fiber optic,No,No,No,No,No,Yes,Month-to-month,Yes,Electronic check,92.31,472.56,1
CUST-01457,Female,0,Yes,No,35,Yes,Yes,DSL,No,No,No,No,Yes,Yes,Month-to-month,No,Electronic check,109.96,3827.11,1
CUST-01458,Female,0,Yes,No,63,Yes,No,Fiber optic,No,No,No,No,Yes,No,Month-to-month,No,Bank transfer (automatic),87.51,5606.31,0
CUST-01459,Male,0,No,Yes,31,Yes,No,Fiber optic,Yes,No,No,No,No,No,Month-to-month,No,Electronic check,63.61,2030.45,0
CUST-01460,Female,0,No,No,70,Yes,Yes,DSL,No,No,No,No,No,Yes,Month-to-month,No,Electronic check,72.97,5140.1,0
CUST-01461,Male,0,Yes,Yes,65,Yes,No,Fiber optic,Yes,Yes,No,Yes,Yes,No,Two year,Yes,Electronic check,52.97,3404.11,0
CUST-01462,Female,0,Yes,No,9,Yes,No,DSL,Yes,No,Yes,No,No,No,Month-to-month,Yes,Electronic check,107.82,1050.59,1
CUST-01463,Male,1,No,Yes,20,Yes,No,No,No internet service,No internet service,No internet service,No internet service,No internet service,No internet service,One year,No,Electronic check,89.06,1879.85,0
CUST-01464,Female,0,Yes,No,39,Yes,No,DSL,Yes,No,No,No,Yes,No,One year,Yes,Credit card (automatic),70.93,2778.08,0
CUST-01465,Female,0,No,Yes,41,Yes,Yes,DSL,No,No,Yes,Yes,No,Yes,Month-to-month,No,Electronic check,89.29,3723.28,0
CUST-01466,Male,0,Yes,Yes,71,Yes,No,Fiber optic,No,No,Yes,No,No,No,Month-to-month,No,Mailed check,77.1,5479.01,0
CUST-01467,Female,0,Yes,No,45,Yes,Yes,No,No internet service,No internet service,No internet service,No internet service,No internet service,No internet service,Two year,Yes,Credit card (automatic),68.72,3167.65,0
CUST-01468,Male,0,No,Yes,72,Yes,No,No,No internet service,No internet service,No internet service,No internet service,No internet service,No internet service,Month-to-month,No,Credit card (automatic),61.11,4352.5,0
CUST-01469,Female,1,Yes,No,40,Yes,Yes,DSL,No,No,No,No,Yes,Yes,Month-to-month,Yes,Bank transfer (automatic),57.11,2333.87,0
CUST-01470,Female,0,No,Yes,3,Yes,No,DSL,No,Yes,No,No,Yes,No,One year,Yes,Credit card (automatic),79.93,113.86,0
CUST-01471,Female,0,Yes,No,13,Yes,No,Fiber optic,No,No,No,No,Yes,Yes,Month-to-month,No,Mailed check,97.99,1215.38,1
CUST-01472,Female,0,Yes,No,13,Yes,No,No,No internet service,No internet service,No internet service,No internet service,No internet service,No internet service,One year,Yes,Bank transfer (automatic),63.4,771.22,0
CUST-01473,Female,0,No,Yes,52,No,No phone service,Fiber optic,Yes,Yes,No,No,Yes,No,Month-to-month,Yes,Credit card (automatic),57.4,2985.49,0
CUST-01474,Male,1,Yes,No,28,Yes,Yes,Fiber optic,No,No,No,No,Yes,No,One year,Yes,Electronic check,97.7,2691.41,1
CUST-01475,Male,0,No,No,22,Yes,No,DSL,No,No,No,Yes,Yes,No,One year,Yes,Electronic check,75.03,1606.85,0
CUST-01476,Female,1,Yes,Yes,30,Yes,Yes,DSL,Yes,No,No,No,Yes,No,Month-to-month,Yes,Bank transfer (automatic),18.36,541.83,0
CUST-01477,Female,0,No,Yes,70,No,No phone service,Fiber optic,No,No,Yes,No,Yes,No,Month-to-month,No,Electronic check,62.09,4339.92,0
CUST-01478,Female,0,No,No,60,Yes,No,DSL,No,Yes,No,No,Yes,Yes,One year,No,Electronic check,90.05,5345.34,0
CUST-01479,Female,0,Yes,No,22,Yes,No,DSL,Yes,No,No,No,No,No,One year,No,Bank transfer (automatic),53.31,1105.67,0
CUST-01480,Male,0,No,No,7,No,No phone service,DSL,No,No,No,No,Yes,No,Month-to-month,Yes,Electronic check,72.25,463.2,1
CUST-01481,Female,0,No,No,15,Yes,No,Fiber optic,No,No,No,No,Yes,Yes,Month-to-month,Yes,Electronic check,40.98,664.8,0
CUST-01482,Male,0,Yes,No,25,Yes,No,DSL,Yes,No,No,No,No,No,Month-to-month,Yes,Credit card (automatic),63.19,1711.6,0
CUST-01483,Female,0,No,Yes,28,Yes,No,Fiber optic,No,Yes,No,No,Yes,Yes,One year,No,Electronic check,46.72,1381.14,0
CUST-01484,Male,0,No,No,5,Yes,No,No,No internet service,No internet service,No internet service,No internet service,No internet service,No internet service,Two year,Yes,Credit card (automatic),39.9,181.64,0
CUST-01485,Male,0,Yes,No,36,Yes,No,DSL,No,Yes,No,Yes,Yes,Yes,One year,Yes,Mailed check,56.03,2037.89,0
CUST-01486,Male,0,Yes,No,32,Yes,No,Fiber optic,Yes,Yes,No,No,No,Yes,One year,Yes,Credit card (automatic),96.26,3080.24,0
CUST-01487,Male,1,Yes,No,45,Yes,No,No,No internet service,No internet service,No internet service,No internet service,No internet service,No internet service,Two year,Yes,Credit card (automatic),86.67,3893.0,0
CUST-01488,Female,0,Yes,No,60,No,No phone service,DSL,Yes,No,No,No,Yes,Yes,Month-to-month,No,Mailed check,118.75,7130.48,0
CUST-01489,Male,0,No,No,40,Yes,Yes,DSL,Yes,No,Yes,No,Yes,No,Month-to-month,Yes,Credit card (automatic),60.61,2438.26,0
CUST-01490,Male,0,Yes,No,17,Yes,No,DSL,No,No,No,No,No,No,Month-to-month,No,Bank transfer (automatic),97.84,1575.97,1
CUST-01491,Male,0,No,Yes,15,Yes,No,Fiber optic,No,No,No,No,Yes,Yes,One year,No,Mailed check,118.54,1747.14,0
CUST-01492,Male,0,Yes,Yes,50,Yes,Yes,Fiber optic,No,Yes,Yes,No,No,No,Month-to-month,No,Mailed check,104.89,5242.37,0
CUST-01493,Male,0,Yes,No,36,Yes,Yes,DSL,No,Yes,No,Yes,No,Yes,One year,Yes,Electronic check,103.39,3841.26,0
CUST-01494,Male,0,No,No,13,Yes,No,No,No internet service,No internet service,No internet service,No internet service,No internet service,No internet service,Month-to-month,Yes,Bank transfer (automatic),74.83,1004.64,0
CUST-01495,Female,1,No,Yes,67,Yes,Yes,Fiber optic,No,No,No,Yes,Yes,No,Two year,No,Electronic check,85.09,5756.13,0
CUST-01496,Female,0,No,No,29,Yes,No,DSL,Yes,No,No,Yes,Yes,No,Two year,No,Electronic check,51.0,1473.49,0
CUST-01497,Female,0,Yes,No,59,Yes,Yes,Fiber optic,No,No,No,Yes,Yes,No,Month-to-month,No,Bank transfer (automatic),18.25,1148.7,0
CUST-01498,Male,0,Yes,Yes,52,Yes,Yes,DSL,No,Yes,No,No,No,No,Month-to-month,Yes,Mailed check,82.33,4295.37,0
CUST-01499,Male,0,Yes,Yes,35,Yes,No,Fiber optic,Yes,Yes,Yes,Yes,Yes,Yes,Two year,Yes,Mailed check,50.87,1821.74,0
CUST-01500,Female,0,No,No,29,Yes,Yes,DSL,No,No,No,Yes,Yes,Yes,Month-to-month,Yes,Mailed check,63.4,1847.36,0
CUST-01501,Female,0,Yes,No,63,No,No phone service,Fiber optic,No,No,Yes,No,Yes,No,Month-to-month,Yes,Mailed check,58.1,3687.9,0
CUST-01502,Male,0,No,No,13,Yes,No,DSL,Yes,Yes,Yes,No,No,Yes,One year,Yes,Electronic check,79.91,1015.04,0
CUST-01503,Male,0,No,No,22,Yes,No,Fiber optic,Yes,No,Yes,No,Yes,No,One year,No,Credit card (automatic),68.07,1589.03,0
CUST-01504,Male,0,Yes,No,47,Yes,No,DSL,No,No,Yes,Yes,Yes,No,One year,Yes,Bank transfer (automatic),107.96,5050.04,0
CUST-01505,Male,0,No,Yes,27,Yes,Yes,Fiber optic,No,Yes,Yes,No,Yes,Yes,Two year,Yes,Electronic check,55.67,1455.65,0
CUST-01506,Male,0,No,No,6,No,No phone service,DSL,Yes,Yes,No,No,Yes,No,Two year,Yes,Electronic check,75.35,460.12,0
CUST-01507,Female,0,No,No,41,Yes,Yes,DSL,No,No,Yes,Yes,No,No,Two year,Yes,Mailed check,70.92,3001.38,0
CUST-01508,Female,1,Yes,No,9,Yes,Yes,DSL,No,No,Yes,No,No,No,Month-to-month,Yes,Mailed check,63.89,540.85,1
CUST-01509,Female,1,Yes,Yes,67,Yes,No,DSL,No,No,No,Yes,Yes,No,Month-to-month,No,Credit card (automatic),77.38,5175.41,0
CUST-01510,Female,0,Yes,Yes,43,Yes,Yes,Fiber optic,No,Yes,No,No,No,No,Two year,No,Electronic check,113.98,4913.95,1
CUST-01511,Female,0,Yes,No,12,Yes,No,No,No internet service,No internet service,No internet service,No internet service,No internet service,No internet service,One year,Yes,Credit card (automatic),92.74,1046.68,0
CUST-01512,Female,0,No,No,32,Yes,Yes,Fiber optic,No,Yes,Yes,No,No,Yes,Month-to-month,No,Bank transfer (automatic),63.04,1948.5,0
CUST-01513,Female,1,No,No,31,Yes,No,No,No internet service,No internet service,No internet service,No internet service,No internet service,No internet service,Month-to-month,Yes,Mailed check,59.04,1886.5,0
CUST-01514,Male,0,Yes,No,47,Yes,Yes,DSL,Yes,Yes,No,No,No,Yes,Two year,No,Credit card (automatic),56.97,2681.37,0
CUST-01515,Male,0,No,No,4,Yes,Yes,DSL,Yes,No,No,No,Yes,Yes,Month-to-month,Yes,Credit card (automatic),73.45,240.78,0
CUST-01516,Male,0,No,No,60,Yes,No,Fiber optic,No,No,No,No,No,Yes,Two year,Yes,Bank transfer (automatic),40.43,2410.12,0
CUST-01517,Female,1,Yes,No,2,Yes,No,No,No internet service,No internet service,No internet service,No internet service,No internet service,No internet service,One year,Yes,Electronic check,64.89,101.81,0
CUST-01518,Female,0,Yes,No,23,Yes,No,Fiber optic,Yes,No,No,Yes,Yes,No,One year,Yes,Electronic check,82.75,1903.65,0
CUST-01519,Male,1,No,No,33,Yes,No,Fiber optic,No,No,No,Yes,Yes,Yes,Month-to-month,Yes,Bank transfer (automatic),56.45,1872.68,0
CUST-01520,Female,0,No,Yes,41,Yes,No,DSL,No,Yes,Yes,No,Yes,No,One year,No,Electronic check,76.71,3037.69,0
CUST-01521,Male,0,No,Yes,19,Yes,No,DSL,No,No,No,No,Yes,Yes,One year,Yes,Mailed check,79.27,1572.83,0
CUST-01522,Female,0,Yes,No,40,Yes,Yes,Fiber optic,Yes,No,Yes,No,Yes,Yes,Month-to-month,Yes,Mailed check,31.5,1263.69,0
CUST-01523,Male,0,Yes,No,19,Yes,Yes,Fiber optic,No,No,No,Yes,Yes,No,Month-to-month,No,Mailed check,77.8,1446.28,0
CUST-01524,Male,0,Yes,No,5,No,No phone service,DSL,No,No,No,No,No,No,One year,No,Mailed check,59.22,340.32,0
CUST-01525,Female,0,No,No,56,Yes,Yes,No,No internet service,No internet service,No internet service,No internet service,No internet service,No internet service,Month-to-month,Yes,Mailed check,118.75,6598.28,1
CUST-01526,Male,1,No,No,41,Yes,Yes,No,No internet service,No internet service,No internet service,No internet service,No internet service,No internet service,Two year,Yes,Electronic check,80.65,3290.94,0
CUST-01527,Male,0,Yes,No,24,Yes,Yes,No,No internet service,No internet service,No internet service,No internet service,No internet service,No internet service,Two year,No,Mailed check,50.36,1147.81,0
CUST-01528,Male,0,No,No,40,No,No phone service,No,No internet service,No internet service,No internet service,No internet service,No internet service,No internet service,Month-to-month,No,Mailed check,30.13,1242.42,0
CUST-01529,Female,0,No,Yes,40,Yes,No,DSL,No,No,Yes,No,Yes,No,Two year,No,Electronic check,74.32,3032.48,0
CUST-01530,Female,1,No,No,2,Yes,Yes,No,No internet service,No internet service,No internet service,No internet service,No internet service,No internet service,One year,Yes,Electronic check,102.93,225.06,1
CUST-01531,Male,0,No,No,42,Yes,Yes,Fiber optic,No,Yes,No,No,Yes,No,Month-to-month,Yes,Electronic check,60.71,2540.37,0
CUST-01532,Female,1,Yes,No,45,Yes,Yes,No,No internet service,No internet service,No internet service,No internet service,No internet service,No internet service,Month-to-month,Yes,Mailed check,84.12,3721.61,0
CUST-01533,Female,1,No,No,56,Yes,No,DSL,No,No,No,No,Yes,No,Month-to-month,Yes,Mailed check,96.28,5368.81,0
CUST-01534,Male,0,Yes,Yes,50,No,No phone service,Fiber optic,No,No,No,No,Yes,Yes,Month-to-month,No,Electronic check,94.14,4718.59,1
CUST-01535,Male,0,Yes,No,4,Yes,Yes,DSL,No,No,No,Yes,No,No,Month-to-month,No,Bank transfer (automatic),70.45,253.08,0
CUST-01536,Male,0,No,No,72,No,No phone service,DSL,Yes,No,No,No,No,Yes,Month-to-month,No,Mailed check,63.54,4552.13,0
CUST-01537,Male,0,No,No,14,Yes,Yes,No,No internet service,No internet service,No internet service,No internet service,No internet service,No internet service,Month-to-month,Yes,Bank transfer (automatic),65.45,860.19,0
CUST-01538,Female,1,Yes,No,38,Yes,No,No,No internet service,No internet service,No internet service,No internet service,No internet service,No internet service,One year,Yes,Credit card (automatic),48.53,1806.97,0
CUST-01539,Male,0,No,No,69,Yes,No,Fiber optic,Yes,Yes,No,No,Yes,Yes,One year,No,Electronic check,56.01,3791.36,0
CUST-01540,Female,0,No,No,37,Yes,No,Fiber optic,Yes,Yes,Yes,No,No,No,Two year,No,Electronic check,99.88,3709.39,0
CUST-01541,Female,0,No,Yes,38,Yes,Yes,Fiber optic,No,No,No,Yes,Yes,No,Month-to-month,Yes,Bank transfer (automatic),83.66,3181.57,0
CUST-01542,Male,0,Yes,No,51,No,No phone service,DSL,No,No,No,Yes,No,Yes,Month-to-month,No,Credit card (automatic),84.27,4302.5,0
CUST-01543,Female,1,No,No,2,No,No phone service,Fiber optic,Yes,No,Yes,No,Yes,No,Month-to-month,Yes,Mailed check,52.34,86.65,0
CUST-01544,Male,0,Yes,No,28,Yes,Yes,Fiber optic,No,No,No,No,No,Yes,Month-to-month,Yes,Electronic check,103.82,2877.43,1
CUST-01545,Female,0,Yes,No,30,Yes,Yes,Fiber optic,No,No,No,No,No,Yes,One year,Yes,Credit card (automatic),68.36,2035.9,0
CUST-01546,Female,0,Yes,No,65,Yes,Yes,No,No internet service,No internet service,No internet service,No internet service,No internet service,No internet service,Month-to-month,Yes,Mailed check,82.31,5328.83,0
CUST-01547,Female,0,Yes,No,44,No,No phone service,Fiber optic,Yes,No,No,No,No,No,Month-to-month,Yes,Mailed check,105.23,4637.78,0
CUST-01548,Female,0,No,Yes,72,Yes,No,Fiber optic,No,No,Yes,No,Yes,No,One year,No,Mailed check,61.93,4550.61,0
CUST-01549,Male,0,No,No,21,Yes,Yes,No,No internet service,No internet service,No internet service,No internet service,No internet service,No internet service,Month-to-month,No,Electronic check,57.03,1188.17,0
CUST-01550,Female,0,No,Yes,9,Yes,No,No,No internet service,No internet service,No internet service,No internet service,No internet service,No internet service,Month-to-month,Yes,Bank transfer (automatic),97.09,844.21,1
CUST-01551,Female,0,Yes,Yes,20,Yes,No,No,No internet service,No internet service,No internet service,No internet service,No internet service,No internet service,One year,No,Bank transfer (automatic),93.13,1850.14,0
CUST-01552,Female,0,No,No,16,Yes,No,Fiber optic,No,No,No,No,Yes,Yes,Two year,Yes,Credit card (automatic),80.81,1268.35,0
CUST-01553,Female,0,No,Yes,66,Yes,No,DSL,No,Yes,No,Yes,No,Yes,Month-to-month,No,Electronic check,24.72,1606.71,0
CUST-01554,Female,0,No,No,6,Yes,No,DSL,No,No,No,No,No,Yes,Two year,Yes,Bank transfer (automatic),102.81,587.64,0
CUST-01555,Male,0,No,No,35,No,No phone service,DSL,Yes,Yes,No,No,Yes,No,Month-to-month,Yes,Mailed check,59.61,2120.6,0
CUST-01556,Male,0,No,No,66,Yes,Yes,Fiber optic,No,Yes,No,No,Yes,No,Month-to-month,No,Credit card (automatic),64.67,4301.83,0
CUST-01557,Female,0,No,No,29,Yes,No,DSL,Yes,No,No,No,No,Yes,Month-to-month,No,Electronic check,69.02,2046.7,0
CUST-01558,Male,0,No,No,70,Yes,No,Fiber optic,Yes,No,Yes,No,No,No,One year,Yes,Bank transfer (automatic),49.78,3540.3,0
CUST-01559,Female,0,Yes,No,28,Yes,Yes,No,No internet service,No internet service,No internet service,No internet service,No internet service,No internet service,Month-to-month,No,Bank transfer (automatic),104.35,2903.57,0
CUST-01560,Female,1,No,No,71,Yes,Yes,No,No internet service,No internet service,No internet service,No internet service,No internet service,No internet service,One year,Yes,Bank transfer (automatic),84.17,5897.68,0
CUST-01561,Male,0,Yes,Yes,32,Yes,No,DSL,Yes,Yes,No,No,Yes,Yes,Two year,No,Credit card (automatic),91.93,3040.24,0
CUST-01562,Male,0,Yes,No,58,Yes,No,DSL,No,Yes,No,No,No,Yes,One year,No,Mailed check,58.69,3291.14,0
CUST-01563,Female,0,No,No,19,Yes,No,No,No internet service,No internet service,No internet service,No internet service,No internet service,No internet service,Two year,Yes,Bank transfer (automatic),97.3,1831.62,0
CUST-01564,Male,0,Yes,No,28,Yes,Yes,Fiber optic,No,Yes,No,No,Yes,No,Month-to-month,No,Bank transfer (automatic),109.48,2994.11,1
CUST-01565,Female,0,No,No,52,Yes,No,No,No internet service,No internet service,No internet service,No internet service,No internet service,No internet service,Month-to-month,Yes,Electronic check,45.36,2378.86,0
CUST-01566,Male,0,Yes,No,0,Yes,Yes,No,No internet service,No internet service,No internet service,No internet service,No internet service,No internet service,Month-to-month,Yes,Electronic check,41.88,0.0,1
CUST-01567,Female,0,Yes,No,33,Yes,No,Fiber optic,No,Yes,No,Yes,Yes,No,Month-to-month,Yes,Electronic check,54.45,1853.43,0
CUST-01568,Male,0,Yes,No,43,Yes,Yes,Fiber optic,No,Yes,Yes,No,Yes,No,Month-to-month,No,Bank transfer (automatic),99.09,4272.49,1
CUST-01569,Female,0,Yes,No,13,Yes,No,Fiber optic,No,No,No,No,No,Yes,One year,Yes,Electronic check,76.33,1067.86,1
CUST-01570,Male,0,No,Yes,36,Yes,Yes,Fiber optic,No,No,No,No,No,Yes,Month-to-month,Yes,Bank transfer (automatic),73.34,2645.32,1
CUST-01571,Female,0,Yes,No,34,Yes,Yes,Fiber optic,No,Yes,Yes,No,No,No,One year,No,Electronic check,83.9,2910.56,0
CUST-01572,Male,0,Yes,Yes,58,Yes,Yes,Fiber optic,No,Yes,No,Yes,No,Yes,Month-to-month,No,Mailed check,118.75,6833.22,0
CUST-01573,Female,0,Yes,No,23,Yes,Yes,No,No internet service,No internet service,No internet service,No internet service,No internet service,No internet service,Month-to-month,No,Electronic check,29.55,728.9,0
CUST-01574,Female,1,Yes,No,64,Yes,No,DSL,Yes,No,No,No,No,No,Month-to-month,No,Electronic check,71.14,4546.21,0
CUST-01575,Male,0,No,Yes,5,Yes,Yes,No,No internet service,No internet service,No internet service,No internet service,No internet service,No internet service,Month-to-month,Yes,Electronic check,18.25,103.14,0
CUST-01576,Male,0,Yes,No,67,No,No phone service,Fiber optic,Yes,No,No,No,No,No,Two year,No,Credit card (automatic),91.97,6208.37,0
CUST-01577,Male,1,No,No,37,Yes,Yes,No,No internet service,No internet service,No internet service,No internet service,No internet service,No internet service,Month-to-month,No,Electronic check,102.31,3804.8,1
CUST-01578,Female,0,No,No,0,Yes,No,DSL,Yes,No,No,No,No,No,One year,No,Electronic check,62.33,0.0,0
CUST-01579,Female,0,No,Yes,40,Yes,Yes,DSL,No,Yes,Yes,No,No,No,Two year,Yes,Credit card (automatic),91.88,3650.73,0
CUST-01580,Female,0,No,No,30,Yes,Yes,DSL,No,No,No,No,Yes,No,Month-to-month,Yes,Mailed check,35.77,1020.22,0
CUST-01581,Male,1,Yes,No,35,Yes,No,DSL,No,No,No,No,Yes,No,Two year,Yes,Bank transfer (automatic),86.83,3074.82,0
CUST-01582,Male,1,Yes,No,72,Yes,No,DSL,Yes,Yes,No,No,Yes,No,Month-to-month,No,Credit card (automatic),118.75,8532.71,0
CUST-01583,Female,0,No,No,53,Yes,No,No,No internet service,No internet service,No internet service,No internet service,No internet service,No internet service,Two year,Yes,Bank transfer (automatic),67.81,3571.49,0
CUST-01584,Female,0,No,No,30,Yes,No,Fiber optic,No,Yes,No,No,No,Yes,Month-to-month,Yes,Bank transfer (automatic),84.6,2548.13,1
CUST-01585,Female,0,No,No,28,Yes,Yes,No,No internet service,No internet service,No internet service,No internet service,No internet service,No internet service,One year,No,Mailed check,59.14,1644.07,0
CUST-01586,Male,0,No,No,2,Yes,No,Fiber optic,No,No,No,No,No,Yes,One year,No,Bank transfer (automatic),74.68,207.81,0
CUST-01587,Female,0,Yes,Yes,57,Yes,No,DSL,No,Yes,Yes,Yes,No,Yes,Month-to-month,Yes,Credit card (automatic),105.61,6059.02,0
CUST-01588,Male,0,Yes,Yes,60,Yes,No,Fiber optic,Yes,No,No,No,No,No,Month-to-month,Yes,Credit card (automatic),93.31,5634.75,0
CUST-01589,Male,0,No,Yes,5,Yes,Yes,No,No internet service,No internet service,No internet service,No internet service,No internet service,No internet service,Month-to-month,No,Bank transfer (automatic),68.14,319.94,0
CUST-01590,Female,0,No,No,19,Yes,No,Fiber optic,No,No,Yes,No,Yes,Yes,Month-to-month,Yes,Electronic check,69.67,1359.22,1
CUST-01591,Female,0,Yes,No,60,Yes,Yes,DSL,Yes,No,No,No,No,No,Month-to-month,No,Credit card (automatic),48.29,2922.57,0
CUST-01592,Female,0,No,No,45,Yes,No,No,No internet service,No internet service,No internet service,No internet service,No internet service,No internet service,Two year,No,Electronic check,101.7,4515.69,0
CUST-01593,Male,0,Yes,No,12,Yes,Yes,DSL,No,No,No,No,No,Yes,Month-to-month,No,Mailed check,90.4,1072.49,0
CUST-01594,Male,1,Yes,No,22,Yes,Yes,Fiber optic,No,No,No,No,No,Yes,Month-to-month,Yes,Electronic check,41.67,908.17,1
CUST-01595,Female,0,No,No,30,Yes,No,Fiber optic,Yes,No,Yes,No,Yes,No,Month-to-month,Yes,Electronic check,78.56,2431.57,1
CUST-01596,Female,0,No,Yes,3,Yes,Yes,DSL,No,Yes,Yes,No,Yes,Yes,Month-to-month,No,Bank transfer (automatic),47.25,120.76,0
CUST-01597,Male,0,Yes,Yes,65,Yes,No,DSL,No,No,No,No,Yes,Yes,Two year,Yes,Electronic check,67.64,4420.72,0
CUST-01598,Male,0,Yes,No,15,Yes,No,No,No internet service,No internet service,No internet service,No internet service,No internet service,No internet service,Month-to-month,No,Electronic check,92.37,1450.6,1
CUST-01599,Male,1,Yes,No,30,Yes,No,No,No internet service,No internet service,No internet service,No internet service,No internet service,No internet service,Month-to-month,Yes,Electronic check,98.91,2921.17,1
CUST-01600,Female,0,No,No,47,Yes,Yes,Fiber optic,No,Yes,Yes,No,No,Yes,Month-to-month,No,Mailed check,94.31,4446.54,0
CUST-01601,Male,0,Yes,No,42,Yes,No,DSL,No,Yes,No,No,Yes,Yes,Month-to-month,Yes,Bank transfer (automatic),69.07,3002.56,0
CUST-01602,Male,0,No,No,3,Yes,No,DSL,No,Yes,Yes,No,Yes,No,Month-to-month,Yes,Bank transfer (automatic),81.93,167.35,1
CUST-01603,Male,0,No,No,61,Yes,Yes,DSL,No,No,Yes,No,No,No,Month-to-month,No,Bank transfer (automatic),59.16,3578.42,0
CUST-01604,Male,0,No,No,47,Yes,No,Fiber optic,No,Yes,No,No,Yes,Yes,Month-to-month,No,Bank transfer (automatic),95.35,4495.1,1
CUST-01605,Male,0,Yes,Yes,27,Yes,Yes,DSL,Yes,No,No,No,Yes,Yes,One year,No,Electronic check,73.29,1997.05,0
CUST-01606,Female,0,No,No,15,Yes,Yes,DSL,No,Yes,No,No,Yes,Yes,Month-to-month,Yes,Bank transfer (automatic),60.21,911.02,0
CUST-01607,Male,0,Yes,No,68,Yes,No,Fiber optic,No,No,No,No,No,Yes,Month-to-month,Yes,Bank transfer (automatic),61.22,4190.25,0
CUST-01608,Female,0,Yes,No,29,Yes,No,Fiber optic,No,No,No,No,No,No,Month-to-month,No,Electronic check,90.99,2701.76,1
CUST-01609,Male,1,Yes,Yes,64,Yes,Yes,No,No internet service,No internet service,No internet service,No internet service,No internet service,No internet service,Month-to-month,Yes,Mailed check,75.47,4832.79,0
CUST-01610,Female,0,Yes,No,68,Yes,Yes,Fiber optic,Yes,No,No,No,No,Yes,Month-to-month,No,Electronic check,67.2,4565.89,0
CUST-01611,Female,1,No,No,13,Yes,No,Fiber optic,No,Yes,No,No,No,No,Month-to-month,No,Electronic check,59.47,802.84,1
CUST-01612,Female,0,Yes,No,33,Yes,Yes,Fiber optic,No,Yes,No,Yes,No,No,Month-to-month,No,Mailed check,43.5,1535.0,0
CUST-01613,Female,0,Yes,Yes,55,Yes,Yes,Fiber optic,Yes,No,No,No,Yes,No,Two year,Yes,Electronic check,81.8,4529.0,0
CUST-01614,Male,0,No,Yes,28,Yes,No,Fiber optic,No,No,No,No,Yes,Yes,Month-to-month,No,Electronic check,81.07,2321.9,1
CUST-01615,Male,0,Yes,No,24,Yes,Yes,Fiber optic,No,No,No,No,Yes,Yes,Month-to-month,Yes,Electronic check,36.29,792.3,0
CUST-01616,Female,0,No,No,65,Yes,No,Fiber optic,Yes,No,No,No,Yes,Yes,One year,Yes,Electronic check,52.13,3379.47,0
CUST-01617,Female,0,Yes,Yes,39,No,No phone service,Fiber optic,No,No,No,No,Yes,Yes,Month-to-month,Yes,Electronic check,34.21,1273.51,0
CUST-01618,Female,0,Yes,No,14,Yes,No,No,No internet service,No internet service,No internet service,No internet service,No internet service,No internet service,One year,Yes,Bank transfer (automatic),102.06,1429.6,0
CUST-01619,Female,0,No,Yes,31,Yes,Yes,Fiber optic,Yes,No,No,No,Yes,No,Month-to-month,No,Electronic check,89.76,2853.91,1
CUST-01620,Female,0,Yes,No,19,Yes,No,Fiber optic,No,No,Yes,Yes,Yes,Yes,Month-to-month,Yes,Credit card (automatic),100.24,1839.97,1
CUST-01621,Male,0,No,No,52,Yes,Yes,Fiber optic,No,Yes,No,No,No,Yes,One year,Yes,Credit card (automatic),117.73,6208.82,0
CUST-01622,Male,0,Yes,No,66,No,No phone service,DSL,Yes,No,No,No,No,No,Month-to-month,Yes,Bank transfer (automatic),90.15,5949.67,0
CUST-01623,Female,0,Yes,No,48,Yes,No,Fiber optic,No,Yes,Yes,No,Yes,No,Two year,No,Electronic check,75.16,3652.32,0
CUST-01624,Female,0,Yes,No,66,Yes,No,No,No internet service,No internet service,No internet service,No internet service,No internet service,No internet service,One year,Yes,Credit card (automatic),84.05,5598.74,0
CUST-01625,Male,0,Yes,No,0,No,No phone service,Fiber optic,No,Yes,No,Yes,No,No,One year,Yes,Mailed check,53.88,0.0,0
CUST-01626,Female,0,Yes,No,38,Yes,No,DSL,No,No,No,No,Yes,No,Month-to-month,Yes,Electronic check,55.19,2126.28,0
CUST-01627,Male,0,No,No,60,Yes,Yes,Fiber optic,No,No,Yes,No,No,No,Two year,Yes,Bank transfer (automatic),67.82,4025.61,0
CUST-01628,Female,0,Yes,No,54,Yes,No,DSL,No,Yes,No,No,Yes,No,Month-to-month,Yes,Electronic check,71.3,3900.82,0
CUST-01629,Male,0,Yes,No,68,Yes,Yes,Fiber optic,No,Yes,No,No,No,No,Two year,No,Mailed check,37.94,2446.39,0
CUST-01630,Male,0,Yes,Yes,1,No,No phone service,DSL,No,Yes,Yes,Yes,Yes,Yes,Month-to-month,No,Bank transfer (automatic),39.23,0.0,0
CUST-01631,Female,0,No,Yes,16,Yes,Yes,Fiber optic,No,Yes,No,No,Yes,Yes,Two year,Yes,Electronic check,40.46,618.33,0
CUST-01632,Male,0,No,No,28,Yes,No,Fiber optic,No,Yes,Yes,No,Yes,Yes,One year,No,Electronic check,41.08,1045.05,0
CUST-01633,Female,0,No,No,3,No,No phone service,Fiber optic,No,No,No,No,No,Yes,One year,Yes,Credit card (automatic),86.35,343.25,0
CUST-01634,Female,0,No,Yes,72,Yes,Yes,Fiber optic,No,No,No,Yes,Yes,No,Month-to-month,No,Bank transfer (automatic),71.64,5224.53,0
CUST-01635,Female,0,Yes,No,63,Yes,No,DSL,Yes,No,No,Yes,No,No,Month-to-month,Yes,Electronic check,73.93,4680.14,0
CUST-01636,Male,0,Yes,No,42,Yes,No,DSL,Yes,No,No,Yes,No,Yes,Two year,Yes,Mailed check,85.4,3635.79,0
CUST-01637,Male,1,No,No,11,Yes,No,Fiber optic,Yes,No,Yes,No,No,Yes,Month-to-month,No,Electronic check,92.1,1031.42,1
CUST-01638,Male,0,No,Yes,49,No,No phone service,DSL,No,Yes,No,No,Yes,No,One year,No,Credit card (automatic),88.2,4365.0,0
CUST-01639,Female,0,Yes,No,67,Yes,No,Fiber optic,Yes,No,No,Yes,Yes,Yes,Two year,Yes,Mailed check,118.75,8019.37,0
CUST-01640,Female,0,Yes,No,60,Yes,No,Fiber optic,Yes,No,No,No,Yes,No,Month-to-month,Yes,Bank transfer (automatic),79.32,4686.89,0
CUST-01641,Female,0,No,No,72,Yes,Yes,DSL,No,Yes,No,No,No,Yes,Month-to-month,No,Credit card (automatic),84.93,6160.73,0
CUST-01642,Female,0,No,Yes,50,Yes,No,DSL,Yes,No,No,No,Yes,No,Month-to-month,Yes,Credit card (automatic),61.81,3146.96,0
CUST-01643,Female,0,Yes,No,4,Yes,Yes,DSL,Yes,Yes,No,No,No,Yes,Month-to-month,Yes,Electronic check,23.2,63.27,0
CUST-01644,Female,1,No,No,27,Yes,No,Fiber optic,No,Yes,No,Yes,Yes,Yes,One year,No,Credit card (automatic),75.72,2032.88,0
CUST-01645,Male,0,Yes,No,9,Yes,No,DSL,No,Yes,No,Yes,No,No,Month-to-month,Yes,Electronic check,92.85,796.89,1
CUST-01646,Female,0,Yes,No,51,Yes,Yes,DSL,Yes,No,Yes,No,No,No,Month-to-month,Yes,Electronic check,58.53,3000.59,0
CUST-01647,Male,1,Yes,No,16,Yes,Yes,Fiber optic,No,No,Yes,No,No,Yes,Two year,No,Electronic check,59.45,970.74,0
CUST-01648,Female,1,Yes,No,64,Yes,Yes,No,No internet service,No internet service,No internet service,No internet service,No internet service,No internet service,Month-to-month,Yes,Bank transfer (automatic),102.9,6595.39,1
CUST-01649,Female,0,Yes,Yes,20,Yes,Yes,Fiber optic,No,No,No,No,No,No,Two year,No,Bank transfer (automatic),71.55,1392.68,0
CUST-01650,Female,1,No,No,53,Yes,No,No,No internet service,No internet service,No internet service,No internet service,No internet service,No internet service,Month-to-month,No,Bank transfer (automatic),54.28,2945.43,0
CUST-01651,Male,0,Yes,Yes,48,Yes,No,DSL,Yes,No,Yes,No,No,No,Month-to-month,Yes,Credit card (automatic),52.72,2501.47,0
CUST-01652,Male,1,No,Yes,21,No,No phone service,DSL,No,No,No,No,No,Yes,Month-to-month,Yes,Mailed check,89.32,1903.35,1
CUST-01653,Male,0,Yes,No,68,Yes,No,DSL,No,No,No,Yes,No,No,Month-to-month,No,Mailed check,76.17,5218.98,0
CUST-01654,Male,0,Yes,No,63,Yes,Yes,No,No internet service,No internet service,No internet service,No internet service,No internet service,No internet service,One year,Yes,Bank transfer (automatic),75.12,4646.98,0
CUST-01655,Male,0,No,No,35,Yes,No,DSL,No,No,No,No,No,No,Month-to-month,No,Bank transfer (automatic),40.37,1429.69,0
CUST-01656,Female,0,No,No,20,No,No phone service,Fiber optic,No,No,Yes,Yes,No,No,One year,Yes,Mailed check,84.7,1756.68,0
CUST-01657,Female,0,No,No,55,Yes,No,Fiber optic,No,No,No,Yes,No,Yes,Month-to-month,Yes,Credit card (automatic),103.45,5689.04,0
CUST-01658,Male,0,No,Yes,72,Yes,Yes,Fiber optic,No,Yes,No,No,No,No,One year,No,Electronic check,70.94,5152.63,0
CUST-01659,Male,0,Yes,Yes,47,Yes,Yes,DSL,No,No,No,No,Yes,Yes,Month-to-month,No,Bank transfer (automatic),86.76,4043.82,0
CUST-01660,Male,0,Yes,Yes,17,Yes,No,Fiber optic,No,Yes,No,Yes,No,No,One year,No,Electronic check,62.19,1109.94,0
CUST-01661,Female,0,No,No,14,Yes,No,No,No internet service,No internet service,No internet service,No internet service,No internet service,No internet service,Month-to-month,Yes,Mailed check,86.79,1158.21,1
CUST-01662,Female,0,No,Yes,43,Yes,No,Fiber optic,Yes,No,Yes,No,No,Yes,Month-to-month,Yes,Credit card (automatic),88.32,3796.67,0
CUST-01663,Female,0,No,No,44,Yes,No,Fiber optic,No,Yes,Yes,Yes,No,No,One year,Yes,Electronic check,66.5,2987.75,0
CUST-01664,Female,0,No,No,35,Yes,No,Fiber optic,Yes,No,No,Yes,No,No,Two year,Yes,Credit card (automatic),21.68,817.78,0
CUST-01665,Female,1,No,Yes,39,Yes,No,No,No internet service,No internet service,No internet service,No internet service,No internet service,No internet service,Two year,No,Mailed check,55.43,2096.78,0
CUST-01666,Female,0,Yes,Yes,50,Yes,No,DSL,Yes,No,Yes,No,No,Yes,Month-to-month,No,Bank transfer (automatic),85.56,4267.3,0
CUST-01667,Male,0,No,No,29,Yes,No,DSL,Yes,Yes,No,No,Yes,No,Two year,No,Bank transfer (automatic),96.13,2757.8,0
CUST-01668,Female,0,No,No,25,Yes,No,Fiber optic,No,Yes,No,Yes,No,No,Month-to-month,Yes,Electronic check,58.35,1517.74,1
CUST-01669,Male,0,No,No,30,Yes,Yes,Fiber optic,Yes,Yes,No,No,Yes,No,Month-to-month,Yes,Credit card (automatic),107.78,3229.68,1
CUST-01670,Female,0,Yes,No,55,No,No phone service,No,No internet service,No internet service,No internet service,No internet service,No internet service,No internet service,One year,Yes,Electronic check,114.98,6331.31,0
CUST-01671,Male,0,Yes,No,60,Yes,No,Fiber optic,No,No,Yes,No,No,No,Two year,No,Bank transfer (automatic),95.79,5771.49,0
CUST-01672,Female,0,Yes,No,16,Yes,No,Fiber optic,No,No,Yes,Yes,Yes,Yes,One year,No,Credit card (automatic),43.82,640.43,0
CUST-01673,Female,0,Yes,No,23,Yes,Yes,DSL,No,Yes,Yes,No,No,Yes,Two year,No,Electronic check,90.98,2107.49,0
CUST-01674,Female,0,No,No,3,Yes,No,Fiber optic,No,Yes,No,No,Yes,No,Month-to-month,No,Mailed check,56.96,120.37,0
CUST-01675,Female,0,Yes,No,8,Yes,Yes,Fiber optic,Yes,No,No,No,Yes,No,Two year,No,Electronic check,56.28,425.75,0
CUST-01676,Male,1,Yes,No,1,Yes,No,Fiber optic,No,No,Yes,Yes,Yes,No,Month-to-month,No,Electronic check,81.46,59.29,1
CUST-01677,Male,0,Yes,No,34,Yes,No,DSL,No,No,No,No,No,Yes,Month-to-month,No,Electronic check,85.44,2929.16,1
CUST-01678,Male,0,No,No,37,Yes,Yes,No,No internet service,No internet service,No internet service,No internet service,No internet service,No internet service,One year,Yes,Credit card (automatic),86.54,3162.34,0
CUST-01679,Male,0,No,Yes,44,Yes,No,DSL,No,No,Yes,Yes,No,Yes,Two year,No,Mailed check,92.53,4047.59,0
CUST-01680,Female,0,Yes,No,14,Yes,No,DSL,No,Yes,No,No,Yes,No,Month-to-month,Yes,Electronic check,70.52,1003.48,1
CUST-01681,Male,0,Yes,No,41,Yes,No,No,No internet service,No internet service,No internet service,No internet service,No internet service,No internet service,Two year,No,Credit card (automatic),39.47,1687.54,0
CUST-01682,Female,0,Yes,No,2,Yes,Yes,Fiber optic,Yes,No,No,No,No,Yes,Month-to-month,No,Electronic check,118.75,259.38,1
CUST-01683,Female,1,Yes,Yes,30,Yes,No,Fiber optic,Yes,No,No,No,No,No,Month-to-month,No,Bank transfer (automatic),64.39,1988.23,0
CUST-01684,Female,0,Yes,No,51,Yes,No,No,No internet service,No internet service,No internet service,No internet service,No internet service,No internet service,Two year,No,Mailed check,59.26,2916.06,0
CUST-01685,Male,0,No,Yes,40,Yes,No,DSL,Yes,Yes,Yes,No,No,No,Two year,No,Bank transfer (automatic),45.18,1878.96,0
CUST-01686,Female,0,Yes,Yes,56,Yes,Yes,DSL,No,No,No,No,Yes,Yes,One year,No,Electronic check,81.57,4525.05,0
CUST-01687,Female,0,Yes,Yes,41,Yes,Yes,Fiber optic,Yes,No,Yes,No,Yes,No,Two year,No,Bank transfer (automatic),76.59,3109.75,0
CUST-01688,Female,0,No,No,52,Yes,No,DSL,No,No,No,Yes,No,Yes,Month-to-month,No,Credit card (automatic),74.21,3955.99,0
CUST-01689,Female,0,Yes,No,55,Yes,Yes,No,No internet service,No internet service,No internet service,No internet service,No internet service,No internet service,Month-to-month,Yes,Electronic check,115.1,6339.02,1
CUST-01690,Female,0,No,No,71,Yes,No,No,No internet service,No internet service,No internet service,No internet service,No internet service,No internet service,Two year,Yes,Electronic check,96.33,6801.94,0
CUST-01691,Male,0,Yes,No,52,Yes,Yes,DSL,No,No,No,No,No,No,One year,Yes,Credit card (automatic),51.78,2661.97,0
CUST-01692,Female,0,No,No,31,Yes,No,No,No internet service,No internet service,No internet service,No internet service,No internet service,No internet service,Two year,Yes,Electronic check,118.75,3612.09,1
CUST-01693,Male,0,No,No,53,Yes,No,DSL,No,Yes,Yes,No,Yes,Yes,Two year,Yes,Electronic check,39.48,2093.17,0
CUST-01694,Male,0,No,Yes,36,Yes,No,Fiber optic,Yes,No,Yes,Yes,Yes,No,One year,No,Electronic check,72.11,2579.16,0
CUST-01695,Male,0,Yes,No,7,Yes,Yes,No,No internet service,No internet service,No internet service,No internet service,No internet service,No internet service,One year,No,Electronic check,52.72,402.51,0
CUST-01696,Male,0,Yes,No,10,Yes,No,No,No internet service,No internet service,No internet service,No internet service,No internet service,No internet service,Month-to-month,Yes,Mailed check,80.65,892.45,1
CUST-01697,Male,0,Yes,No,53,Yes,No,Fiber optic,No,No,No,No,No,No,Month-to-month,No,Electronic check,93.26,4880.09,1
CUST-01698,Male,0,No,No,59,Yes,No,DSL,Yes,No,Yes,Yes,No,Yes,One year,Yes,Electronic check,67.87,4034.13,0
CUST-01699,Female,0,No,No,9,Yes,Yes,DSL,Yes,Yes,No,No,Yes,No,Two year,No,Credit card (automatic),97.51,800.93,0
CUST-01700,Female,0,Yes,Yes,69,Yes,No,Fiber optic,No,Yes,No,No,No,No,Month-to-month,No,Bank transfer (automatic),84.56,5856.38,0
CUST-01701,Female,0,Yes,No,41,Yes,No,Fiber optic,Yes,No,No,No,Yes,No,Month-to-month,No,Electronic check,112.22,4542.35,1
CUST-01702,Male,0,Yes,Yes,36,Yes,Yes,DSL,No,No,No,Yes,No,No,Month-to-month,Yes,Electronic check,98.23,3468.95,1
CUST-01703,Male,0,Yes,Yes,57,Yes,No,Fiber optic,No,Yes,No,No,No,No,Month-to-month,Yes,Credit card (automatic),66.14,3897.51,0
CUST-01704,Female,0,Yes,No,58,Yes,Yes,No,No internet service,No internet service,No internet service,No internet service,No internet service,No internet service,One year,No,Credit card (automatic),104.43,6164.34,0
CUST-01705,Male,0,Yes,No,23,Yes,No,Fiber optic,No,No,Yes,No,No,No,One year,Yes,Credit card (automatic),57.06,1276.98,0
CUST-01706,Male,0,No,Yes,27,Yes,No,DSL,No,No,No,No,No,No,Month-to-month,Yes,Credit card (automatic),89.41,2509.18,0
CUST-01707,Female,1,No,No,36,Yes,Yes,No,No internet service,No internet service,No internet service,No internet service,No internet service,No internet service,Month-to-month,Yes,Bank transfer (automatic),88.16,3171.78,1
CUST-01708,Male,0,No,No,20,Yes,Yes,DSL,No,Yes,No,No,No,Yes,Month-to-month,No,Electronic check,59.85,1128.46,0
CUST-01709,Female,0,Yes,No,32,No,No phone service,No,No internet service,No internet service,No internet service,No internet service,No internet service,No internet service,Two year,Yes,Credit card (automatic),24.59,819.35,0
CUST-01710,Female,1,No,No,1,Yes,Yes,DSL,No,No,No,Yes,No,No,Month-to-month,No,Bank transfer (automatic),107.08,154.54,1
CUST-01711,Male,0,No,No,27,Yes,No,Fiber optic,No,No,No,No,No,No,One year,No,Bank transfer (automatic),84.22,2311.56,0
CUST-01712,Male,0,Yes,No,14,Yes,Yes,Fiber optic,No,No,Yes,No,No,No,Month-to-month,No,Bank transfer (automatic),72.46,929.95,0
CUST-01713,Female,0,No,No,0,Yes,No,Fiber optic,No,No,No,No,No,Yes,Month-to-month,Yes,Bank transfer (automatic),70.47,0.0,0
CUST-01714,Male,0,Yes,No,27,Yes,Yes,Fiber optic,No,Yes,No,Yes,Yes,Yes,Month-to-month,No,Mailed check,98.12,2696.09,0
CUST-01715,Male,1,Yes,No,49,Yes,Yes,DSL,No,No,No,No,No,No,Two year,Yes,Mailed check,118.75,5761.14,0
CUST-01716,Female,0,Yes,No,34,Yes,Yes,Fiber optic,No,No,No,No,Yes,Yes,Month-to-month,Yes,Electronic check,97.29,3358.77,1
CUST-01717,Male,0,Yes,Yes,27,No,No phone service,Fiber optic,Yes,Yes,No,Yes,No,No,Month-to-month,Yes,Mailed check,82.94,2221.24,0
CUST-01718,Female,0,No,Yes,8,Yes,No,DSL,Yes,No,No,No,No,No,Month-to-month,Yes,Mailed check,78.26,543.85,0
CUST-01719,Female,0,Yes,Yes,23,Yes,Yes,No,No internet service,No internet service,No internet service,No internet service,No internet service,No internet service,Two year,No,Credit card (automatic),82.3,1826.95,0
CUST-01720,Male,0,Yes,No,62,Yes,No,No,No internet service,No internet service,No internet service,No internet service,No internet service,No internet service,Month-to-month,Yes,Mailed check,53.52,3340.94,0
CUST-01721,Male,0,Yes,No,3,Yes,No,No,No internet service,No internet service,No internet service,No internet service,No internet service,No internet service,Month-to-month,No,Credit card (automatic),85.04,280.21,0
CUST-01722,Male,0,No,No,55,Yes,Yes,Fiber optic,No,Yes,No,No,No,No,Month-to-month,No,Electronic check,44.87,2545.94,0
CUST-01723,Male,0,Yes,No,40,Yes,No,DSL,No,No,Yes,No,Yes,No,Two year,Yes,Credit card (automatic),86.6,3465.0,0
CUST-01724,Male,0,No,No,66,Yes,No,Fiber optic,Yes,No,No,Yes,No,Yes,Two year,Yes,Electronic check,67.38,4437.11,0
CUST-01725,Female,0,No,No,47,No,No phone service,No,No internet service,No internet service,No internet service,No internet service,No internet service,No internet service,Month-to-month,No,Mailed check,98.17,4703.87,0
CUST-01726,Male,0,Yes,No,57,Yes,Yes,DSL,Yes,No,Yes,Yes,No,No,One year,Yes,Electronic check,87.43,4941.54,0
CUST-01727,Female,0,Yes,Yes,38,Yes,No,Fiber optic,No,Yes,No,No,No,No,Month-to-month,Yes,Electronic check,66.51,2513.21,1
CUST-01728,Female,0,No,Yes,24,Yes,No,Fiber optic,No,No,No,No,No,No,Month-to-month,Yes,Electronic check,48.07,1177.42,1
CUST-01729,Female,1,Yes,No,59,Yes,Yes,DSL,Yes,Yes,Yes,No,No,No,One year,Yes,Bank transfer (automatic),115.1,6746.11,0
CUST-01730,Female,0,Yes,No,46,Yes,No,Fiber optic,Yes,No,Yes,No,No,No,Month-to-month,Yes,Mailed check,74.23,3436.91,0
CUST-01731,Male,0,No,No,60,Yes,No,No,No internet service,No internet service,No internet service,No internet service,No internet service,No internet service,Month-to-month,Yes,Credit card (automatic),118.75,7125.22,1
CUST-01732,Female,0,Yes,Yes,26,Yes,Yes,Fiber optic,Yes,No,No,Yes,No,Yes,Two year,No,Bank transfer (automatic),42.83,1170.34,0
CUST-01733,Female,1,Yes,Yes,41,Yes,Yes,DSL,Yes,No,Yes,No,No,Yes,Month-to-month,No,Mailed check,69.37,2823.27,0
CUST-01734,Male,0,Yes,No,51,Yes,Yes,Fiber optic,No,No,No,Yes,No,No,Month-to-month,Yes,Bank transfer (automatic),20.82,1029.89,0
CUST-01735,Male,0,Yes,No,47,Yes,No,DSL,No,No,No,No,No,No,One year,Yes,Electronic check,95.43,4581.16,0
CUST-01736,Female,0,No,No,31,Yes,No,Fiber optic,No,No,No,No,No,Yes,Month-to-month,Yes,Mailed check,95.26,2995.63,0
CUST-01737,Male,1,No,No,23,Yes,No,No,No internet service,No internet service,No internet service,No internet service,No internet service,No internet service,Month-to-month,Yes,Bank transfer (automatic),58.07,1389.93,0
CUST-01738,Male,0,No,No,2,Yes,No,Fiber optic,No,No,No,No,No,No,Month-to-month,Yes,Electronic check,53.92,149.62,1
CUST-01739,Male,0,No,No,26,Yes,Yes,Fiber optic,Yes,No,No,No,No,No,Month-to-month,Yes,Bank transfer (automatic),63.9,1627.7,0
CUST-01740,Male,1,Yes,No,72,Yes,No,Fiber optic,Yes,No,No,No,Yes,No,Month-to-month,No,Mailed check,74.0,5280.01,0
CUST-01741,Female,0,Yes,No,39,Yes,Yes,Fiber optic,No,No,No,No,No,No,Month-to-month,No,Mailed check,61.43,2348.31,0
CUST-01742,Female,0,Yes,No,22,Yes,Yes,Fiber optic,No,Yes,Yes,No,No,No,Month-to-month,Yes,Bank transfer (automatic),100.08,2172.99,1
CUST-01743,Female,0,Yes,No,6,Yes,No,No,No internet service,No internet service,No internet service,No internet service,No internet service,No internet service,Two year,Yes,Mailed check,59.11,414.67,0
CUST-01744,Male,1,No,No,36,Yes,Yes,Fiber optic,No,No,No,No,Yes,No,Month-to-month,Yes,Electronic check,27.59,991.96,0
CUST-01745,Male,0,No,Yes,6,Yes,No,No,No internet service,No internet service,No internet service,No internet service,No internet service,No internet service,One year,No,Electronic check,64.46,433.75,0
CUST-01746,Female,1,Yes,No,21,Yes,No,No,No internet service,No internet service,No internet service,No internet service,No internet service,No internet service,Month-to-month,Yes,Bank transfer (automatic),60.11,1303.47,0
CUST-01747,Male,0,Yes,No,16,Yes,No,Fiber optic,No,No,No,No,Yes,No,Two year,Yes,Electronic check,39.53,712.6,0
CUST-01748,Male,0,Yes,Yes,18,Yes,Yes,No,No internet service,No internet service,No internet service,No internet service,No internet service,No internet service,Two year,No,Credit card (automatic),77.23,1430.21,0
CUST-01749,Female,1,Yes,No,38,Yes,Yes,DSL,Yes,No,No,No,Yes,Yes,Month-to-month,No,Mailed check,27.13,1041.59,0
CUST-01750,Male,0,Yes,Yes,35,Yes,Yes,Fiber optic,Yes,No,No,No,Yes,No,Month-to-month,Yes,Bank transfer (automatic),84.38,2888.36,0
CUST-01751,Female,0,No,No,14,Yes,No,Fiber optic,No,No,No,No,No,Yes,Month-to-month,No,Electronic check,71.12,1092.74,0
CUST-01752,Male,0,No,No,62,Yes,No,Fiber optic,No,Yes,No,No,No,No,Month-to-month,No,Electronic check,64.53,4054.1,0
CUST-01753,Male,0,No,Yes,28,Yes,No,No,No internet service,No internet service,No internet service,No internet service,No internet service,No internet service,Two year,Yes,Bank transfer (automatic),45.24,1287.93,0
CUST-01754,Male,0,Yes,No,59,Yes,No,DSL,No,No,No,No,No,Yes,Month-to-month,Yes,Electronic check,41.61,2465.62,0
CUST-01755,Female,0,Yes,No,55,Yes,No,DSL,No,No,Yes,Yes,Yes,No,Month-to-month,No,Electronic check,99.68,5393.38,0
CUST-01756,Female,0,Yes,No,39,Yes,No,No,No internet service,No internet service,No internet service,No internet service,No internet service,No internet service,Month-to-month,No,Electronic check,67.93,2670.37,0
CUST-01757,Female,0,No,No,15,No,No phone service,DSL,No,No,Yes,Yes,Yes,Yes,Month-to-month,Yes,Electronic check,30.12,425.29,0
CUST-01758,Female,0,No,No,32,Yes,No,DSL,Yes,No,No,No,No,Yes,One year,Yes,Electronic check,74.15,2290.8,0
CUST-01759,Male,1,No,No,15,Yes,No,Fiber optic,No,No,No,No,Yes,No,Month-to-month,Yes,Credit card (automatic),65.25,954.54,1
CUST-01760,Female,0,Yes,No,29,Yes,Yes,Fiber optic,No,Yes,Yes,No,No,No,Month-to-month,No,Electronic check,109.35,3183.2,1
CUST-01761,Male,0,No,Yes,65,Yes,No,Fiber optic,No,No,No,Yes,Yes,Yes,Month-to-month,Yes,Bank transfer (automatic),68.73,4486.12,0
CUST-01762,Female,0,Yes,No,43,Yes,No,No,No internet service,No internet service,No internet service,No internet service,No internet service,No internet service,Month-to-month,Yes,Mailed check,100.46,4260.86,0
CUST-01763,Male,0,No,Yes,37,Yes,No,DSL,No,No,No,No,No,No,Month-to-month,Yes,Credit card (automatic),69.67,2509.69,0
CUST-01764,Female,0,Yes,No,50,Yes,No,No,No internet service,No internet service,No internet service,No internet service,No internet service,No internet service,Two year,No,Bank transfer (automatic),47.4,2354.86,0
CUST-01765,Male,0,Yes,No,59,Yes,Yes,DSL,No,No,No,No,Yes,No,One year,No,Electronic check,89.98,5337.36,0
CUST-01766,Male,1,No,Yes,17,Yes,Yes,DSL,No,No,No,No,Yes,No,Two year,Yes,Bank transfer (automatic),102.8,1707.95,0
CUST-01767,Female,1,Yes,No,4,Yes,Yes,Fiber optic,No,Yes,Yes,Yes,No,Yes,Month-to-month,Yes,Mailed check,93.23,350.7,1
CUST-01768,Male,0,Yes,Yes,39,Yes,No,DSL,No,Yes,No,No,Yes,No,Two year,Yes,Credit card (automatic),83.27,3256.94,0
CUST-01769,Male,1,Yes,No,5,Yes,No,Fiber optic,No,No,Yes,Yes,Yes,Yes,Month-to-month,Yes,Credit card (automatic),95.63,437.13,1
CUST-01770,Male,0,Yes,No,11,Yes,Yes,Fiber optic,Yes,Yes,No,No,Yes,No,Month-to-month,No,Electronic check,75.79,733.36,0
CUST-01771,Male,0,Yes,No,11,Yes,No,DSL,No,Yes,No,No,No,Yes,Month-to-month,No,Mailed check,73.58,824.92,0
CUST-01772,Female,1,Yes,No,72,Yes,Yes,No,No internet service,No internet service,No internet service,No internet service,No internet service,No internet service,One year,Yes,Bank transfer (automatic),43.18,3021.62,0
CUST-01773,Female,0,Yes,No,21,Yes,Yes,Fiber optic,No,Yes,Yes,No,No,Yes,Month-to-month,No,Mailed check,78.22,1659.13,0
CUST-01774,Female,0,Yes,No,48,Yes,Yes,No,No internet service,No internet service,No internet service,No internet service,No internet service,No internet service,Month-to-month,No,Electronic check,114.37,5478.71,1
CUST-01775,Female,0,No,No,49,Yes,Yes,No,No internet service,No internet service,No internet service,No internet service,No internet service,No internet service,Two year,Yes,Electronic check,35.91,1748.15,0
CUST-01776,Male,0,Yes,No,3,Yes,Yes,DSL,Yes,Yes,No,No,No,No,One year,No,Credit card (automatic),37.61,57.68,0
CUST-01777,Female,0,Yes,No,49,Yes,Yes,Fiber optic,Yes,No,Yes,Yes,No,No,Two year,No,Electronic check,68.63,3346.27,0
CUST-01778,Male,0,No,No,2,Yes,Yes,Fiber optic,No,No,Yes,No,No,Yes,Month-to-month,Yes,Electronic check,36.38,28.83,1
CUST-01779,Male,1,No,No,15,Yes,Yes,No,No internet service,No internet service,No internet service,No internet service,No internet service,No internet service,Month-to-month,No,Electronic check,89.19,1480.24,1
CUST-01780,Female,0,No,No,13,Yes,Yes,No,No internet service,No internet service,No internet service,No internet service,No internet service,No internet service,One year,Yes,Mailed check,28.62,331.87,0
CUST-01781,Male,0,Yes,No,63,Yes,No,Fiber optic,Yes,Yes,No,Yes,Yes,Yes,Month-to-month,No,Bank transfer (automatic),95.76,6084.81,0
CUST-01782,Female,0,No,No,40,Yes,Yes,DSL,No,Yes,No,No,No,Yes,Month-to-month,Yes,Mailed check,100.66,3998.14,1
CUST-01783,Male,0,No,Yes,67,Yes,No,Fiber optic,No,No,Yes,Yes,No,No,Month-to-month,No,Mailed check,95.73,6426.07,0
CUST-01784,Female,0,No,No,58,Yes,Yes,No,No internet service,No internet service,No internet service,No internet service,No internet service,No internet service,Two year,Yes,Bank transfer (automatic),78.57,4557.44,0
CUST-01785,Female,0,No,No,1,Yes,Yes,Fiber optic,No,No,No,Yes,No,No,Month-to-month,Yes,Credit card (automatic),83.5,75.23,1
CUST-01786,Female,1,No,No,9,Yes,Yes,No,No internet service,No internet service,No internet service,No internet service,No internet service,No internet service,One year,No,Electronic check,42.37,371.49,0
CUST-01787,Female,1,No,No,25,Yes,No,Fiber optic,No,No,No,Yes,No,No,Month-to-month,No,Electronic check,79.97,2011.62,1
CUST-01788,Female,0,No,No,3,Yes,Yes,DSL,No,No,Yes,No,No,Yes,Month-to-month,Yes,Electronic check,54.96,233.7,1
CUST-01789,Male,1,Yes,No,27,Yes,No,No,No internet service,No internet service,No internet service,No internet service,No internet service,No internet service,Month-to-month,Yes,Credit card (automatic),96.02,2535.98,1
CUST-01790,Female,0,No,No,1,Yes,No,No,No internet service,No internet service,No internet service,No internet service,No internet service,No internet service,Month-to-month,Yes,Mailed check,87.89,0.0,1
CUST-01791,Male,0,No,No,65,Yes,Yes,DSL,Yes,No,No,No,No,No,Month-to-month,Yes,Electronic check,58.77,3778.53,0
CUST-01792,Female,0,Yes,Yes,15,No,No phone service,DSL,No,No,No,No,No,No,Two year,No,Electronic check,80.87,1219.44,0
CUST-01793,Female,0,No,No,56,No,No phone service,Fiber optic,No,No,Yes,No,Yes,Yes,Two year,Yes,Credit card (automatic),87.61,4891.37,0
CUST-01794,Female,0,Yes,No,22,Yes,Yes,Fiber optic,No,No,No,No,Yes,No,One year,Yes,Mailed check,61.2,1423.5,0
CUST-01795,Male,0,Yes,No,22,Yes,Yes,Fiber optic,Yes,No,Yes,No,No,No,Month-to-month,No,Electronic check,73.62,1690.63,1
CUST-01796,Male,0,No,Yes,20,Yes,Yes,DSL,No,No,No,No,No,Yes,Month-to-month,No,Bank transfer (automatic),85.57,1688.67,0
CUST-01797,Female,1,Yes,Yes,24,Yes,Yes,Fiber optic,Yes,Yes,Yes,No,No,No,One year,No,Credit card (automatic),61.92,1563.33,0
CUST-01798,Male,0,Yes,Yes,57,Yes,No,DSL,No,No,Yes,Yes,No,Yes,Month-to-month,Yes,Mailed check,55.77,3199.92,0
CUST-01799,Male,0,Yes,Yes,36,Yes,Yes,Fiber optic,No,Yes,No,No,Yes,No,One year,No,Bank transfer (automatic),80.7,2868.76,0
CUST-01800,Male,0,Yes,No,48,Yes,No,Fiber optic,No,Yes,Yes,No,No,Yes,Two year,No,Mailed check,113.75,5454.01,0
CUST-01801,Female,0,Yes,No,14,Yes,Yes,No,No internet service,No internet service,No internet service,No internet service,No internet service,No internet service,Month-to-month,Yes,Bank transfer (automatic),68.13,944.16,0
CUST-01802,Female,0,Yes,No,27,Yes,No,Fiber optic,No,No,No,No,No,No,One year,No,Mailed check,64.95,1716.85,0
CUST-01803,Male,0,Yes,No,66,Yes,Yes,Fiber optic,No,No,No,No,No,Yes,Two year,No,Credit card (automatic),59.35,3885.4,0
CUST-01804,Male,0,No,No,3,Yes,No,Fiber optic,Yes,No,No,No,Yes,Yes,Month-to-month,Yes,Electronic check,99.17,320.08,1
CUST-01805,Male,0,No,No,46,Yes,No,Fiber optic,Yes,No,No,No,Yes,Yes,One year,Yes,Bank transfer (automatic),98.27,4500.43,0
CUST-01806,Female,0,Yes,No,49,Yes,Yes,DSL,No,No,No,Yes,Yes,No,One year,No,Bank transfer (automatic),73.15,3570.21,0
CUST-01807,Female,0,No,No,59,Yes,Yes,Fiber optic,No,No,Yes,No,No,Yes,Two year,Yes,Credit card (automatic),58.51,3441.73,0
CUST-01808,Male,0,Yes,No,61,Yes,Yes,DSL,No,No,No,No,No,Yes,Two year,Yes,Bank transfer (automatic),58.56,3563.75,0
CUST-01809,Male,0,Yes,No,66,Yes,Yes,No,No internet service,No internet service,No internet service,No internet service,No internet service,No internet service,One year,No,Mailed check,57.78,3859.51,0
CUST-01810,Male,0,Yes,Yes,71,Yes,Yes,No,No internet service,No internet service,No internet service,No internet service,No internet service,No internet service,One year,Yes,Electronic check,67.53,4753.31,0
CUST-01811,Female,0,No,No,42,No,No phone service,Fiber optic,No,No,No,No,Yes,Yes,Month-to-month,No,Credit card (automatic),61.81,2607.54,0
CUST-01812,Female,0,No,No,57,Yes,Yes,No,No internet service,No internet service,No internet service,No internet service,No internet service,No internet service,One year,No,Credit card (automatic),59.46,3313.57,0
CUST-01813,Male,0,Yes,No,51,Yes,No,No,No internet service,No internet service,No internet service,No internet service,No internet service,No internet service,Month-to-month,Yes,Mailed check,104.96,5326.87,0
CUST-01814,Male,0,Yes,No,68,Yes,Yes,No,No internet service,No internet service,No internet service,No internet service,No internet service,No internet service,Month-to-month,Yes,Electronic check,118.75,8009.63,1
CUST-01815,Male,0,Yes,No,45,No,No phone service,DSL,No,Yes,Yes,No,No,Yes,One year,Yes,Bank transfer (automatic),49.02,2286.8,0
CUST-01816,Female,0,Yes,Yes,24,Yes,Yes,Fiber optic,No,Yes,No,No,No,No,One year,Yes,Electronic check,59.05,1423.89,0
CUST-01817,Male,0,No,No,24,Yes,Yes,Fiber optic,No,No,No,Yes,Yes,No,Month-to-month,Yes,Electronic check,49.64,1170.07,0
CUST-01818,Female,1,Yes,Yes,34,Yes,Yes,Fiber optic,No,No,Yes,No,Yes,No,Month-to-month,No,Electronic check,82.68,2724.28,1
CUST-01819,Female,1,No,No,60,Yes,Yes,DSL,No,No,No,Yes,No,No,Month-to-month,No,Bank transfer (automatic),69.84,4123.43,0
CUST-01820,Male,0,Yes,No,14,Yes,No,Fiber optic,No,No,Yes,No,No,Yes,Month-to-month,Yes,Credit card (automatic),46.18,689.1,0
CUST-01821,Male,0,No,Yes,34,Yes,No,Fiber optic,No,No,No,No,Yes,No,Month-to-month,Yes,Electronic check,116.04,3963.09,1
CUST-01822,Male,0,No,No,28,Yes,No,No,No internet service,No internet service,No internet service,No internet service,No internet service,No internet service,Month-to-month,No,Credit card (automatic),86.08,2338.19,0
CUST-01823,Female,1,Yes,Yes,37,Yes,No,No,No internet service,No internet service,No internet service,No internet service,No internet service,No internet service,One year,No,Mailed check,50.65,1802.23,0
CUST-01824,Female,1,No,Yes,68,Yes,No,DSL,No,No,Yes,No,No,No,Month-to-month,Yes,Credit card (automatic),117.11,8055.88,0
CUST-01825,Female,0,No,No,23,Yes,No,DSL,Yes,No,Yes,No,No,No,Month-to-month,Yes,Electronic check,44.52,1091.72,0
CUST-01826,Female,0,Yes,Yes,18,Yes,Yes,Fiber optic,No,No,Yes,Yes,Yes,Yes,Two year,No,Mailed check,87.86,1596.25,0
CUST-01827,Male,0,Yes,No,45,Yes,Yes,Fiber optic,Yes,Yes,No,No,No,No,One year,Yes,Mailed check,118.75,5349.55,0
CUST-01828,Female,0,No,Yes,48,Yes,Yes,Fiber optic,Yes,No,No,No,Yes,No,Month-to-month,Yes,Mailed check,73.39,3514.32,0
CUST-01829,Female,0,Yes,Yes,43,Yes,No,Fiber optic,Yes,No,No,No,No,No,Month-to-month,Yes,Credit card (automatic),68.77,2894.24,0
CUST-01830,Male,0,Yes,No,72,Yes,Yes,No,No internet service,No internet service,No internet service,No internet service,No internet service,No internet service,Two year,Yes,Credit card (automatic),84.19,6104.7,0
CUST-01831,Female,1,Yes,No,25,Yes,No,DSL,Yes,No,No,Yes,No,No,Month-to-month,Yes,Bank transfer (automatic),118.75,2958.98,0
CUST-01832,Female,0,No,Yes,24,Yes,Yes,Fiber optic,No,No,No,No,Yes,Yes,One year,No,Electronic check,110.24,2682.28,1
CUST-01833,Female,0,No,No,34,Yes,No,No,No internet service,No internet service,No internet service,No internet service,No internet service,No internet service,Month-to-month,No,Electronic check,63.64,2143.55,0
CUST-01834,Female,1,No,No,35,Yes,No,No,No internet service,No internet service,No internet service,No internet service,No internet service,No internet service,Month-to-month,Yes,Electronic check,82.47,2904.6,1
CUST-01835,Female,1,No,No,13,Yes,Yes,DSL,No,No,No,Yes,Yes,No,Two year,Yes,Bank transfer (automatic),94.88,1209.43,0
CUST-01836,Female,0,Yes,Yes,55,No,No phone service,DSL,No,No,No,No,Yes,No,Month-to-month,Yes,Mailed check,66.91,3683.53,0
CUST-01837,Male,0,No,No,5,Yes,No,DSL,No,No,No,Yes,No,No,Month-to-month,Yes,Credit card (automatic),42.4,251.87,0
CUST-01838,Male,0,No,No,31,Yes,No,No,No internet service,No internet service,No internet service,No internet service,No internet service,No internet service,One year,Yes,Mailed check,101.41,3116.95,0
CUST-01839,Female,0,Yes,Yes,25,No,No phone service,Fiber optic,No,No,No,No,Yes,Yes,Two year,Yes,Electronic check,86.22,2256.48,1
CUST-01840,Male,1,Yes,No,14,Yes,No,Fiber optic,Yes,Yes,No,No,No,No,Month-to-month,Yes,Credit card (automatic),79.92,1089.98,1
CUST-01841,Male,1,Yes,No,48,Yes,Yes,DSL,Yes,No,No,Yes,No,No,Month-to-month,No,Bank transfer (automatic),104.34,5015.14,0
CUST-01842,Male,0,No,No,55,Yes,No,DSL,Yes,No,No,Yes,No,No,Two year,No,Mailed check,49.01,2764.65,0
CUST-01843,Male,0,No,No,36,Yes,No,Fiber optic,No,No,No,No,Yes,No,One year,Yes,Credit card (automatic),69.21,2564.07,0
CUST-01844,Female,0,No,No,52,Yes,No,Fiber optic,No,Yes,No,No,No,Yes,Two year,Yes,Credit card (automatic),118.75,6198.37,0
CUST-01845,Female,1,No,No,57,Yes,Yes,Fiber optic,No,No,No,No,No,No,One year,Yes,Credit card (automatic),92.11,5263.71,0
CUST-01846,Male,0,Yes,No,35,Yes,No,DSL,No,Yes,No,No,No,No,Month-to-month,Yes,Credit card (automatic),90.56,3173.05,0
CUST-01847,Male,0,No,No,10,Yes,Yes,Fiber optic,No,No,No,No,Yes,No,Month-to-month,No,Electronic check,74.03,808.12,1
CUST-01848,Male,0,No,No,26,Yes,Yes,No,No internet service,No internet service,No internet service,No internet service,No internet service,No internet service,Month-to-month,Yes,Mailed check,27.58,764.94,0
CUST-01849,Female,0,Yes,No,1,Yes,No,DSL,No,Yes,Yes,No,Yes,No,One year,Yes,Bank transfer (automatic),49.69,104.17,0
CUST-01850,Female,0,No,No,21,Yes,No,No,No internet service,No internet service,No internet service,No internet service,No internet service,No internet service,Month-to-month,Yes,Mailed check,95.75,2092.47,1
CUST-01851,Male,0,Yes,No,65,Yes,No,DSL,No,No,No,No,Yes,Yes,One year,Yes,Bank transfer (automatic),65.48,4279.1,0
CUST-01852,Female,1,No,Yes,16,Yes,No,DSL,No,No,No,No,No,No,Month-to-month,No,Credit card (automatic),67.97,1067.17,0
CUST-01853,Female,1,No,No,3,Yes,Yes,Fiber optic,No,No,No,No,No,No,Month-to-month,No,Electronic check,77.7,250.66,1
CUST-01854,Female,0,No,No,13,Yes,Yes,No,No internet service,No internet service,No internet service,No internet service,No internet service,No internet service,Month-to-month,Yes,Mailed check,47.38,618.75,0
CUST-01855,Female,0,No,No,6,Yes,Yes,DSL,No,No,Yes,Yes,Yes,No,Month-to-month,Yes,Mailed check,38.77,223.17,0
CUST-01856,Male,0,Yes,No,15,Yes,Yes,Fiber optic,Yes,No,Yes,No,No,No,One year,Yes,Electronic check,71.77,1056.33,0
CUST-01857,Female,0,No,No,65,Yes,Yes,Fiber optic,Yes,No,No,No,Yes,No,One year,No,Mailed check,69.76,4561.78,0
CUST-01858,Male,0,Yes,Yes,18,Yes,Yes,DSL,Yes,Yes,No,No,No,Yes,Month-to-month,No,Bank transfer (automatic),78.2,1439.48,0
CUST-01859,Female,1,No,No,0,Yes,Yes,DSL,No,Yes,Yes,Yes,No,Yes,Month-to-month,Yes,Credit card (automatic),34.2,0.0,0
CUST-01860,Female,0,No,Yes,30,Yes,No,No,No internet service,No internet service,No internet service,No internet service,No internet service,No internet service,Month-to-month,Yes,Bank transfer (automatic),60.8,1839.8,0
CUST-01861,Female,0,No,No,3,Yes,No,DSL,No,Yes,No,Yes,Yes,No,One year,Yes,Mailed check,87.64,344.08,0
CUST-01862,Female,1,Yes,No,57,Yes,No,Fiber optic,No,No,No,Yes,No,No,One year,No,Bank transfer (automatic),118.75,6731.42,0
CUST-01863,Male,1,No,Yes,55,Yes,Yes,No,No internet service,No internet service,No internet service,No internet service,No internet service,No internet service,Month-to-month,No,Credit card (automatic),80.62,4502.55,0
CUST-01864,Female,0,No,No,52,Yes,Yes,DSL,Yes,No,No,No,No,No,Month-to-month,No,Electronic check,93.99,4843.75,0
CUST-01865,Female,0,No,No,42,Yes,Yes,Fiber optic,No,Yes,No,No,No,Yes,One year,Yes,Bank transfer (automatic),88.02,3714.91,0
CUST-01866,Female,0,Yes,No,48,No,No phone service,DSL,No,No,No,Yes,No,Yes,One year,No,Mailed check,84.0,3942.95,0
CUST-01867,Male,0,Yes,No,59,Yes,No,DSL,No,Yes,Yes,Yes,No,No,One year,Yes,Bank transfer (automatic),95.25,5651.74,0
CUST-01868,Male,0,Yes,Yes,15,Yes,No,DSL,No,No,Yes,Yes,No,Yes,Month-to-month,Yes,Electronic check,48.11,710.61,0
CUST-01869,Male,0,No,Yes,72,Yes,No,Fiber optic,Yes,No,No,No,Yes,No,One year,No,Credit card (automatic),71.07,5029.8,0
CUST-01870,Female,1,No,No,59,Yes,No,Fiber optic,Yes,No,No,Yes,Yes,Yes,Month-to-month,No,Electronic check,84.44,4958.4,0
CUST-01871,Female,0,No,No,46,No,No phone service,Fiber optic,No,Yes,Yes,No,No,No,Month-to-month,Yes,Electronic check,52.23,2490.89,1
CUST-01872,Male,0,Yes,No,14,Yes,Yes,No,No internet service,No internet service,No internet service,No internet service,No internet service,No internet service,Month-to-month,Yes,Electronic check,82.78,1187.42,1
CUST-01873,Female,0,Yes,Yes,62,Yes,No,DSL,No,No,No,No,Yes,Yes,Two year,Yes,Bank transfer (automatic),30.7,1909.05,0
CUST-01874,Female,0,No,No,27,No,No phone service,DSL,No,Yes,No,No,Yes,No,One year,No,Bank transfer (automatic),94.05,2565.87,0
CUST-01875,Female,1,No,No,19,Yes,No,DSL,No,No,No,No,No,Yes,Month-to-month,Yes,Electronic check,68.88,1359.21,1
CUST-01876,Female,0,No,No,62,Yes,No,DSL,No,Yes,No,No,Yes,No,Two year,Yes,Electronic check,95.96,6025.7,0
CUST-01877,Female,0,No,Yes,32,Yes,Yes,DSL,No,Yes,No,No,No,No,One year,No,Electronic check,99.37,3165.29,0
CUST-01878,Female,0,Yes,No,35,Yes,Yes,Fiber optic,No,No,Yes,Yes,No,Yes,Month-to-month,No,Bank transfer (automatic),110.1,3883.14,1
CUST-01879,Male,0,No,Yes,12,Yes,Yes,No,No internet service,No internet service,No internet service,No internet service,No internet service,No internet service,Two year,Yes,Credit card (automatic),78.38,964.31,0
CUST-01880,Female,0,No,Yes,61,Yes,Yes,No,No internet service,No internet service,No internet service,No internet service,No internet service,No internet service,Month-to-month,Yes,Electronic check,35.14,2148.87,0
CUST-01881,Female,0,Yes,No,67,Yes,Yes,DSL,No,Yes,No,No,Yes,Yes,Month-to-month,Yes,Mailed check,35.27,2353.77,0
CUST-01882,Female,0,Yes,No,22,Yes,Yes,No,No internet service,No internet service,No internet service,No internet service,No internet service,No internet service,One year,No,Mailed check,41.44,991.88,0
CUST-01883,Female,0,Yes,No,71,Yes,No,No,No internet service,No internet service,No internet service,No internet service,No internet service,No internet service,One year,No,Mailed check,97.87,6961.92,0
CUST-01884,Female,0,Yes,No,12,Yes,No,Fiber optic,No,No,Yes,No,No,Yes,Month-to-month,Yes,Bank transfer (automatic),36.45,376.53,0
CUST-01885,Male,1,No,No,39,Yes,Yes,DSL,No,Yes,No,No,No,No,Two year,Yes,Mailed check,69.56,2567.59,0
CUST-01886,Male,1,Yes,No,29,Yes,Yes,No,No internet service,No internet service,No internet service,No internet service,No internet service,No internet service,One year,Yes,Mailed check,63.47,1888.34,0
CUST-01887,Male,0,Yes,No,24,Yes,No,Fiber optic,No,No,No,Yes,No,No,Two year,Yes,Credit card (automatic),82.35,1954.88,0
CUST-01888,Male,0,Yes,No,72,Yes,Yes,No,No internet service,No internet service,No internet service,No internet service,No internet service,No internet service,Month-to-month,No,Bank transfer (automatic),97.88,7039.75,0
CUST-01889,Female,0,No,Yes,25,Yes,No,Fiber optic,No,No,Yes,No,No,No,One year,Yes,Credit card (automatic),75.85,1916.64,0
CUST-01890,Female,0,Yes,Yes,23,Yes,No,Fiber optic,Yes,No,No,No,Yes,No,Month-to-month,No,Mailed check,93.24,2267.56,0
CUST-01891,Male,0,No,No,38,Yes,No,DSL,No,Yes,Yes,No,Yes,No,Month-to-month,No,Electronic check,47.76,1882.57,0
CUST-01892,Male,1,Yes,No,60,Yes,Yes,No,No internet service,No internet service,No internet service,No internet service,No internet service,No internet service,Month-to-month,No,Bank transfer (automatic),103.85,6219.66,0
CUST-01893,Female,1,Yes,Yes,48,Yes,No,DSL,No,No,Yes,Yes,Yes,No,Month-to-month,Yes,Bank transfer (automatic),79.95,3874.14,0
CUST-01894,Male,0,Yes,No,40,Yes,Yes,DSL,Yes,No,No,No,No,Yes,Month-to-month,Yes,Credit card (automatic),94.55,3751.88,0
CUST-01895,Female,0,Yes,No,69,Yes,Yes,Fiber optic,No,No,Yes,No,No,Yes,Month-to-month,No,Electronic check,66.65,4637.54,0
CUST-01896,Female,1,Yes,No,19,Yes,No,Fiber optic,Yes,No,No,Yes,Yes,Yes,Month-to-month,Yes,Credit card (automatic),21.37,364.9,0
CUST-01897,Female,0,Yes,Yes,43,Yes,No,DSL,No,Yes,Yes,No,No,Yes,Month-to-month,No,Mailed check,92.61,3991.36,0
CUST-01898,Male,0,No,No,15,Yes,Yes,Fiber optic,Yes,Yes,Yes,No,Yes,No,Month-to-month,Yes,Mailed check,68.5,1038.3,0
CUST-01899,Male,0,No,No,20,Yes,No,Fiber optic,No,No,No,No,No,No,One year,Yes,Electronic check,102.82,2003.82,1
CUST-01900,Female,0,Yes,No,14,No,No phone service,Fiber optic,No,No,No,Yes,Yes,No,Month-to-month,No,Credit card (automatic),82.49,1125.43,0
CUST-01901,Female,0,Yes,Yes,38,No,No phone service,DSL,No,No,No,No,Yes,No,Month-to-month,No,Mailed check,118.75,4403.78,1
CUST-01902,Male,0,No,Yes,41,Yes,No,Fiber optic,Yes,No,No,Yes,Yes,Yes,Month-to-month,Yes,Bank transfer (automatic),107.47,4387.31,0
CUST-01903,Female,0,No,No,60,Yes,Yes,DSL,Yes,No,Yes,No,No,No,One year,Yes,Mailed check,72.12,4382.98,0
CUST-01904,Male,0,Yes,No,3,Yes,Yes,DSL,No,No,No,Yes,No,Yes,One year,No,Electronic check,30.79,192.32,0
CUST-01905,Female,0,No,No,23,Yes,Yes,Fiber optic,No,Yes,No,Yes,Yes,No,Month-to-month,Yes,Bank transfer (automatic),51.41,1257.01,0
CUST-01906,Male,0,No,No,2,No,No phone service,DSL,No,No,Yes,No,Yes,No,Two year,Yes,Electronic check,46.84,74.39,0
CUST-01907,Female,0,No,No,0,No,No phone service,DSL,No,No,No,No,Yes,No,One year,Yes,Bank transfer (automatic),56.97,0.0,0
CUST-01908,Male,0,Yes,Yes,12,Yes,No,Fiber optic,No,No,No,No,Yes,No,Month-to-month,No,Mailed check,68.53,818.8,0
CUST-01909,Male,1,Yes,No,53,Yes,No,DSL,No,Yes,Yes,No,Yes,Yes,Two year,No,Electronic check,85.31,4510.95,0
CUST-01910,Male,0,Yes,Yes,39,Yes,No,DSL,No,Yes,Yes,Yes,Yes,Yes,Two year,Yes,Bank transfer (automatic),109.77,4329.75,0
CUST-01911,Male,0,No,No,10,Yes,No,Fiber optic,Yes,No,No,No,No,No,One year,Yes,Credit card (automatic),49.62,468.63,0
CUST-01912,Female,1,No,No,41,Yes,No,Fiber optic,No,No,No,No,Yes,No,Two year,Yes,Electronic check,40.98,1752.8,0
CUST-01913,Female,0,Yes,No,3,No,No phone service,Fiber optic,No,No,No,No,No,No,Month-to-month,No,Mailed check,91.19,280.51,1
CUST-01914,Male,0,No,Yes,24,Yes,No,Fiber optic,No,No,No,No,Yes,Yes,Two year,No,Electronic check,106.64,2501.06,1
CUST-01915,Male,0,No,Yes,35,Yes,Yes,Fiber optic,No,Yes,No,No,Yes,Yes,Month-to-month,Yes,Credit card (automatic),62.6,2186.14,0
CUST-01916,Female,0,No,No,63,Yes,Yes,Fiber optic,No,No,No,No,No,Yes,One year,Yes,Credit card (automatic),104.78,6625.09,0
CUST-01917,Female,0,No,No,43,Yes,No,DSL,Yes,No,Yes,No,No,No,Month-to-month,Yes,Mailed check,95.23,4143.74,0
CUST-01918,Female,1,No,No,39,Yes,Yes,DSL,No,No,No,No,Yes,Yes,Month-to-month,Yes,Electronic check,32.71,1313.4,0
CUST-01919,Male,0,Yes,No,44,Yes,No,Fiber optic,Yes,No,No,No,Yes,No,Two year,Yes,Credit card (automatic),60.19,2632.55,0
CUST-01920,Male,0,No,No,7,Yes,No,Fiber optic,No,No,No,No,Yes,Yes,Month-to-month,No,Mailed check,59.05,387.43,0
CUST-01921,Female,1,No,No,34,Yes,Yes,Fiber optic,No,No,Yes,No,Yes,No,Two year,Yes,Mailed check,118.75,4124.02,1
CUST-01922,Male,0,Yes,Yes,43,Yes,No,DSL,No,No,Yes,No,No,No,Month-to-month,No,Electronic check,88.69,3815.0,1
CUST-01923,Female,0,Yes,No,17,Yes,Yes,DSL,Yes,No,Yes,Yes,No,Yes,One year,Yes,Bank transfer (automatic),59.78,959.58,0
CUST-01924,Male,0,No,No,46,Yes,No,No,No internet service,No internet service,No internet service,No internet service,No internet service,No internet service,Month-to-month,No,Bank transfer (automatic),58.96,2682.89,0
CUST-01925,Female,0,Yes,No,24,Yes,No,Fiber optic,No,No,Yes,No,Yes,No,One year,Yes,Electronic check,34.09,720.06,0
CUST-01926,Male,0,No,No,40,Yes,No,Fiber optic,No,No,No,No,No,No,One year,Yes,Electronic check,102.21,4006.96,1
CUST-01927,Female,0,Yes,Yes,4,Yes,Yes,DSL,Yes,No,No,Yes,Yes,Yes,One year,Yes,Mailed check,80.45,295.31,0
CUST-01928,Female,0,Yes,Yes,63,Yes,Yes,DSL,Yes,No,No,No,No,No,Month-to-month,No,Mailed check,94.24,5897.33,0
CUST-01929,Female,0,Yes,Yes,61,Yes,No,DSL,No,No,Yes,No,Yes,No,Month-to-month,Yes,Electronic check,46.33,2791.8,0
CUST-01930,Male,0,Yes,No,71,Yes,No,Fiber optic,No,No,No,No,No,No,Month-to-month,No,Electronic check,98.26,7014.97,1
CUST-01931,Female,0,No,No,2,Yes,Yes,No,No internet service,No internet service,No internet service,No internet service,No internet service,No internet service,Two year,No,Electronic check,64.33,172.37,0
CUST-01932,Female,0,No,No,36,Yes,Yes,No,No internet service,No internet service,No internet service,No internet service,No internet service,No internet service,One year,Yes,Credit card (automatic),56.82,1987.29,0
CUST-01933,Female,0,Yes,Yes,40,Yes,Yes,Fiber optic,No,No,No,No,No,No,Month-to-month,Yes,Electronic check,88.38,3629.78,1
CUST-01934,Female,0,Yes,Yes,19,Yes,No,No,No internet service,No internet service,No internet service,No internet service,No internet service,No internet service,Month-to-month,Yes,Credit card (automatic),42.64,815.19,0
CUST-01935,Female,1,Yes,Yes,66,Yes,No,Fiber optic,No,No,No,No,Yes,No,Month-to-month,Yes,Mailed check,83.64,5520.63,0
CUST-01936,Female,0,Yes,No,39,Yes,Yes,Fiber optic,No,No,Yes,No,No,Yes,One year,Yes,Bank transfer (automatic),68.78,2642.82,0
CUST-01937,Male,0,No,Yes,7,No,No phone service,DSL,No,No,Yes,Yes,Yes,Yes,Month-to-month,Yes,Credit card (automatic),97.79,669.51,0
CUST-01938,Female,0,Yes,Yes,4,Yes,No,Fiber optic,Yes,No,No,No,Yes,Yes,Month-to-month,No,Mailed check,92.85,472.83,1
CUST-01939,Female,0,Yes,No,24,Yes,No,DSL,Yes,No,No,Yes,No,Yes,Month-to-month,No,Bank transfer (automatic),75.6,1760.34,0
CUST-01940,Male,0,Yes,No,38,Yes,No,Fiber optic,Yes,Yes,No,Yes,No,Yes,One year,No,Bank transfer (automatic),82.3,3140.77,0
CUST-01941,Male,0,Yes,No,36,Yes,No,No,No internet service,No internet service,No internet service,No internet service,No internet service,No internet service,One year,Yes,Credit card (automatic),89.97,3211.8,0
CUST-01942,Male,1,Yes,Yes,4,Yes,Yes,DSL,Yes,No,No,Yes,Yes,Yes,Month-to-month,Yes,Electronic check,70.33,190.84,1
CUST-01943,Female,0,Yes,No,7,Yes,Yes,DSL,No,No,No,No,No,Yes,Month-to-month,Yes,Mailed check,50.53,276.92,0
CUST-01944,Female,0,No,No,3,Yes,No,DSL,No,No,No,No,No,Yes,Month-to-month,No,Credit card (automatic),58.34,205.55,0
CUST-01945,Female,0,No,Yes,40,Yes,No,Fiber optic,Yes,No,No,No,Yes,Yes,Month-to-month,Yes,Electronic check,45.04,1715.47,0
CUST-01946,Female,0,No,Yes,59,Yes,No,DSL,No,No,No,Yes,No,No,One year,Yes,Credit card (automatic),101.33,5916.72,0
CUST-01947,Male,0,Yes,No,53,No,No phone service,Fiber optic,No,No,No,Yes,No,No,Month-to-month,No,Credit card (automatic),87.31,4668.52,0
CUST-01948,Male,0,Yes,No,21,Yes,No,DSL,Yes,Yes,No,No,No,No,Month-to-month,Yes,Electronic check,62.34,1344.2,0
CUST-01949,Male,1,No,Yes,18,No,No phone service,Fiber optic,Yes,Yes,No,No,Yes,No,One year,Yes,Electronic check,54.38,981.77,0
CUST-01950,Male,0,No,No,67,Yes,Yes,DSL,No,No,Yes,No,No,Yes,Two year,Yes,Electronic check,85.21,5650.17,0
CUST-01951,Male,0,No,No,32,Yes,No,No,No internet service,No internet service,No internet service,No internet service,No internet service,No internet service,Month-to-month,No,Electronic check,39.12,1192.75,0
CUST-01952,Male,0,Yes,Yes,21,Yes,No,Fiber optic,No,Yes,Yes,Yes,Yes,No,Month-to-month,No,Mailed check,46.2,904.0,0
CUST-01953,Female,0,Yes,No,64,Yes,No,Fiber optic,Yes,No,Yes,No,No,No,Month-to-month,No,Credit card (automatic),78.4,5010.92,0
CUST-01954,Female,0,No,No,10,Yes,No,Fiber optic,No,No,No,No,Yes,No,Month-to-month,No,Mailed check,118.75,1219.56,1
CUST-01955,Female,0,No,No,15,Yes,Yes,Fiber optic,No,Yes,No,No,No,Yes,One year,No,Mailed check,83.39,1229.64,0
CUST-01956,Female,0,No,No,67,Yes,Yes,DSL,Yes,No,No,No,Yes,No,One year,Yes,Electronic check,83.94,5668.22,0
CUST-01957,Female,0,No,Yes,43,Yes,Yes,Fiber optic,Yes,No,No,No,No,No,Month-to-month,Yes,Bank transfer (automatic),46.7,2088.6,0
CUST-01958,Male,0,No,Yes,8,Yes,No,Fiber optic,Yes,Yes,No,Yes,No,No,Month-to-month,Yes,Mailed check,47.79,401.87,0
CUST-01959,Female,0,Yes,No,71,Yes,No,Fiber optic,No,No,No,No,No,Yes,Month-to-month,Yes,Bank transfer (automatic),113.77,8015.0,0
CUST-01960,Female,1,No,No,61,Yes,Yes,DSL,No,No,No,No,No,Yes,Month-to-month,Yes,Mailed check,66.92,4086.42,0
CUST-01961,Male,0,No,No,14,Yes,No,DSL,Yes,Yes,Yes,No,No,No,Two year,Yes,Credit card (automatic),73.71,1099.62,0
CUST-01962,Male,0,No,No,5,Yes,No,DSL,No,No,No,No,No,No,Month-to-month,Yes,Bank transfer (automatic),85.49,395.9,1
CUST-01963,Female,1,Yes,No,0,Yes,No,DSL,No,Yes,Yes,No,Yes,Yes,One year,Yes,Electronic check,59.5,0.0,0
CUST-01964,Male,0,Yes,No,19,Yes,No,No,No internet service,No internet service,No internet service,No internet service,No internet service,No internet service,Month-to-month,No,Electronic check,59.95,1196.04,0
CUST-01965,Female,0,No,No,35,Yes,Yes,DSL,No,Yes,No,No,Yes,Yes,Two year,Yes,Electronic check,31.74,1039.1,0
CUST-01966,Female,0,Yes,No,1,Yes,No,Fiber optic,No,No,No,No,Yes,Yes,One year,No,Mailed check,39.74,49.66,0
CUST-01967,Male,1,No,No,69,Yes,No,Fiber optic,No,Yes,No,No,Yes,Yes,Month-to-month,No,Electronic check,94.25,6472.37,1
CUST-01968,Male,0,Yes,Yes,1,Yes,Yes,No,No internet service,No internet service,No internet service,No internet service,No internet service,No internet service,Month-to-month,No,Mailed check,59.18,37.54,0
CUST-01969,Male,0,Yes,No,2,Yes,No,Fiber optic,Yes,Yes,No,No,Yes,No,One year,No,Electronic check,86.99,259.15,0
CUST-01970,Male,0,No,No,6,Yes,Yes,DSL,Yes,No,No,Yes,Yes,No,Month-to-month,No,Mailed check,31.21,163.22,0
CUST-01971,Male,0,Yes,Yes,63,No,No phone service,DSL,No,No,No,No,Yes,No,Two year,Yes,Electronic check,99.03,6244.97,0
CUST-01972,Female,0,Yes,No,40,Yes,Yes,Fiber optic,No,Yes,Yes,No,Yes,Yes,Month-to-month,No,Mailed check,74.56,3033.97,0
CUST-01973,Male,0,Yes,No,53,Yes,No,Fiber optic,No,No,No,No,Yes,Yes,One year,No,Credit card (automatic),40.59,2087.16,0
CUST-01974,Female,0,No,No,40,Yes,No,DSL,No,No,No,No,No,No,Month-to-month,Yes,Bank transfer (automatic),103.79,4193.4,1
CUST-01975,Male,0,Yes,Yes,4,Yes,Yes,DSL,No,No,No,No,Yes,Yes,Month-to-month,No,Mailed check,35.39,119.15,0
CUST-01976,Female,0,No,No,62,Yes,No,No,No internet service,No internet service,No internet service,No internet service,No internet service,No internet service,Month-to-month,Yes,Bank transfer (automatic),105.54,6479.47,0
CUST-01977,Male,0,Yes,Yes,0,Yes,Yes,DSL,Yes,Yes,Yes,No,Yes,No,Month-to-month,Yes,Electronic check,69.19,0.0,0
CUST-01978,Male,0,No,No,24,Yes,Yes,Fiber optic,Yes,No,No,No,No,No,One year,Yes,Electronic check,50.99,1226.87,0
CUST-01979,Female,0,Yes,Yes,45,Yes,Yes,No,No internet service,No internet service,No internet service,No internet service,No internet service,No internet service,Two year,No,Credit card (automatic),118.75,5355.76,0
CUST-01980,Female,0,Yes,No,14,Yes,No,Fiber optic,Yes,No,No,Yes,Yes,No,Two year,No,Bank transfer (automatic),82.08,1111.67,0
CUST-01981,Male,0,Yes,No,68,Yes,No,Fiber optic,Yes,No,No,Yes,No,Yes,Month-to-month,No,Electronic check,109.81,7456.28,0
CUST-01982,Female,0,Yes,No,16,Yes,No,DSL,No,No,No,No,Yes,Yes,One year,Yes,Electronic check,83.04,1259.0,0
CUST-01983,Male,1,No,No,20,Yes,No,No,No internet service,No internet service,No internet service,No internet service,No internet service,No internet service,Month-to-month,No,Mailed check,67.37,1312.01,0
CUST-01984,Female,0,Yes,No,52,Yes,Yes,DSL,No,No,No,Yes,Yes,No,Month-to-month,Yes,Credit card (automatic),55.45,2815.3,0
CUST-01985,Male,1,Yes,Yes,54,Yes,No,Fiber optic,No,No,No,No,Yes,Yes,Month-to-month,Yes,Mailed check,72.97,3936.42,1
CUST-01986,Male,0,No,Yes,9,No,No phone service,No,No internet service,No internet service,No internet service,No internet service,No internet service,No internet service,Month-to-month,No,Electronic check,75.34,636.18,0
CUST-01987,Female,0,Yes,Yes,56,Yes,No,DSL,Yes,Yes,Yes,No,No,No,Two year,No,Mailed check,98.19,5602.38,0
CUST-01988,Female,0,Yes,Yes,64,Yes,Yes,Fiber optic,No,Yes,No,Yes,No,No,One year,No,Electronic check,69.06,4438.99,0
CUST-01989,Male,0,No,No,36,Yes,Yes,No,No internet service,No internet service,No internet service,No internet service,No internet service,No internet service,Month-to-month,Yes,Electronic check,87.84,3080.93,1
CUST-01990,Female,0,No,No,6,Yes,No,Fiber optic,No,Yes,No,No,Yes,Yes,Month-to-month,Yes,Electronic check,112.8,639.49,1
CUST-01991,Female,1,Yes,Yes,39,Yes,Yes,Fiber optic,No,No,Yes,Yes,Yes,No,Month-to-month,Yes,Mailed check,79.37,3130.55,0
CUST-01992,Male,0,Yes,No,49,Yes,Yes,No,No internet service,No internet service,No internet service,No internet service,No internet service,No internet service,One year,No,Bank transfer (automatic),27.83,1375.9,0
CUST-01993,Female,0,No,No,0,Yes,No,Fiber optic,Yes,No,No,No,No,Yes,Month-to-month,Yes,Bank transfer (automatic),71.21,0.0,1
CUST-01994,Male,0,Yes,Yes,19,Yes,Yes,Fiber optic,No,No,Yes,No,No,No,One year,Yes,Bank transfer (automatic),70.27,1295.77,0
CUST-01995,Female,1,No,No,30,Yes,Yes,Fiber optic,Yes,Yes,No,No,Yes,Yes,Two year,Yes,Bank transfer (automatic),71.01,2162.46,0
CUST-01996,Female,0,Yes,No,67,Yes,Yes,DSL,No,No,Yes,No,No,Yes,Month-to-month,No,Credit card (automatic),39.41,2659.03,0
CUST-01997,Female,0,No,No,11,Yes,No,DSL,Yes,No,Yes,No,No,No,One year,Yes,Electronic check,78.44,891.65,0
CUST-01998,Male,1,Yes,No,21,Yes,Yes,DSL,No,No,No,No,No,No,Two year,No,Electronic check,59.62,1238.02,0
CUST-01999,Male,0,No,No,0,No,No phone service,DSL,No,Yes,No,No,Yes,No,Month-to-month,Yes,Electronic check,67.36,0.0,1
CUST-02000,Male,0,Yes,Yes,0,Yes,No,DSL,Yes,No,Yes,Yes,Yes,No,Month-to-month,No,Electronic check,93.7,0.0,0
CUST-02001,Male,0,No,No,2,Yes,No,Fiber optic,Yes,Yes,No,No,No,No,Month-to-month,Yes,Electronic check,49.99,147.46,0
CUST-02002,Male,0,Yes,No,20,Yes,No,DSL,No,Yes,No,No,No,No,One year,No,Credit card (automatic),70.22,1501.58,0
CUST-02003,Female,0,Yes,No,12,No,No phone service,No,No internet service,No internet service,No internet service,No internet service,No internet service,No internet service,One year,Yes,Electronic check,66.61,813.17,0
CUST-02004,Male,0,No,No,60,No,No phone service,Fiber optic,No,No,No,No,No,No,One year,No,Electronic check,74.19,4498.19,0
CUST-02005,Male,0,No,No,12,Yes,No,Fiber optic,No,Yes,No,Yes,No,Yes,One year,Yes,Mailed check,60.57,686.89,0
CUST-02006,Female,0,No,No,32,Yes,No,Fiber optic,No,No,Yes,No,No,No,Two year,No,Electronic check,64.7,2069.36,0
CUST-02007,Male,0,Yes,No,5,Yes,No,DSL,No,No,No,No,Yes,No,One year,Yes,Electronic check,112.57,559.7,1
CUST-02008,Female,0,No,No,24,No,No phone service,Fiber optic,No,No,No,No,Yes,Yes,Two year,Yes,Mailed check,62.76,1525.49,0
CUST-02009,Male,0,Yes,No,22,Yes,Yes,Fiber optic,Yes,Yes,No,No,No,Yes,One year,Yes,Credit card (automatic),79.82,1759.92,0
CUST-02010,Female,0,No,No,25,Yes,No,Fiber optic,No,Yes,No,No,Yes,No,One year,No,Electronic check,76.1,2041.35,0
CUST-02011,Male,0,No,No,3,No,No phone service,DSL,No,No,No,No,No,No,Two year,Yes,Electronic check,72.24,256.7,0
CUST-02012,Male,0,Yes,No,34,Yes,Yes,Fiber optic,No,No,Yes,No,Yes,Yes,Two year,Yes,Credit card (automatic),86.73,3013.78,0
CUST-02013,Female,0,No,No,24,Yes,Yes,Fiber optic,No,Yes,No,No,Yes,Yes,One year,Yes,Electronic check,57.51,1393.78,0
CUST-02014,Male,0,No,Yes,19,Yes,No,Fiber optic,No,No,No,No,Yes,No,One year,No,Mailed check,107.67,1939.43,0
CUST-02015,Female,0,Yes,Yes,0,Yes,Yes,DSL,No,Yes,No,Yes,No,Yes,Month-to-month,Yes,Electronic check,47.0,0.0,0
CUST-02016,Male,1,No,No,67,Yes,No,Fiber optic,No,Yes,No,No,Yes,No,Month-to-month,Yes,Bank transfer (automatic),75.19,5092.49,0
CUST-02017,Male,0,Yes,No,22,Yes,No,Fiber optic,No,No,No,No,Yes,No,Month-to-month,Yes,Bank transfer (automatic),43.39,1024.25,0
CUST-02018,Female,0,No,Yes,21,Yes,Yes,Fiber optic,No,Yes,No,No,No,Yes,Month-to-month,Yes,Electronic check,95.34,1998.78,1
CUST-02019,Male,0,Yes,No,61,Yes,Yes,Fiber optic,No,No,No,No,Yes,No,Month-to-month,Yes,Credit card (automatic),55.44,3310.08,0
CUST-02020,Female,0,Yes,No,0,Yes,Yes,DSL,Yes,No,No,No,Yes,Yes,One year,No,Bank transfer (automatic),88.89,0.0,0
CUST-02021,Female,0,Yes,Yes,58,No,No phone service,DSL,No,Yes,Yes,Yes,No,No,Two year,Yes,Bank transfer (automatic),84.68,4838.95,0
CUST-02022,Female,0,No,Yes,67,Yes,No,DSL,No,No,No,No,Yes,Yes,Month-to-month,Yes,Bank transfer (automatic),83.71,5672.93,0
CUST-02023,Female,1,No,No,18,Yes,No,DSL,No,No,No,No,No,Yes,Month-to-month,No,Mailed check,100.41,1830.07,0
CUST-02024,Male,0,No,Yes,29,Yes,No,DSL,No,No,No,No,Yes,Yes,Two year,No,Bank transfer (automatic),58.92,1683.06,0
CUST-02025,Male,0,Yes,No,0,Yes,No,DSL,No,No,No,Yes,No,No,One year,Yes,Electronic check,106.67,0.0,0
CUST-02026,Male,0,Yes,No,47,No,No phone service,DSL,No,No,Yes,Yes,Yes,No,One year,Yes,Electronic check,66.93,3219.17,0
CUST-02027,Female,0,No,No,18,Yes,No,Fiber optic,No,No,No,No,Yes,No,One year,No,Electronic check,83.29,1538.43,0
CUST-02028,Female,1,No,No,51,Yes,Yes,No,No internet service,No internet service,No internet service,No internet service,No internet service,No internet service,Month-to-month,Yes,Electronic check,72.25,3784.73,1
CUST-02029,Male,0,Yes,No,21,Yes,No,DSL,Yes,No,Yes,Yes,No,No,Month-to-month,No,Credit card (automatic),88.35,1811.07,0
CUST-02030,Female,0,Yes,No,49,Yes,No,DSL,No,No,No,Yes,Yes,No,Two year,No,Credit card (automatic),51.74,2583.91,0
CUST-02031,Male,0,Yes,No,65,Yes,No,No,No internet service,No internet service,No internet service,No internet service,No internet service,No internet service,One year,Yes,Electronic check,81.71,5238.19,0
CUST-02032,Female,0,Yes,No,5,Yes,No,Fiber optic,No,No,No,No,Yes,Yes,Month-to-month,Yes,Electronic check,71.15,450.45,1
CUST-02033,Male,0,No,No,63,Yes,Yes,DSL,No,No,Yes,No,No,No,Month-to-month,No,Mailed check,89.65,5684.35,0
CUST-02034,Female,0,No,No,20,Yes,Yes,Fiber optic,No,No,Yes,Yes,No,No,One year,No,Mailed check,82.91,1639.53,0
CUST-02035,Female,0,No,No,18,Yes,No,DSL,No,Yes,No,No,Yes,No,Month-to-month,No,Bank transfer (automatic),50.99,860.03,0
CUST-02036,Male,0,No,No,36,No,No phone service,Fiber optic,No,No,No,No,Yes,No,Month-to-month,Yes,Mailed check,107.66,3848.76,1
CUST-02037,Male,0,Yes,Yes,62,Yes,Yes,No,No internet service,No internet service,No internet service,No internet service,No internet service,No internet service,Month-to-month,No,Mailed check,77.17,4771.57,0
CUST-02038,Male,0,No,Yes,28,Yes,No,DSL,Yes,No,No,Yes,No,Yes,Month-to-month,No,Bank transfer (automatic),92.15,2591.01,0
CUST-02039,Male,0,No,No,59,No,No phone service,No,No internet service,No internet service,No internet service,No internet service,No internet service,No internet service,One year,Yes,Electronic check,46.67,2752.68,0
CUST-02040,Male,0,Yes,No,33,Yes,No,DSL,No,No,No,Yes,Yes,Yes,Two year,Yes,Electronic check,64.22,2087.58,0
CUST-02041,Female,0,No,No,0,Yes,No,Fiber optic,Yes,Yes,No,No,No,Yes,Month-to-month,Yes,Electronic check,96.97,0.0,1
CUST-02042,Female,0,Yes,No,47,Yes,No,Fiber optic,No,No,No,No,No,Yes,Month-to-month,Yes,Bank transfer (automatic),117.41,5433.31,1
CUST-02043,Female,0,No,Yes,20,Yes,No,Fiber optic,Yes,Yes,No,No,Yes,Yes,Month-to-month,No,Electronic check,83.39,1696.46,1
CUST-02044,Male,0,Yes,No,33,Yes,Yes,DSL,No,No,No,No,Yes,Yes,Two year,Yes,Credit card (automatic),72.38,2397.83,0
CUST-02045,Female,1,No,Yes,25,No,No phone service,Fiber optic,No,Yes,Yes,No,No,No,Month-to-month,Yes,Electronic check,46.92,1172.65,1
CUST-02046,Female,0,Yes,No,35,Yes,Yes,Fiber optic,No,No,No,No,No,No,Month-to-month,Yes,Mailed check,94.79,3349.16,1
CUST-02047,Male,0,Yes,No,22,Yes,No,Fiber optic,Yes,No,Yes,No,No,Yes,Two year,Yes,Electronic check,80.72,1742.45,0
CUST-02048,Female,0,No,No,46,Yes,Yes,DSL,No,Yes,No,No,Yes,No,Month-to-month,No,Credit card (automatic),18.25,801.01,0
CUST-02049,Female,0,No,No,43,Yes,Yes,DSL,Yes,No,No,No,No,Yes,Month-to-month,Yes,Electronic check,32.65,1389.47,0
CUST-02050,Male,0,Yes,Yes,19,Yes,No,Fiber optic,No,No,No,No,No,No,Two year,Yes,Mailed check,81.4,1520.27,0
CUST-02051,Male,1,Yes,No,26,Yes,No,No,No internet service,No internet service,No internet service,No internet service,No internet service,No internet service,Month-to-month,No,Credit card (automatic),52.81,1361.21,0
CUST-02052,Female,0,Yes,Yes,60,Yes,Yes,Fiber optic,No,Yes,Yes,No,Yes,Yes,Month-to-month,Yes,Electronic check,52.34,3176.4,0
CUST-02053,Male,1,No,Yes,36,Yes,Yes,Fiber optic,No,No,Yes,No,Yes,Yes,One year,Yes,Mailed check,72.4,2611.92,0
CUST-02054,Female,0,No,Yes,51,Yes,No,DSL,No,No,No,Yes,No,No,Two year,No,Mailed check,85.66,4370.15,0
CUST-02055,Female,0,No,No,61,Yes,No,Fiber optic,Yes,No,No,No,No,Yes,Two year,Yes,Electronic check,114.23,6979.59,0
CUST-02056,Female,0,Yes,Yes,65,Yes,Yes,DSL,No,No,No,No,No,No,One year,Yes,Bank transfer (automatic),58.59,3791.84,0
CUST-02057,Male,0,No,No,23,Yes,No,Fiber optic,No,Yes,No,Yes,No,No,Month-to-month,Yes,Mailed check,84.09,1979.24,0
CUST-02058,Male,0,Yes,No,11,No,No phone service,No,No internet service,No internet service,No internet service,No internet service,No internet service,No internet service,Two year,Yes,Electronic check,45.86,532.73,0
CUST-02059,Female,1,Yes,No,15,Yes,Yes,No,No internet service,No internet service,No internet service,No internet service,No internet service,No internet service,Month-to-month,Yes,Bank transfer (automatic),59.7,895.78,0
CUST-02060,Female,1,No,Yes,35,Yes,No,DSL,Yes,No,No,No,Yes,Yes,One year,Yes,Mailed check,79.58,2728.67,0
CUST-02061,Male,1,No,Yes,1,Yes,Yes,Fiber optic,Yes,Yes,Yes,No,Yes,Yes,Month-to-month,No,Mailed check,66.45,131.92,1
CUST-02062,Female,0,No,No,61,Yes,Yes,DSL,No,Yes,No,No,Yes,Yes,One year,Yes,Credit card (automatic),44.32,2736.75,0
CUST-02063,Female,0,No,No,63,Yes,No,DSL,No,No,No,Yes,No,No,Month-to-month,Yes,Mailed check,91.59,5798.53,0
CUST-02064,Male,0,No,Yes,28,Yes,No,DSL,No,Yes,Yes,No,Yes,Yes,One year,No,Bank transfer (automatic),92.42,2672.72,0
CUST-02065,Male,0,No,No,30,Yes,Yes,DSL,No,No,No,No,No,Yes,Month-to-month,No,Credit card (automatic),118.75,3597.27,1
CUST-02066,Female,0,Yes,No,14,Yes,Yes,Fiber optic,Yes,No,No,No,No,No,Month-to-month,Yes,Mailed check,77.49,1082.43,1
CUST-02067,Male,0,Yes,No,54,Yes,No,Fiber optic,Yes,No,Yes,No,Yes,Yes,One year,Yes,Bank transfer (automatic),81.84,4393.83,0
CUST-02068,Male,0,No,No,32,Yes,Yes,No,No internet service,No internet service,No internet service,No internet service,No internet service,No internet service,Month-to-month,Yes,Electronic check,82.03,2597.48,1
CUST-02069,Male,0,No,No,51,Yes,No,DSL,No,Yes,No,No,Yes,No,One year,Yes,Electronic check,42.98,2205.77,0
CUST-02070,Male,0,Yes,No,19,Yes,No,Fiber optic,Yes,No,No,No,Yes,Yes,Two year,No,Bank transfer (automatic),40.25,813.08,0
CUST-02071,Female,0,Yes,No,72,Yes,Yes,DSL,No,Yes,No,No,No,No,Month-to-month,Yes,Credit card (automatic),77.93,5659.86,0
CUST-02072,Female,0,Yes,No,37,Yes,No,DSL,No,Yes,Yes,Yes,Yes,Yes,Month-to-month,Yes,Electronic check,18.25,606.23,0
CUST-02073,Male,0,Yes,No,2,Yes,No,No,No internet service,No internet service,No internet service,No internet service,No internet service,No internet service,Two year,No,Bank transfer (automatic),42.01,130.25,0
CUST-02074,Female,0,No,No,53,Yes,Yes,Fiber optic,No,No,No,No,Yes,Yes,Two year,Yes,Electronic check,64.92,3425.94,0
CUST-02075,Female,0,Yes,No,65,Yes,No,No,No internet service,No internet service,No internet service,No internet service,No internet service,No internet service,Two year,No,Mailed check,104.25,6746.83,0
CUST-02076,Female,0,No,Yes,17,No,No phone service,Fiber optic,Yes,No,No,No,Yes,No,Two year,Yes,Bank transfer (automatic),78.84,1358.58,0
CUST-02077,Male,0,Yes,Yes,6,No,No phone service,DSL,No,No,No,No,Yes,Yes,Month-to-month,Yes,Mailed check,32.89,236.72,0
CUST-02078,Male,0,No,No,34,Yes,No,DSL,No,Yes,No,No,Yes,No,Month-to-month,Yes,Electronic check,73.72,2444.82,1
CUST-02079,Female,0,Yes,No,59,Yes,No,No,No internet service,No internet service,No internet service,No internet service,No internet service,No internet service,Month-to-month,Yes,Electronic check,92.78,5484.89,0
CUST-02080,Female,0,No,No,23,Yes,Yes,DSL,No,No,No,No,No,No,Month-to-month,Yes,Credit card (automatic),91.05,2013.09,0
CUST-02081,Male,0,No,No,38,Yes,No,No,No internet service,No internet service,No internet service,No internet service,No internet service,No internet service,Month-to-month,No,Mailed check,101.42,3893.56,0
CUST-02082,Male,0,No,No,11,Yes,Yes,Fiber optic,Yes,No,No,No,No,No,Two year,Yes,Electronic check,101.48,1060.8,1
CUST-02083,Male,0,Yes,Yes,52,Yes,No,DSL,No,No,No,No,No,Yes,Month-to-month,Yes,Electronic check,91.47,4765.98,1
CUST-02084,Female,0,Yes,No,63,Yes,No,Fiber optic,No,No,Yes,No,No,No,Month-to-month,Yes,Electronic check,90.93,5710.27,1
CUST-02085,Female,0,Yes,No,3,No,No phone service,DSL,Yes,Yes,Yes,No,Yes,No,One year,No,Mailed check,76.23,200.17,0
CUST-02086,Female,0,Yes,No,4,No,No phone service,DSL,Yes,No,No,Yes,Yes,Yes,Month-to-month,Yes,Bank transfer (automatic),91.62,266.46,0
CUST-02087,Male,0,No,No,15,Yes,Yes,No,No internet service,No internet service,No internet service,No internet service,No internet service,No internet service,Month-to-month,No,Credit card (automatic),52.39,715.89,0
CUST-02088,Female,0,No,Yes,26,Yes,Yes,Fiber optic,No,Yes,No,No,No,No,Month-to-month,Yes,Credit card (automatic),68.5,1777.24,1
CUST-02089,Female,0,No,No,3,Yes,Yes,Fiber optic,Yes,Yes,No,Yes,No,Yes,One year,No,Bank transfer (automatic),52.93,112.28,0
CUST-02090,Male,0,No,No,71,Yes,No,DSL,No,Yes,No,No,No,Yes,One year,Yes,Bank transfer (automatic),90.7,6423.77,0
CUST-02091,Female,0,Yes,Yes,47,Yes,Yes,DSL,Yes,Yes,No,No,Yes,No,Month-to-month,Yes,Mailed check,70.06,3253.48,0
CUST-02092,Female,1,Yes,No,7,Yes,No,Fiber optic,Yes,No,No,No,No,Yes,One year,Yes,Mailed check,96.31,660.26,0
CUST-02093,Male,0,Yes,No,45,Yes,No,Fiber optic,No,Yes,Yes,No,No,No,Month-to-month,Yes,Bank transfer (automatic),77.56,3430.11,0
CUST-02094,Female,0,No,No,43,Yes,Yes,Fiber optic,No,No,No,No,Yes,Yes,Month-to-month,Yes,Electronic check,102.56,4386.27,1
CUST-02095,Male,0,No,No,66,Yes,No,Fiber optic,No,No,No,Yes,No,No,Month-to-month,No,Electronic check,26.39,1728.34,0
CUST-02096,Female,0,Yes,No,51,No,No phone service,Fiber optic,No,No,No,Yes,Yes,Yes,Month-to-month,No,Credit card (automatic),59.09,3015.07,0
CUST-02097,Female,0,Yes,No,33,Yes,Yes,DSL,No,No,Yes,No,Yes,Yes,Month-to-month,No,Mailed check,98.04,3144.07,0
CUST-02098,Female,0,No,Yes,61,Yes,No,DSL,No,No,No,Yes,No,No,One year,Yes,Mailed check,78.98,4820.34,0
CUST-02099,Female,0,No,No,20,Yes,Yes,DSL,Yes,Yes,Yes,No,No,No,Month-to-month,Yes,Credit card (automatic),99.17,1927.81,0
CUST-02100,Male,1,No,Yes,23,Yes,Yes,Fiber optic,No,Yes,No,No,No,No,Month-to-month,Yes,Bank transfer (automatic),79.47,1759.51,1
CUST-02101,Female,0,Yes,No,43,No,No phone service,Fiber optic,No,No,No,No,No,Yes,Two year,No,Electronic check,52.63,2324.66,0
CUST-02102,Female,0,Yes,No,40,Yes,No,DSL,Yes,No,Yes,No,Yes,Yes,Month-to-month,No,Bank transfer (automatic),118.75,4786.48,0
CUST-02103,Male,1,No,No,28,Yes,Yes,DSL,Yes,No,No,No,Yes,Yes,One year,No,Electronic check,57.3,1631.95,0
CUST-02104,Female,0,No,No,5,Yes,No,Fiber optic,No,No,Yes,Yes,No,No,One year,Yes,Electronic check,52.05,249.21,0
CUST-02105,Female,0,Yes,Yes,55,No,No phone service,No,No internet service,No internet service,No internet service,No internet service,No internet service,No internet service,Month-to-month,Yes,Credit card (automatic),98.13,5368.11,0
CUST-02106,Male,0,No,No,13,Yes,No,Fiber optic,Yes,No,No,No,No,No,Month-to-month,No,Bank transfer (automatic),49.02,711.62,0
CUST-02107,Female,0,No,No,49,Yes,No,DSL,No,No,Yes,No,No,No,Month-to-month,No,Credit card (automatic),44.48,2186.26,0
CUST-02108,Female,0,Yes,No,51,Yes,Yes,Fiber optic,No,Yes,No,No,No,Yes,One year,Yes,Credit card (automatic),57.89,2907.45,0
CUST-02109,Male,1,Yes,No,0,Yes,No,Fiber optic,No,No,No,No,Yes,No,Month-to-month,Yes,Mailed check,90.5,0.0,1
CUST-02110,Female,0,Yes,No,11,Yes,Yes,DSL,No,No,No,No,Yes,Yes,Month-to-month,Yes,Credit card (automatic),118.75,1321.81,0
CUST-02111,Male,0,Yes,No,23,Yes,Yes,Fiber optic,No,Yes,Yes,No,No,Yes,Two year,Yes,Bank transfer (automatic),73.32,1668.96,0
CUST-02112,Male,1,No,No,36,Yes,No,DSL,No,Yes,No,No,Yes,No,Month-to-month,Yes,Electronic check,56.9,2100.06,1
CUST-02113,Male,0,Yes,No,69,Yes,Yes,DSL,Yes,Yes,No,No,No,No,Two year,No,Bank transfer (automatic),110.45,7624.66,0
CUST-02114,Female,0,No,No,2,Yes,No,No,No internet service,No internet service,No internet service,No internet service,No internet service,No internet service,One year,Yes,Electronic check,54.9,49.77,0
CUST-02115,Female,0,No,No,26,Yes,No,No,No internet service,No internet service,No internet service,No internet service,No internet service,No internet service,Month-to-month,No,Electronic check,62.51,1718.31,0
CUST-02116,Male,1,Yes,No,52,Yes,Yes,Fiber optic,No,No,No,No,No,Yes,Month-to-month,Yes,Electronic check,87.64,4506.25,1
CUST-02117,Male,0,Yes,Yes,16,Yes,Yes,DSL,No,No,No,No,No,Yes,Two year,No,Mailed check,100.75,1550.9,0
CUST-02118,Female,0,No,Yes,14,Yes,No,Fiber optic,No,No,No,No,Yes,No,Month-to-month,Yes,Mailed check,73.71,1027.74,0
CUST-02119,Male,0,No,No,38,Yes,Yes,DSL,Yes,No,Yes,Yes,No,No,One year,No,Electronic check,66.41,2546.87,0
CUST-02120,Female,0,No,Yes,3,Yes,Yes,DSL,No,Yes,No,No,No,No,Month-to-month,Yes,Bank transfer (automatic),118.75,311.28,1
CUST-02121,Female,1,Yes,Yes,16,Yes,Yes,Fiber optic,No,Yes,No,No,No,No,Two year,Yes,Bank transfer (automatic),55.45,921.98,0
CUST-02122,Female,0,Yes,No,10,Yes,No,Fiber optic,No,Yes,Yes,Yes,Yes,Yes,One year,No,Electronic check,57.4,549.33,0
CUST-02123,Female,0,No,Yes,11,Yes,No,DSL,No,No,Yes,Yes,Yes,No,Month-to-month,No,Credit card (automatic),61.82,802.28,0
CUST-02124,Male,1,No,No,31,Yes,Yes,Fiber optic,No,Yes,No,No,Yes,No,Two year,Yes,Bank transfer (automatic),88.08,2747.15,0
CUST-02125,Female,0,Yes,No,26,Yes,Yes,DSL,No,No,No,No,Yes,No,Month-to-month,Yes,Bank transfer (automatic),61.93,1555.93,0
CUST-02126,Female,0,No,No,43,Yes,No,No,No internet service,No internet service,No internet service,No internet service,No internet service,No internet service,Month-to-month,Yes,Electronic check,96.4,4110.02,1
CUST-02127,Female,0,Yes,Yes,42,Yes,No,No,No internet service,No internet service,No internet service,No internet service,No internet service,No internet service,One year,No,Credit card (automatic),74.54,3155.34,0
CUST-02128,Male,0,No,No,48,Yes,Yes,Fiber optic,No,Yes,No,Yes,No,No,Two year,Yes,Credit card (automatic),68.69,3256.51,0
CUST-02129,Female,0,No,No,72,Yes,No,Fiber optic,No,No,No,No,No,No,Month-to-month,Yes,Mailed check,65.95,4744.59,0
CUST-02130,Male,1,Yes,No,42,Yes,No,DSL,No,Yes,No,Yes,Yes,No,Two year,No,Credit card (automatic),75.21,3257.31,0
CUST-02131,Male,0,No,No,2,Yes,No,Fiber optic,Yes,Yes,Yes,No,Yes,No,Month-to-month,No,Bank transfer (automatic),81.46,194.91,0
CUST-02132,Male,0,Yes,Yes,28,Yes,Yes,No,No internet service,No internet service,No internet service,No internet service,No internet service,No internet service,Month-to-month,No,Electronic check,73.01,2074.02,1
CUST-02133,Female,0,Yes,No,34,No,No phone service,DSL,No,No,Yes,No,No,No,Month-to-month,Yes,Credit card (automatic),80.54,2837.56,0
CUST-02134,Female,0,Yes,Yes,47,Yes,Yes,Fiber optic,No,No,Yes,No,No,No,One year,Yes,Mailed check,57.15,2648.1,0
CUST-02135,Female,0,Yes,No,38,No,No phone service,DSL,No,No,Yes,No,No,No,Month-to-month,Yes,Electronic check,57.38,2179.61,0
CUST-02136,Female,0,Yes,No,23,Yes,No,Fiber optic,Yes,No,No,Yes,No,Yes,Month-to-month,No,Electronic check,73.08,1665.67,0
CUST-02137,Male,1,No,No,19,Yes,No,Fiber optic,Yes,Yes,No,No,Yes,Yes,Two year,Yes,Mailed check,75.63,1405.65,0
CUST-02138,Female,0,No,No,14,Yes,No,No,No internet service,No internet service,No internet service,No internet service,No internet service,No internet service,Month-to-month,Yes,Bank transfer (automatic),73.14,1011.2,0
CUST-02139,Male,0,Yes,No,17,Yes,No,DSL,No,No,Yes,No,No,No,Month-to-month,Yes,Credit card (automatic),57.6,956.42,0
CUST-02140,Female,0,No,No,59,Yes,No,Fiber optic,No,No,No,No,Yes,No,One year,No,Bank transfer (automatic),80.02,4688.27,0
CUST-02141,Female,1,No,No,40,Yes,Yes,No,No internet service,No internet service,No internet service,No internet service,No internet service,No internet service,Month-to-month,No,Mailed check,76.19,3032.83,0
CUST-02142,Female,0,No,No,68,Yes,No,Fiber optic,No,No,No,No,No,Yes,Month-to-month,Yes,Bank transfer (automatic),76.42,5163.85,0
CUST-02143,Female,0,No,No,10,Yes,No,No,No internet service,No internet service,No internet service,No internet service,No internet service,No internet service,One year,Yes,Mailed check,55.08,567.01,0
CUST-02144,Male,0,Yes,No,55,Yes,Yes,DSL,Yes,Yes,No,No,Yes,Yes,One year,No,Bank transfer (automatic),90.62,4936.37,0
CUST-02145,Male,1,Yes,No,17,Yes,No,No,No internet service,No internet service,No internet service,No internet service,No internet service,No internet service,Two year,No,Bank transfer (automatic),72.07,1276.03,0
CUST-02146,Female,0,No,No,11,Yes,No,DSL,No,No,No,No,No,Yes,Month-to-month,Yes,Credit card (automatic),52.77,616.76,0
CUST-02147,Male,0,Yes,No,15,No,No phone service,No,No internet service,No internet service,No internet service,No internet service,No internet service,No internet service,Two year,Yes,Bank transfer (automatic),68.96,1056.7,0
CUST-02148,Male,0,Yes,Yes,26,Yes,No,DSL,Yes,No,No,No,Yes,No,One year,Yes,Bank transfer (automatic),59.04,1512.1,0
CUST-02149,Female,0,Yes,No,16,Yes,No,Fiber optic,Yes,No,Yes,Yes,Yes,Yes,One year,Yes,Credit card (automatic),72.3,1159.0,0
CUST-02150,Female,0,Yes,Yes,30,Yes,No,DSL,Yes,No,No,No,Yes,Yes,Month-to-month,No,Credit card (automatic),109.87,3289.85,0
CUST-02151,Male,0,Yes,No,34,Yes,No,Fiber optic,No,No,No,No,No,No,One year,No,Electronic check,78.42,2667.63,0
CUST-02152,Male,0,Yes,No,26,Yes,No,DSL,No,Yes,Yes,No,No,No,One year,No,Mailed check,78.65,1977.95,0
CUST-02153,Female,1,Yes,No,31,Yes,No,No,No internet service,No internet service,No internet service,No internet service,No internet service,No internet service,One year,No,Credit card (automatic),109.91,3412.44,0
CUST-02154,Female,1,No,No,16,Yes,No,DSL,No,No,No,No,No,Yes,One year,Yes,Credit card (automatic),79.0,1280.26,0
CUST-02155,Male,0,No,No,10,Yes,Yes,Fiber optic,No,Yes,No,Yes,Yes,No,Month-to-month,Yes,Electronic check,82.23,894.5,1
CUST-02156,Male,0,Yes,No,0,Yes,Yes,DSL,No,No,Yes,No,Yes,No,One year,Yes,Mailed check,73.61,0.0,0
CUST-02157,Male,0,Yes,No,48,No,No phone service,No,No internet service,No internet service,No internet service,No internet service,No internet service,No internet service,One year,No,Electronic check,67.05,3159.13,0
CUST-02158,Male,0,Yes,No,40,Yes,No,Fiber optic,No,No,No,No,No,Yes,Month-to-month,Yes,Bank transfer (automatic),86.76,3519.57,0
CUST-02159,Male,0,Yes,No,19,No,No phone service,No,No internet service,No internet service,No internet service,No internet service,No internet service,No internet service,Month-to-month,Yes,Credit card (automatic),115.19,2113.0,0
CUST-02160,Female,0,Yes,Yes,70,Yes,Yes,Fiber optic,No,Yes,No,No,Yes,No,Two year,Yes,Mailed check,46.7,3341.78,0
CUST-02161,Female,0,Yes,No,36,No,No phone service,DSL,Yes,No,No,No,Yes,No,Two year,No,Bank transfer (automatic),63.57,2347.67,0
CUST-02162,Female,0,No,No,15,Yes,No,DSL,No,No,No,No,No,No,Month-to-month,Yes,Credit card (automatic),50.76,790.46,0
CUST-02163,Male,0,No,No,38,Yes,No,Fiber optic,No,No,No,No,Yes,No,Two year,Yes,Bank transfer (automatic),56.75,2080.63,0
CUST-02164,Female,0,Yes,No,44,Yes,No,Fiber optic,No,No,Yes,No,Yes,No,Month-to-month,No,Electronic check,106.7,4686.83,1
CUST-02165,Male,0,Yes,No,63,Yes,Yes,Fiber optic,No,Yes,No,No,No,No,Month-to-month,No,Bank transfer (automatic),74.79,4709.15,0
CUST-02166,Female,0,No,No,46,Yes,Yes,DSL,No,No,Yes,No,No,No,One year,Yes,Electronic check,94.46,4359.62,0
CUST-02167,Female,1,No,No,22,Yes,Yes,Fiber optic,No,No,Yes,Yes,No,No,Two year,Yes,Bank transfer (automatic),56.38,1268.06,0
CUST-02168,Male,0,No,No,31,Yes,Yes,No,No internet service,No internet service,No internet service,No internet service,No internet service,No internet service,One year,No,Electronic check,58.18,1766.11,0
CUST-02169,Female,0,No,No,48,Yes,No,DSL,Yes,No,No,Yes,No,No,Month-to-month,Yes,Electronic check,51.22,2511.62,0
CUST-02170,Male,0,Yes,Yes,18,Yes,Yes,DSL,Yes,No,No,No,No,No,Month-to-month,No,Electronic check,108.63,1981.36,1
CUST-02171,Female,0,Yes,No,66,Yes,Yes,Fiber optic,No,Yes,No,No,Yes,Yes,One year,Yes,Mailed check,98.54,6529.17,0
CUST-02172,Male,1,No,Yes,38,Yes,Yes,DSL,Yes,No,Yes,No,Yes,No,Two year,No,Credit card (automatic),49.02,1851.59,0
CUST-02173,Male,0,Yes,Yes,59,Yes,Yes,Fiber optic,No,No,No,No,No,No,Month-to-month,No,Electronic check,106.75,6317.66,1
CUST-02174,Female,0,No,Yes,10,Yes,Yes,Fiber optic,Yes,No,No,No,Yes,Yes,Month-to-month,No,Credit card (automatic),64.9,541.86,0
CUST-02175,Male,0,No,Yes,48,Yes,No,No,No internet service,No internet service,No internet service,No internet service,No internet service,No internet service,Two year,Yes,Mailed check,88.0,4243.88,0
CUST-02176,Female,0,No,No,14,Yes,Yes,No,No internet service,No internet service,No internet service,No internet service,No internet service,No internet service,Month-to-month,Yes,Credit card (automatic),73.12,1106.57,0
CUST-02177,Male,1,Yes,No,60,Yes,No,Fiber optic,No,Yes,Yes,Yes,Yes,No,Month-to-month,Yes,Credit card (automatic),42.42,2584.24,0
CUST-02178,Female,0,No,No,42,Yes,Yes,DSL,No,Yes,No,No,Yes,No,Two year,Yes,Electronic check,55.14,2349.08,0
CUST-02179,Female,0,Yes,No,14,Yes,No,DSL,No,Yes,Yes,No,No,No,Month-to-month,No,Credit card (automatic),105.79,1519.71,1
CUST-02180,Female,0,Yes,No,72,Yes,No,No,No internet service,No internet service,No internet service,No internet service,No internet service,No internet service,Month-to-month,Yes,Mailed check,103.48,7511.02,0
CUST-02181,Male,0,Yes,No,4,Yes,No,Fiber optic,No,No,No,No,No,No,Month-to-month,No,Bank transfer (automatic),45.01,170.08,0
CUST-02182,Male,0,No,No,28,Yes,No,Fiber optic,Yes,No,Yes,No,Yes,Yes,Month-to-month,No,Bank transfer (automatic),79.09,2263.78,0
CUST-02183,Male,0,No,No,61,Yes,No,Fiber optic,No,No,No,No,No,No,One year,No,Electronic check,73.11,4482.58,0
CUST-02184,Male,0,Yes,No,59,Yes,Yes,DSL,Yes,Yes,No,No,Yes,No,One year,No,Bank transfer (automatic),106.74,6300.88,0
CUST-02185,Female,0,Yes,Yes,68,Yes,Yes,DSL,Yes,No,No,No,No,No,Month-to-month,Yes,Electronic check,74.32,5121.29,0
CUST-02186,Female,1,No,Yes,21,Yes,Yes,DSL,Yes,No,Yes,No,No,Yes,One year,Yes,Bank transfer (automatic),53.71,1093.53,0
CUST-02187,Female,0,No,No,12,Yes,Yes,Fiber optic,No,No,No,No,Yes,No,Month-to-month,No,Mailed check,90.09,1048.59,1
CUST-02188,Female,0,No,No,49,Yes,No,Fiber optic,No,Yes,No,No,No,No,One year,No,Bank transfer (automatic),106.53,5102.14,0
CUST-02189,Female,0,Yes,Yes,46,Yes,Yes,DSL,No,No,No,No,Yes,No,Month-to-month,Yes,Bank transfer (automatic),86.23,3920.13,0
CUST-02190,Female,0,Yes,Yes,28,Yes,No,Fiber optic,No,Yes,Yes,No,No,Yes,Month-to-month,No,Credit card (automatic),88.19,2447.31,1
CUST-02191,Male,0,No,Yes,16,Yes,Yes,No,No internet service,No internet service,No internet service,No internet service,No internet service,No internet service,Two year,Yes,Credit card (automatic),42.34,674.94,0
CUST-02192,Female,0,Yes,No,19,Yes,No,Fiber optic,No,No,Yes,Yes,Yes,No,Month-to-month,No,Mailed check,40.69,795.56,0
CUST-02193,Female,0,No,No,5,No,No phone service,Fiber optic,No,No,Yes,Yes,Yes,No,Month-to-month,No,Mailed check,36.94,228.76,0
CUST-02194,Female,0,No,No,21,No,No phone service,DSL,Yes,No,Yes,No,Yes,No,Month-to-month,Yes,Electronic check,99.19,2016.53,0
CUST-02195,Male,0,Yes,Yes,8,Yes,No,No,No internet service,No internet service,No internet service,No internet service,No internet service,No internet service,Month-to-month,No,Credit card (automatic),61.43,496.92,0
CUST-02196,Male,0,Yes,No,31,Yes,Yes,Fiber optic,No,No,No,Yes,Yes,Yes,Month-to-month,No,Credit card (automatic),94.96,2894.6,0
CUST-02197,Male,0,No,Yes,32,Yes,No,No,No internet service,No internet service,No internet service,No internet service,No internet service,No internet service,Month-to-month,Yes,Electronic check,59.44,1835.58,0
CUST-02198,Female,0,Yes,No,69,Yes,Yes,Fiber optic,No,Yes,Yes,No,Yes,No,Two year,Yes,Mailed check,79.22,5482.39,0
CUST-02199,Female,1,Yes,Yes,48,Yes,No,No,No internet service,No internet service,No internet service,No internet service,No internet service,No internet service,One year,No,Bank transfer (automatic),56.52,2718.04,0
CUST-02200,Male,1,No,No,29,Yes,Yes,No,No internet service,No internet service,No internet service,No internet service,No internet service,No internet service,Month-to-month,Yes,Bank transfer (automatic),65.84,1934.03,0
CUST-02201,Female,0,Yes,No,15,No,No phone service,Fiber optic,No,No,Yes,No,Yes,Yes,Month-to-month,No,Credit card (automatic),29.34,469.09,0
CUST-02202,Male,0,No,No,64,Yes,No,DSL,No,Yes,No,No,Yes,Yes,Month-to-month,No,Electronic check,70.95,4516.69,0
CUST-02203,Male,0,Yes,No,13,Yes,Yes,DSL,No,No,No,No,No,Yes,Month-to-month,Yes,Credit card (automatic),61.66,856.3,0
CUST-02204,Male,0,No,No,55,Yes,Yes,DSL,Yes,Yes,Yes,Yes,No,No,Month-to-month,Yes,Electronic check,35.27,1893.93,0
CUST-02205,Female,1,Yes,Yes,36,Yes,Yes,DSL,Yes,Yes,No,No,Yes,Yes,Two year,No,Mailed check,85.62,3029.54,0
CUST-02206,Female,0,Yes,No,48,Yes,No,DSL,Yes,No,No,No,No,Yes,Month-to-month,No,Electronic check,91.02,4388.87,0
CUST-02207,Male,0,No,No,49,Yes,No,Fiber optic,No,No,No,No,No,No,Month-to-month,Yes,Credit card (automatic),60.25,2962.98,0
CUST-02208,Female,0,No,No,35,Yes,No,DSL,Yes,No,No,No,No,No,Month-to-month,Yes,Electronic check,44.73,1525.06,0
CUST-02209,Male,0,Yes,No,51,Yes,No,Fiber optic,No,Yes,No,Yes,No,Yes,One year,No,Mailed check,118.75,6014.61,0
CUST-02210,Female,0,Yes,No,22,Yes,Yes,No,No internet service,No internet service,No internet service,No internet service,No internet service,No internet service,One year,No,Credit card (automatic),79.46,1767.11,0
CUST-02211,Female,0,No,No,65,Yes,No,Fiber optic,No,No,No,No,No,No,Two year,Yes,Mailed check,19.53,1281.96,0
CUST-02212,Female,0,Yes,Yes,70,Yes,No,No,No internet service,No internet service,No internet service,No internet service,No internet service,No internet service,Month-to-month,No,Credit card (automatic),69.01,4778.79,0
CUST-02213,Male,0,No,No,44,Yes,No,DSL,No,No,No,No,No,Yes,Month-to-month,No,Bank transfer (automatic),59.82,2599.93,0
CUST-02214,Female,0,No,Yes,27,Yes,Yes,Fiber optic,No,No,Yes,No,Yes,Yes,Month-to-month,Yes,Electronic check,55.61,1455.93,1
CUST-02215,Female,0,No,No,19,Yes,Yes,DSL,No,No,Yes,No,Yes,Yes,Month-to-month,Yes,Mailed check,99.94,1792.87,1
CUST-02216,Male,0,Yes,No,48,Yes,Yes,Fiber optic,No,No,No,No,No,No,Two year,No,Electronic check,82.99,4051.73,0
CUST-02217,Female,0,Yes,Yes,56,Yes,Yes,Fiber optic,No,No,Yes,No,Yes,Yes,Month-to-month,Yes,Electronic check,93.66,5256.88,1
CUST-02218,Male,0,No,No,58,Yes,Yes,DSL,No,No,No,No,No,No,One year,Yes,Mailed check,74.61,4385.3,0
CUST-02219,Female,1,Yes,No,25,No,No phone service,DSL,No,Yes,No,Yes,Yes,No,Month-to-month,No,Credit card (automatic),94.81,2354.97,0
CUST-02220,Male,1,Yes,No,18,Yes,Yes,Fiber optic,No,No,Yes,No,No,Yes,One year,Yes,Electronic check,63.17,1088.46,1
CUST-02221,Female,1,Yes,Yes,12,Yes,Yes,Fiber optic,No,No,Yes,Yes,No,Yes,One year,No,Electronic check,77.49,886.16,0
CUST-02222,Female,0,Yes,No,61,Yes,No,Fiber optic,No,No,Yes,No,No,Yes,Two year,Yes,Credit card (automatic),90.65,5485.89,0
CUST-02223,Male,0,Yes,No,13,Yes,No,DSL,No,No,No,No,Yes,No,Month-to-month,Yes,Mailed check,56.23,705.05,0
CUST-02224,Male,0,Yes,No,72,Yes,Yes,Fiber optic,No,Yes,No,Yes,No,No,Month-to-month,Yes,Mailed check,27.58,1908.37,0
CUST-02225,Male,1,No,No,10,Yes,No,DSL,Yes,Yes,No,No,Yes,Yes,One year,No,Credit card (automatic),29.06,271.27,0
CUST-02226,Male,1,Yes,Yes,66,Yes,No,No,No internet service,No internet service,No internet service,No internet service,No internet service,No internet service,Month-to-month,Yes,Bank transfer (automatic),118.75,7808.77,1
CUST-02227,Male,1,Yes,No,11,Yes,No,No,No internet service,No internet service,No internet service,No internet service,No internet service,No internet service,Month-to-month,No,Credit card (automatic),87.81,1009.57,1
CUST-02228,Female,0,Yes,No,34,Yes,No,DSL,No,No,No,No,No,Yes,Two year,Yes,Bank transfer (automatic),92.18,3160.98,0
CUST-02229,Male,1,No,No,38,Yes,Yes,DSL,No,Yes,No,No,Yes,No,Month-to-month,No,Bank transfer (automatic),110.81,4191.65,1
CUST-02230,Male,0,Yes,Yes,31,Yes,No,Fiber optic,No,Yes,Yes,No,No,No,One year,Yes,Bank transfer (automatic),46.18,1455.38,0
CUST-02231,Female,0,No,No,13,No,No phone service,DSL,No,Yes,No,Yes,No,No,Two year,Yes,Mailed check,53.7,643.33,0
CUST-02232,Male,0,No,No,64,Yes,Yes,No,No internet service,No internet service,No internet service,No internet service,No internet service,No internet service,Month-to-month,Yes,Electronic check,51.27,3218.14,0
CUST-02233,Female,0,Yes,No,26,No,No phone service,Fiber optic,Yes,No,No,No,Yes,No,One year,No,Electronic check,118.75,3082.79,1
CUST-02234,Female,0,Yes,No,59,Yes,No,DSL,Yes,Yes,No,No,Yes,Yes,One year,No,Electronic check,53.25,3146.86,0
CUST-02235,Female,0,Yes,No,42,Yes,Yes,DSL,No,No,Yes,No,Yes,Yes,Two year,No,Electronic check,107.19,4494.97,0
CUST-02236,Female,0,No,No,64,Yes,No,No,No internet service,No internet service,No internet service,No internet service,No internet service,No internet service,Month-to-month,Yes,Mailed check,62.42,4062.68,0
CUST-02237,Female,0,No,Yes,54,Yes,Yes,Fiber optic,Yes,Yes,Yes,Yes,No,No,Month-to-month,No,Mailed check,79.63,4334.39,0
CUST-02238,Male,1,No,No,34,Yes,No,Fiber optic,No,No,Yes,No,No,Yes,Month-to-month,Yes,Bank transfer (automatic),106.48,3672.07,1
CUST-02239,Male,0,Yes,No,31,Yes,Yes,DSL,Yes,No,No,Yes,No,No,Month-to-month,No,Credit card (automatic),81.46,2497.6,0
CUST-02240,Male,0,No,No,18,Yes,Yes,DSL,No,Yes,Yes,Yes,Yes,Yes,Month-to-month,Yes,Bank transfer (automatic),69.21,1262.41,0
CUST-02241,Female,0,Yes,Yes,38,Yes,No,Fiber optic,Yes,No,No,No,No,Yes,Month-to-month,No,Electronic check,118.75,4460.33,0
CUST-02242,Male,1,Yes,No,19,Yes,Yes,Fiber optic,Yes,Yes,No,Yes,No,No,Month-to-month,No,Electronic check,26.79,472.44,0
CUST-02243,Female,0,No,No,27,Yes,Yes,DSL,Yes,Yes,No,No,Yes,No,Two year,Yes,Electronic check,50.15,1370.61,0
CUST-02244,Female,0,No,Yes,2,Yes,Yes,DSL,No,Yes,No,No,Yes,No,Month-to-month,No,Credit card (automatic),62.54,80.6,0
CUST-02245,Female,0,Yes,No,31,No,No phone service,Fiber optic,No,No,No,No,No,Yes,Month-to-month,No,Mailed check,100.41,3073.15,1
CUST-02246,Female,0,Yes,No,57,Yes,No,Fiber optic,No,No,No,Yes,Yes,No,Month-to-month,No,Credit card (automatic),65.33,3745.34,0
CUST-02247,Male,0,Yes,Yes,53,Yes,Yes,DSL,Yes,No,No,No,No,Yes,Month-to-month,No,Electronic check,101.55,5343.95,0
CUST-02248,Female,1,Yes,No,41,Yes,No,Fiber optic,No,No,No,No,Yes,Yes,Two year,Yes,Bank transfer (automatic),32.63,1385.94,0
CUST-02249,Female,0,Yes,No,14,Yes,Yes,DSL,Yes,Yes,No,No,No,No,Two year,Yes,Bank transfer (automatic),100.65,1398.39,0
CUST-02250,Male,0,No,No,61,Yes,Yes,DSL,Yes,No,Yes,No,No,Yes,Two year,No,Bank transfer (automatic),100.81,6140.77,0
CUST-02251,Male,1,No,Yes,30,Yes,Yes,Fiber optic,No,No,Yes,No,No,No,Month-to-month,Yes,Mailed check,47.3,1431.56,0
CUST-02252,Female,1,No,No,60,Yes,No,Fiber optic,No,No,No,Yes,No,No,Two year,Yes,Bank transfer (automatic),77.47,4641.46,0
CUST-02253,Female,0,No,No,25,Yes,Yes,DSL,No,No,No,No,No,No,Two year,Yes,Credit card (automatic),66.74,1682.5,0
CUST-02254,Female,1,No,No,68,Yes,No,DSL,No,No,No,Yes,No,No,Month-to-month,No,Credit card (automatic),90.7,6121.72,0
CUST-02255,Female,0,No,No,56,Yes,Yes,DSL,No,No,No,Yes,No,Yes,One year,No,Electronic check,106.81,5845.3,0
CUST-02256,Female,0,No,No,19,Yes,No,No,No internet service,No internet service,No internet service,No internet service,No internet service,No internet service,Two year,No,Bank transfer (automatic),55.56,984.99,0
CUST-02257,Female,0,Yes,Yes,65,Yes,Yes,DSL,Yes,Yes,Yes,Yes,No,Yes,Month-to-month,No,Electronic check,88.26,5714.13,0
CUST-02258,Male,0,No,No,20,Yes,No,DSL,Yes,Yes,No,No,No,No,One year,No,Credit card (automatic),78.92,1602.92,0
CUST-02259,Male,0,No,No,59,Yes,Yes,DSL,Yes,Yes,No,No,No,Yes,One year,No,Credit card (automatic),81.32,4905.81,0
CUST-02260,Male,0,No,No,62,Yes,Yes,Fiber optic,No,Yes,No,No,No,Yes,Month-to-month,No,Mailed check,114.99,7099.73,0
CUST-02261,Female,0,No,No,50,Yes,Yes,Fiber optic,No,No,No,No,No,No,Month-to-month,Yes,Credit card (automatic),80.96,4015.3,0
CUST-02262,Female,0,Yes,No,38,Yes,Yes,DSL,Yes,Yes,No,Yes,No,No,Month-to-month,Yes,Bank transfer (automatic),44.9,1723.06,0
CUST-02263,Female,0,No,No,10,Yes,No,Fiber optic,Yes,No,No,No,Yes,Yes,Month-to-month,No,Bank transfer (automatic),89.83,909.38,1
CUST-02264,Male,0,Yes,No,56,Yes,No,DSL,No,No,No,No,No,No,Month-to-month,Yes,Mailed check,117.8,6609.58,1
CUST-02265,Female,0,No,No,2,Yes,Yes,Fiber optic,No,No,No,No,Yes,No,One year,No,Mailed check,73.78,134.77,0
CUST-02266,Female,0,Yes,Yes,36,Yes,No,DSL,No,Yes,No,No,No,Yes,One year,No,Credit card (automatic),108.8,3817.77,0
CUST-02267,Female,0,Yes,Yes,24,Yes,Yes,DSL,Yes,Yes,No,No,No,No,Two year,No,Electronic check,62.85,1518.27,0
CUST-02268,Female,0,Yes,No,20,Yes,Yes,Fiber optic,No,Yes,Yes,Yes,No,Yes,Month-to-month,Yes,Bank transfer (automatic),83.13,1660.22,0
CUST-02269,Male,0,No,No,41,Yes,Yes,Fiber optic,No,No,No,No,Yes,No,Month-to-month,No,Mailed check,36.63,1422.38,0
CUST-02270,Female,0,Yes,No,0,No,No phone service,Fiber optic,No,No,No,No,Yes,No,Month-to-month,Yes,Bank transfer (automatic),54.75,0.0,1
CUST-02271,Male,0,No,No,22,Yes,Yes,Fiber optic,Yes,No,No,Yes,No,Yes,Month-to-month,Yes,Electronic check,77.27,1736.43,0
CUST-02272,Male,1,Yes,No,23,Yes,No,DSL,No,No,No,No,No,Yes,Month-to-month,No,Mailed check,89.94,2096.52,1
CUST-02273,Female,0,No,No,46,Yes,Yes,DSL,Yes,No,No,No,Yes,No,Month-to-month,Yes,Credit card (automatic),87.3,3995.45,0
CUST-02274,Female,0,No,No,6,Yes,Yes,Fiber optic,No,Yes,Yes,No,Yes,No,One year,Yes,Mailed check,102.84,628.09,0
CUST-02275,Female,0,Yes,Yes,37,Yes,Yes,No,No internet service,No internet service,No internet service,No internet service,No internet service,No internet service,Month-to-month,Yes,Mailed check,36.91,1320.78,0
CUST-02276,Female,1,Yes,No,46,Yes,Yes,No,No internet service,No internet service,No internet service,No internet service,No internet service,No internet service,One year,Yes,Bank transfer (automatic),113.13,5134.71,0
CUST-02277,Female,0,No,No,34,Yes,Yes,Fiber optic,Yes,Yes,No,No,No,No,Two year,Yes,Mailed check,56.88,1928.97,0
CUST-02278,Female,0,No,No,61,Yes,Yes,Fiber optic,No,No,Yes,No,No,Yes,Month-to-month,Yes,Mailed check,47.76,2838.25,0
CUST-02279,Female,0,No,Yes,72,No,No phone service,Fiber optic,No,No,No,No,No,Yes,One year,Yes,Mailed check,105.92,7619.57,0
CUST-02280,Male,0,Yes,Yes,2,No,No phone service,DSL,No,No,No,No,No,Yes,Month-to-month,No,Credit card (automatic),42.47,82.34,0
CUST-02281,Male,0,Yes,No,19,Yes,Yes,Fiber optic,No,No,Yes,No,Yes,Yes,One year,No,Bank transfer (automatic),107.98,2010.75,0
CUST-02282,Male,0,No,No,43,Yes,No,DSL,Yes,No,Yes,No,No,No,One year,Yes,Electronic check,21.42,1018.1,0
CUST-02283,Male,0,Yes,No,31,Yes,Yes,DSL,Yes,No,No,No,No,No,Month-to-month,Yes,Bank transfer (automatic),55.41,1687.78,0
CUST-02284,Male,0,Yes,No,25,Yes,No,DSL,No,No,No,Yes,No,Yes,One year,Yes,Mailed check,95.4,2395.61,0
CUST-02285,Male,0,Yes,No,47,Yes,Yes,Fiber optic,No,No,No,No,No,No,Month-to-month,Yes,Electronic check,93.34,4377.43,1
CUST-02286,Male,0,No,No,4,Yes,Yes,Fiber optic,Yes,No,No,Yes,No,Yes,Two year,Yes,Credit card (automatic),18.25,119.97,0
CUST-02287,Female,0,No,No,58,Yes,No,Fiber optic,No,No,Yes,No,Yes,No,Month-to-month,Yes,Electronic check,61.46,3547.95,1
CUST-02288,Male,0,Yes,Yes,60,No,No phone service,No,No internet service,No internet service,No internet service,No internet service,No internet service,No internet service,Month-to-month,Yes,Electronic check,35.44,2063.05,0
CUST-02289,Female,1,Yes,No,48,Yes,No,No,No internet service,No internet service,No internet service,No internet service,No internet service,No internet service,Month-to-month,Yes,Electronic check,80.13,3866.99,1
CUST-02290,Male,1,Yes,No,29,Yes,No,DSL,Yes,No,Yes,No,Yes,Yes,Two year,Yes,Credit card (automatic),75.31,2108.85,0
CUST-02291,Female,0,Yes,No,16,Yes,Yes,Fiber optic,Yes,Yes,No,No,Yes,Yes,One year,Yes,Bank transfer (automatic),66.03,1014.07,0
CUST-02292,Male,0,Yes,No,69,Yes,No,Fiber optic,No,Yes,Yes,Yes,Yes,Yes,Two year,Yes,Electronic check,76.92,5281.96,0
CUST-02293,Male,0,No,Yes,57,Yes,No,No,No internet service,No internet service,No internet service,No internet service,No internet service,No internet service,One year,No,Mailed check,50.38,2848.03,0
CUST-02294,Female,0,Yes,No,62,Yes,No,DSL,Yes,No,Yes,No,Yes,Yes,Month-to-month,Yes,Electronic check,60.26,3718.8,0
CUST-02295,Male,0,Yes,No,60,No,No phone service,DSL,No,Yes,No,No,Yes,No,Two year,Yes,Electronic check,105.0,6278.7,0
CUST-02296,Male,1,No,No,62,Yes,No,DSL,No,Yes,No,No,No,Yes,Month-to-month,Yes,Credit card (automatic),66.37,4121.22,0
CUST-02297,Male,0,Yes,No,14,Yes,Yes,No,No internet service,No internet service,No internet service,No internet service,No internet service,No internet service,Month-to-month,Yes,Credit card (automatic),57.66,773.25,0
CUST-02298,Male,0,No,No,0,Yes,No,No,No internet service,No internet service,No internet service,No internet service,No internet service,No internet service,Month-to-month,No,Credit card (automatic),98.49,0.0,1
CUST-02299,Male,0,Yes,No,12,Yes,Yes,Fiber optic,No,Yes,No,Yes,No,Yes,Month-to-month,No,Electronic check,42.19,464.19,0
CUST-02300,Male,0,Yes,No,47,Yes,Yes,No,No internet service,No internet service,No internet service,No internet service,No internet service,No internet service,Month-to-month,Yes,Bank transfer (automatic),113.52,5271.97,1
CUST-02301,Female,0,No,No,33,Yes,No,DSL,No,No,No,No,No,Yes,Month-to-month,Yes,Electronic check,113.7,3695.53,1
CUST-02302,Female,0,No,No,29,Yes,No,DSL,Yes,No,Yes,No,No,Yes,Month-to-month,No,Mailed check,48.64,1389.99,0
CUST-02303,Female,0,Yes,Yes,18,Yes,Yes,Fiber optic,Yes,No,No,No,Yes,No,One year,Yes,Credit card (automatic),95.52,1767.91,0
CUST-02304,Male,1,No,Yes,63,Yes,No,DSL,No,Yes,No,No,No,No,Month-to-month,Yes,Electronic check,24.7,1554.72,0
CUST-02305,Female,0,No,No,65,Yes,Yes,DSL,No,No,Yes,Yes,No,No,One year,Yes,Mailed check,81.57,5279.01,0
CUST-02306,Male,1,Yes,Yes,56,No,No phone service,No,No internet service,No internet service,No internet service,No internet service,No internet service,No internet service,Month-to-month,Yes,Mailed check,52.56,2941.35,0
CUST-02307,Male,0,Yes,Yes,43,Yes,No,Fiber optic,Yes,Yes,No,No,No,No,Two year,Yes,Bank transfer (automatic),88.6,3749.3,0
CUST-02308,Female,0,No,No,11,Yes,No,No,No internet service,No internet service,No internet service,No internet service,No internet service,No internet service,Month-to-month,Yes,Electronic check,79.4,788.08,1
CUST-02309,Male,0,Yes,Yes,39,Yes,Yes,DSL,Yes,No,No,No,Yes,No,Two year,No,Electronic check,68.5,2622.12,0
CUST-02310,Male,0,No,Yes,23,Yes,Yes,Fiber optic,Yes,No,No,No,No,No,Month-to-month,No,Bank transfer (automatic),45.87,1002.57,0
CUST-02311,Female,1,No,No,10,Yes,Yes,DSL,No,Yes,No,No,No,Yes,One year,No,Bank transfer (automatic),94.32,1063.16,0
CUST-02312,Female,0,No,No,65,Yes,No,No,No internet service,No internet service,No internet service,No internet service,No internet service,No internet service,Month-to-month,Yes,Bank transfer (automatic),78.25,5182.34,0
CUST-02313,Female,0,Yes,No,0,Yes,Yes,DSL,Yes,No,No,No,Yes,Yes,Month-to-month,No,Electronic check,52.31,0.0,0
CUST-02314,Female,0,Yes,No,57,Yes,Yes,Fiber optic,Yes,No,No,No,Yes,No,Two year,Yes,Electronic check,65.08,3648.75,0
CUST-02315,Female,0,No,No,27,Yes,No,DSL,No,No,No,No,No,No,Month-to-month,Yes,Credit card (automatic),71.36,2014.46,0
CUST-02316,Male,1,Yes,No,67,Yes,Yes,Fiber optic,No,No,No,No,Yes,Yes,Month-to-month,Yes,Electronic check,76.82,5111.31,1
CUST-02317,Male,0,Yes,No,58,Yes,Yes,DSL,No,Yes,No,No,Yes,Yes,Two year,Yes,Mailed check,85.8,5058.65,0
CUST-02318,Male,0,Yes,No,70,Yes,No,DSL,No,No,No,No,No,No,Month-to-month,No,Mailed check,103.62,7275.33,0
CUST-02319,Male,0,Yes,No,21,Yes,No,Fiber optic,Yes,No,No,No,Yes,No,Month-to-month,Yes,Electronic check,99.1,2031.48,1
CUST-02320,Male,1,No,No,28,Yes,No,Fiber optic,Yes,Yes,No,No,No,Yes,One year,No,Mailed check,68.23,1993.19,0
CUST-02321,Female,0,Yes,No,68,Yes,Yes,DSL,No,Yes,No,No,No,Yes,One year,No,Credit card (automatic),90.07,6205.5,0
CUST-02322,Female,0,No,Yes,44,Yes,No,DSL,No,Yes,No,Yes,Yes,No,One year,Yes,Electronic check,71.1,3075.36,0
CUST-02323,Female,0,Yes,No,69,Yes,No,No,No internet service,No internet service,No internet service,No internet service,No internet service,No internet service,Two year,Yes,Mailed check,109.92,7600.76,0
CUST-02324,Male,0,No,Yes,16,Yes,Yes,DSL,No,Yes,No,No,Yes,No,Month-to-month,Yes,Electronic check,68.91,1005.71,1
CUST-02325,Female,0,Yes,No,38,Yes,No,DSL,No,No,Yes,No,No,Yes,One year,No,Credit card (automatic),78.3,2955.65,0
CUST-02326,Female,0,No,No,39,Yes,Yes,DSL,Yes,No,No,No,No,Yes,Month-to-month,Yes,Electronic check,74.77,2896.63,0
CUST-02327,Female,0,No,No,27,Yes,No,No,No internet service,No internet service,No internet service,No internet service,No internet service,No internet service,One year,Yes,Electronic check,85.28,2282.11,0
CUST-02328,Male,0,Yes,Yes,1,Yes,No,DSL,Yes,No,No,No,Yes,No,Month-to-month,Yes,Electronic check,85.93,166.52,0
CUST-02329,Female,0,No,No,26,Yes,No,No,No internet service,No internet service,No internet service,No internet service,No internet service,No internet service,Month-to-month,Yes,Mailed check,108.24,2747.45,0
CUST-02330,Male,0,Yes,Yes,20,Yes,Yes,No,No internet service,No internet service,No internet service,No internet service,No internet service,No internet service,Month-to-month,No,Mailed check,103.06,2050.01,0
CUST-02331,Male,0,No,No,6,No,No phone service,Fiber optic,No,Yes,Yes,Yes,No,Yes,One year,Yes,Bank transfer (automatic),71.91,469.2,0
CUST-02332,Male,1,No,No,60,Yes,Yes,DSL,No,Yes,No,Yes,No,Yes,Month-to-month,No,Mailed check,77.26,4569.84,0
CUST-02333,Female,1,No,Yes,51,Yes,No,Fiber optic,No,No,Yes,Yes,Yes,Yes,Two year,Yes,Credit card (automatic),71.46,3600.29,0
CUST-02334,Female,0,No,No,47,Yes,No,Fiber optic,No,No,No,No,Yes,Yes,One year,No,Mailed check,101.73,4837.07,0
CUST-02335,Male,0,Yes,Yes,18,Yes,Yes,Fiber optic,No,Yes,No,No,No,No,Month-to-month,Yes,Bank transfer (automatic),78.63,1482.59,1
CUST-02336,Male,0,Yes,No,72,Yes,Yes,No,No internet service,No internet service,No internet service,No internet service,No internet service,No internet service,Two year,Yes,Electronic check,118.75,8528.34,0
CUST-02337,Male,0,Yes,Yes,11,Yes,No,DSL,No,No,Yes,No,Yes,No,Month-to-month,Yes,Bank transfer (automatic),69.94,812.22,0
CUST-02338,Male,0,Yes,Yes,70,Yes,No,Fiber optic,Yes,No,Yes,Yes,Yes,Yes,One year,No,Credit card (automatic),117.76,8321.04,0
CUST-02339,Male,0,No,Yes,1,Yes,No,DSL,Yes,No,No,No,No,No,Month-to-month,Yes,Credit card (automatic),108.39,88.03,1
CUST-02340,Male,0,Yes,Yes,16,Yes,Yes,Fiber optic,No,No,Yes,No,Yes,Yes,One year,Yes,Bank transfer (automatic),109.81,1796.54,0
CUST-02341,Female,1,No,No,2,Yes,No,Fiber optic,No,Yes,No,No,No,Yes,Month-to-month,Yes,Credit card (automatic),62.04,102.94,1
CUST-02342,Male,0,Yes,No,20,Yes,Yes,DSL,Yes,No,No,No,No,No,One year,Yes,Bank transfer (automatic),70.67,1345.74,0
CUST-02343,Male,0,Yes,No,50,Yes,No,DSL,No,No,No,No,No,No,Two year,No,Credit card (automatic),72.89,3644.68,0
CUST-02344,Male,0,No,Yes,9,Yes,No,DSL,Yes,No,No,No,Yes,Yes,Month-to-month,Yes,Credit card (automatic),108.09,960.59,0
CUST-02345,Female,0,Yes,No,54,Yes,No,Fiber optic,No,No,Yes,Yes,No,Yes,Two year,No,Electronic check,66.25,3531.17,0
CUST-02346,Female,0,No,No,35,Yes,Yes,No,No internet service,No internet service,No internet service,No internet service,No internet service,No internet service,Month-to-month,Yes,Mailed check,60.4,2097.04,0
CUST-02347,Female,0,Yes,No,50,Yes,No,Fiber optic,No,Yes,Yes,No,No,Yes,One year,No,Electronic check,94.29,4703.16,0
CUST-02348,Male,0,No,No,16,Yes,Yes,Fiber optic,Yes,Yes,Yes,No,Yes,No,Month-to-month,Yes,Electronic check,39.03,638.41,0
CUST-02349,Female,0,Yes,No,60,Yes,No,DSL,Yes,No,No,No,Yes,Yes,Month-to-month,Yes,Mailed check,97.54,5904.38,0
CUST-02350,Male,1,Yes,Yes,12,Yes,No,DSL,Yes,No,Yes,No,No,No,Two year,Yes,Electronic check,43.14,569.72,0
CUST-02351,Female,0,No,No,64,Yes,Yes,DSL,Yes,Yes,No,No,No,No,Two year,Yes,Electronic check,68.6,4386.07,0
CUST-02352,Female,0,No,No,47,Yes,Yes,DSL,No,No,No,No,No,Yes,Month-to-month,No,Mailed check,105.41,4926.92,0
CUST-02353,Female,0,Yes,No,69,Yes,Yes,Fiber optic,No,No,Yes,No,Yes,Yes,Month-to-month,Yes,Electronic check,65.69,4599.6,1
CUST-02354,Female,0,Yes,Yes,46,Yes,No,No,No internet service,No internet service,No internet service,No internet service,No internet service,No internet service,Month-to-month,No,Credit card (automatic),84.05,3861.32,0
CUST-02355,Female,0,No,Yes,9,Yes,No,Fiber optic,No,No,Yes,Yes,Yes,Yes,Month-to-month,Yes,Credit card (automatic),101.47,883.37,1
CUST-02356,Male,0,Yes,No,56,Yes,No,Fiber optic,No,Yes,Yes,No,No,No,Month-to-month,No,Credit card (automatic),49.31,2769.87,0
CUST-02357,Female,1,No,Yes,12,No,No phone service,DSL,Yes,No,No,Yes,Yes,Yes,Month-to-month,Yes,Credit card (automatic),75.99,820.59,0
CUST-02358,Male,1,No,Yes,60,Yes,No,DSL,Yes,No,No,No,No,No,One year,Yes,Bank transfer (automatic),94.5,5646.52,0
CUST-02359,Female,0,Yes,No,57,Yes,No,DSL,No,No,Yes,No,No,Yes,One year,Yes,Bank transfer (automatic),42.42,2391.07,0
CUST-02360,Male,1,Yes,No,67,Yes,Yes,Fiber optic,No,Yes,Yes,No,No,No,One year,Yes,Electronic check,53.36,3535.64,0
CUST-02361,Male,0,No,No,28,No,No phone service,Fiber optic,No,No,Yes,Yes,No,No,Month-to-month,Yes,Electronic check,114.28,3218.84,1
CUST-02362,Male,0,Yes,Yes,15,Yes,Yes,DSL,No,Yes,No,No,Yes,No,One year,Yes,Bank transfer (automatic),43.43,705.33,0
CUST-02363,Male,0,No,No,62,Yes,No,Fiber optic,Yes,No,No,No,Yes,No,Month-to-month,Yes,Mailed check,69.87,4416.57,0
CUST-02364,Female,1,Yes,Yes,46,No,No phone service,Fiber optic,No,No,No,No,Yes,Yes,Month-to-month,Yes,Electronic check,25.99,1170.75,0
CUST-02365,Female,0,No,No,42,Yes,No,DSL,No,No,No,No,Yes,No,Month-to-month,No,Electronic check,56.19,2345.84,0
CUST-02366,Male,0,Yes,No,22,Yes,No,Fiber optic,No,No,Yes,No,Yes,Yes,One year,No,Electronic check,92.46,2000.13,0
CUST-02367,Male,0,No,No,29,Yes,Yes,Fiber optic,No,No,Yes,No,No,No,Month-to-month,Yes,Electronic check,97.99,2868.62,1
CUST-02368,Female,0,Yes,No,56,Yes,No,DSL,No,Yes,Yes,No,No,No,Month-to-month,Yes,Credit card (automatic),97.62,5373.34,0
CUST-02369,Male,0,Yes,No,29,Yes,Yes,Fiber optic,No,No,No,No,No,No,Month-to-month,No,Bank transfer (automatic),73.16,2102.18,0
CUST-02370,Female,1,No,Yes,66,Yes,No,DSL,No,Yes,No,No,No,No,Month-to-month,Yes,Electronic check,52.29,3465.71,0
CUST-02371,Female,0,Yes,Yes,55,Yes,Yes,Fiber optic,No,Yes,Yes,No,No,No,Two year,No,Electronic check,87.98,4807.74,0
CUST-02372,Female,0,Yes,No,23,Yes,Yes,No,No internet service,No internet service,No internet service,No internet service,No internet service,No internet service,Month-to-month,Yes,Electronic check,62.16,1408.23,1
CUST-02373,Female,0,Yes,Yes,7,Yes,No,Fiber optic,Yes,No,No,Yes,No,No,One year,No,Mailed check,30.77,264.96,0
CUST-02374,Male,0,Yes,No,43,Yes,Yes,DSL,No,Yes,No,No,No,No,Two year,Yes,Electronic check,76.69,3294.83,0
CUST-02375,Female,0,No,Yes,33,Yes,No,Fiber optic,No,No,Yes,Yes,Yes,No,Month-to-month,No,Bank transfer (automatic),106.33,3568.62,0
CUST-02376,Male,0,No,No,34,Yes,No,DSL,No,No,Yes,No,Yes,No,Two year,Yes,Bank transfer (automatic),102.48,3566.19,0
CUST-02377,Male,0,Yes,No,49,Yes,No,DSL,Yes,No,Yes,No,Yes,No,Month-to-month,Yes,Electronic check,106.24,5232.29,1
CUST-02378,Female,0,No,No,16,Yes,Yes,Fiber optic,No,No,No,No,No,No,Two year,No,Bank transfer (automatic),79.79,1262.1,0
CUST-02379,Male,0,No,No,1,Yes,Yes,DSL,No,No,No,No,Yes,Yes,Month-to-month,Yes,Mailed check,46.9,125.98,0
CUST-02380,Female,0,No,Yes,53,Yes,No,DSL,Yes,No,No,No,No,No,Month-to-month,Yes,Credit card (automatic),92.04,4751.79,0
CUST-02381,Female,0,Yes,No,43,No,No phone service,Fiber optic,Yes,No,Yes,No,No,Yes,Month-to-month,No,Bank transfer (automatic),79.75,3351.67,0
CUST-02382,Female,0,No,No,48,Yes,No,Fiber optic,No,Yes,No,No,No,Yes,One year,Yes,Mailed check,70.24,3410.04,0
CUST-02383,Female,1,Yes,Yes,1,Yes,No,DSL,No,No,No,No,No,No,Month-to-month,Yes,Bank transfer (automatic),86.81,210.52,0
CUST-02384,Male,0,Yes,No,71,Yes,No,Fiber optic,No,No,Yes,No,No,No,One year,Yes,Electronic check,91.28,6515.01,0
CUST-02385,Male,0,Yes,No,69,Yes,No,No,No internet service,No internet service,No internet service,No internet service,No internet service,No internet service,Month-to-month,Yes,Credit card (automatic),64.09,4431.45,0
CUST-02386,Female,0,Yes,No,8,Yes,Yes,DSL,No,No,No,No,Yes,No,Month-to-month,Yes,Mailed check,54.45,412.28,0
CUST-02387,Male,0,No,No,0,No,No phone service,Fiber optic,No,Yes,No,Yes,No,No,Month-to-month,Yes,Mailed check,41.18,0.0,0
CUST-02388,Female,1,Yes,No,68,Yes,No,Fiber optic,No,No,No,Yes,No,Yes,One year,No,Mailed check,85.86,5896.38,0
CUST-02389,Female,0,No,No,8,Yes,Yes,Fiber optic,No,Yes,No,No,No,No,Two year,No,Electronic check,93.79,787.76,0
CUST-02390,Female,0,Yes,Yes,13,No,No phone service,DSL,No,No,No,No,No,No,Two year,Yes,Credit card (automatic),57.02,744.4,0
CUST-02391,Male,0,No,No,26,Yes,No,DSL,No,No,No,Yes,No,No,Month-to-month,Yes,Credit card (automatic),46.96,1272.64,0
CUST-02392,Male,0,No,No,8,Yes,No,Fiber optic,No,No,Yes,Yes,No,No,Month-to-month,Yes,Electronic check,83.7,684.85,1
CUST-02393,Male,0,No,No,35,Yes,No,No,No internet service,No internet service,No internet service,No internet service,No internet service,No internet service,One year,Yes,Mailed check,114.33,4027.05,0
CUST-02394,Male,0,No,No,2,Yes,No,Fiber optic,No,No,No,No,Yes,No,One year,Yes,Electronic check,118.75,286.04,1
CUST-02395,Female,0,No,No,22,Yes,No,No,No internet service,No internet service,No internet service,No internet service,No internet service,No internet service,Month-to-month,No,Electronic check,110.94,2393.98,1
CUST-02396,Male,0,Yes,No,72,Yes,No,Fiber optic,No,Yes,No,No,Yes,No,Two year,No,Electronic check,78.77,5670.32,0
CUST-02397,Male,0,No,No,29,Yes,No,No,No internet service,No internet service,No internet service,No internet service,No internet service,No internet service,Month-to-month,Yes,Credit card (automatic),51.51,1499.48,0
CUST-02398,Male,1,Yes,No,18,Yes,Yes,Fiber optic,No,No,No,No,No,No,One year,Yes,Bank transfer (automatic),87.69,1518.38,0
CUST-02399,Female,0,No,Yes,66,Yes,Yes,No,No internet service,No internet service,No internet service,No internet service,No internet service,No internet service,Month-to-month,Yes,Mailed check,77.4,5053.91,0
CUST-02400,Female,0,Yes,No,49,Yes,No,DSL,No,Yes,No,No,No,No,Month-to-month,Yes,Credit card (automatic),71.83,3488.38,0
CUST-02401,Male,0,No,No,47,No,No phone service,No,No internet service,No internet service,No internet service,No internet service,No internet service,No internet service,Month-to-month,Yes,Bank transfer (automatic),118.75,5633.33,0
CUST-02402,Male,0,No,No,2,Yes,Yes,DSL,Yes,No,No,Yes,Yes,Yes,Two year,Yes,Electronic check,104.91,200.04,0
CUST-02403,Male,0,Yes,Yes,65,Yes,No,DSL,No,Yes,No,Yes,Yes,No,Month-to-month,Yes,Electronic check,94.95,6178.25,0
CUST-02404,Male,0,Yes,No,26,Yes,Yes,Fiber optic,No,No,No,No,Yes,No,Two year,Yes,Electronic check,71.2,1866.62,0
CUST-02405,Female,0,No,No,39,Yes,Yes,DSL,No,No,Yes,No,Yes,Yes,Month-to-month,Yes,Electronic check,75.61,2980.35,0
CUST-02406,Female,0,Yes,No,17,No,No phone service,DSL,No,No,Yes,No,No,No,One year,No,Credit card (automatic),33.76,598.98,0
CUST-02407,Male,0,Yes,Yes,26,Yes,Yes,No,No internet service,No internet service,No internet service,No internet service,No internet service,No internet service,One year,No,Bank transfer (automatic),99.76,2597.13,0
CUST-02408,Male,1,Yes,No,10,Yes,No,Fiber optic,No,No,Yes,No,Yes,No,Two year,No,Electronic check,103.82,1031.28,1
CUST-02409,Female,0,No,Yes,38,Yes,No,No,No internet service,No internet service,No internet service,No internet service,No internet service,No internet service,One year,No,Mailed check,56.17,2189.19,0
CUST-02410,Male,0,No,No,18,Yes,No,No,No internet service,No internet service,No internet service,No internet service,No internet service,No internet service,One year,No,Electronic check,56.8,997.76,0
CUST-02411,Female,0,No,Yes,6,Yes,Yes,Fiber optic,Yes,No,No,No,No,Yes,One year,No,Electronic check,95.21,639.27,0
CUST-02412,Male,0,No,No,56,Yes,No,DSL,No,No,No,No,Yes,No,Two year,No,Electronic check,69.67,3872.98,0
CUST-02413,Female,0,Yes,Yes,1,Yes,No,DSL,No,No,No,No,Yes,Yes,Month-to-month,Yes,Credit card (automatic),98.53,84.35,1
CUST-02414,Male,0,No,Yes,37,Yes,Yes,Fiber optic,No,Yes,Yes,No,Yes,No,Month-to-month,Yes,Mailed check,55.59,2092.25,0
CUST-02415,Female,0,Yes,Yes,4,Yes,Yes,Fiber optic,Yes,Yes,Yes,No,Yes,Yes,One year,Yes,Credit card (automatic),62.76,369.3,0
CUST-02416,Female,0,Yes,No,35,Yes,No,Fiber optic,No,Yes,Yes,No,Yes,No,Month-to-month,Yes,Bank transfer (automatic),87.83,2977.24,1
CUST-02417,Male,0,Yes,No,67,Yes,Yes,Fiber optic,No,No,Yes,No,Yes,Yes,One year,Yes,Bank transfer (automatic),71.21,4814.36,0
CUST-02418,Male,0,No,No,56,Yes,No,DSL,No,No,Yes,No,Yes,Yes,Month-to-month,No,Bank transfer (automatic),68.24,3845.07,0
CUST-02419,Male,0,No,No,19,Yes,No,Fiber optic,Yes,Yes,Yes,No,No,No,Month-to-month,Yes,Electronic check,62.54,1165.59,1
CUST-02420,Male,0,Yes,No,4,Yes,Yes,DSL,Yes,Yes,No,No,Yes,Yes,One year,No,Credit card (automatic),87.93,369.68,0
CUST-02421,Male,0,No,No,23,Yes,Yes,No,No internet service,No internet service,No internet service,No internet service,No internet service,No internet service,Month-to-month,No,Electronic check,97.27,2177.16,0
CUST-02422,Male,0,Yes,Yes,29,Yes,Yes,DSL,Yes,No,No,Yes,No,No,Month-to-month,Yes,Credit card (automatic),86.35,2464.51,0
CUST-02423,Female,0,Yes,Yes,27,Yes,Yes,Fiber optic,No,No,Yes,No,No,Yes,Month-to-month,Yes,Credit card (automatic),56.31,1541.77,0
CUST-02424,Male,0,Yes,No,52,Yes,No,DSL,No,Yes,No,No,Yes,Yes,Month-to-month,No,Credit card (automatic),111.42,5743.42,0
CUST-02425,Male,0,No,No,50,Yes,No,Fiber optic,No,No,Yes,No,Yes,Yes,Two year,Yes,Credit card (automatic),83.33,4174.05,0
CUST-02426,Female,0,No,Yes,6,Yes,No,DSL,Yes,No,No,Yes,No,No,One year,Yes,Electronic check,97.1,549.41,0
CUST-02427,Male,0,Yes,Yes,41,Yes,Yes,DSL,Yes,Yes,No,Yes,Yes,No,Two year,Yes,Credit card (automatic),43.44,1758.37,0
CUST-02428,Female,0,No,Yes,34,Yes,No,Fiber optic,No,Yes,No,No,No,Yes,One year,Yes,Electronic check,103.91,3586.73,1
CUST-02429,Male,0,Yes,No,33,Yes,No,No,No internet service,No internet service,No internet service,No internet service,No internet service,No internet service,Two year,No,Bank transfer (automatic),65.28,2095.98,0
CUST-02430,Female,0,No,Yes,72,Yes,No,No,No internet service,No internet service,No internet service,No internet service,No internet service,No internet service,Month-to-month,No,Credit card (automatic),68.94,4961.99,0
CUST-02431,Female,0,No,No,53,Yes,No,DSL,Yes,No,No,No,Yes,No,Month-to-month,Yes,Mailed check,87.49,4660.9,0
CUST-02432,Female,0,Yes,No,28,Yes,Yes,Fiber optic,No,No,No,No,No,Yes,Month-to-month,Yes,Electronic check,22.63,646.54,0
CUST-02433,Female,0,No,No,9,Yes,Yes,DSL,Yes,No,Yes,No,No,Yes,One year,Yes,Credit card (automatic),80.0,690.42,0
CUST-02434,Male,0,No,Yes,26,Yes,No,DSL,No,No,No,No,Yes,No,Month-to-month,Yes,Electronic check,66.69,1752.2,0
CUST-02435,Female,0,Yes,Yes,12,Yes,No,Fiber optic,Yes,No,No,No,Yes,No,Month-to-month,Yes,Mailed check,107.02,1232.75,0
CUST-02436,Male,1,No,No,41,Yes,Yes,DSL,No,No,No,No,No,Yes,Month-to-month,No,Mailed check,82.48,3357.33,0
CUST-02437,Male,0,Yes,No,36,Yes,No,No,No internet service,No internet service,No internet service,No internet service,No internet service,No internet service,Month-to-month,Yes,Bank transfer (automatic),50.17,1885.65,0
CUST-02438,Male,0,Yes,No,60,Yes,Yes,No,No internet service,No internet service,No internet service,No internet service,No internet service,No internet service,Month-to-month,No,Credit card (automatic),58.3,3529.97,0
CUST-02439,Female,0,Yes,No,20,Yes,Yes,DSL,No,No,No,Yes,No,Yes,Two year,No,Mailed check,18.25,365.14,0
CUST-02440,Male,0,Yes,No,2,Yes,No,DSL,No,Yes,Yes,No,Yes,Yes,Month-to-month,No,Mailed check,118.75,260.0,1
CUST-02441,Female,0,No,No,7,Yes,Yes,Fiber optic,Yes,No,Yes,No,No,Yes,Month-to-month,No,Credit card (automatic),18.25,87.44,0
CUST-02442,Female,0,No,No,69,Yes,No,Fiber optic,No,No,No,No,Yes,No,Month-to-month,Yes,Mailed check,66.07,4572.9,0
CUST-02443,Female,0,No,No,16,Yes,No,No,No internet service,No internet service,No internet service,No internet service,No internet service,No internet service,Month-to-month,No,Mailed check,90.75,1429.43,0
CUST-02444,Female,0,Yes,Yes,9,Yes,No,No,No internet service,No internet service,No internet service,No internet service,No internet service,No internet service,One year,Yes,Electronic check,107.94,942.46,0
CUST-02445,Male,0,Yes,Yes,12,Yes,Yes,Fiber optic,No,No,Yes,No,No,No,Month-to-month,Yes,Credit card (automatic),116.77,1395.05,1
CUST-02446,Male,0,Yes,Yes,11,Yes,Yes,DSL,No,Yes,No,Yes,No,No,Month-to-month,No,Mailed check,69.04,729.37,0
CUST-02447,Male,0,Yes,Yes,65,Yes,Yes,Fiber optic,Yes,No,Yes,No,Yes,No,One year,No,Bank transfer (automatic),91.59,5960.41,0
CUST-02448,Male,0,No,No,22,Yes,No,DSL,No,No,No,No,No,Yes,Month-to-month,Yes,Electronic check,65.42,1460.07,1
CUST-02449,Male,0,No,No,64,Yes,Yes,No,No internet service,No internet service,No internet service,No internet service,No internet service,No internet service,Month-to-month,Yes,Bank transfer (automatic),39.99,2545.72,0
CUST-02450,Male,0,Yes,No,51,No,No phone service,DSL,No,No,No,No,Yes,Yes,Month-to-month,No,Mailed check,50.95,2455.86,0
CUST-02451,Male,0,No,No,60,Yes,Yes,Fiber optic,No,No,No,No,Yes,No,Month-to-month,No,Electronic check,35.42,2081.77,0
CUST-02452,Female,0,No,Yes,25,Yes,No,DSL,No,Yes,No,No,Yes,Yes,Month-to-month,Yes,Credit card (automatic),81.37,1980.17,0
CUST-02453,Female,0,Yes,No,14,Yes,No,Fiber optic,No,No,No,No,No,Yes,Month-to-month,No,Credit card (automatic),63.39,905.97,0
CUST-02454,Male,0,No,Yes,21,Yes,No,Fiber optic,No,No,No,No,No,Yes,Month-to-month,No,Electronic check,68.23,1396.35,1
CUST-02455,Female,1,Yes,No,64,Yes,No,Fiber optic,No,No,No,No,No,No,Month-to-month,Yes,Mailed check,95.69,6099.12,1
CUST-02456,Male,1,Yes,No,25,Yes,Yes,Fiber optic,No,No,No,No,Yes,No,Month-to-month,No,Electronic check,79.66,2033.49,1
CUST-02457,Male,0,Yes,No,20,Yes,Yes,Fiber optic,Yes,No,No,Yes,No,No,Month-to-month,No,Mailed check,89.34,1747.77,0
CUST-02458,Female,0,Yes,No,23,Yes,No,DSL,No,Yes,No,No,Yes,Yes,Month-to-month,No,Mailed check,118.48,2735.18,1
CUST-02459,Female,0,Yes,Yes,15,Yes,No,No,No internet service,No internet service,No internet service,No internet service,No internet service,No internet service,Month-to-month,Yes,Bank transfer (automatic),52.23,752.56,0
CUST-02460,Male,0,Yes,No,31,Yes,Yes,No,No internet service,No internet service,No internet service,No internet service,No internet service,No internet service,Two year,No,Electronic check,27.47,828.02,0
CUST-02461,Female,0,Yes,Yes,15,Yes,No,DSL,No,No,Yes,Yes,No,No,Month-to-month,Yes,Electronic check,57.58,805.52,0
CUST-02462,Female,0,No,Yes,41,Yes,No,No,No internet service,No internet service,No internet service,No internet service,No internet service,No internet service,One year,No,Bank transfer (automatic),70.53,2865.67,0
CUST-02463,Female,1,No,No,31,Yes,Yes,No,No internet service,No internet service,No internet service,No internet service,No internet service,No internet service,Month-to-month,Yes,Credit card (automatic),85.2,2666.59,1
CUST-02464,Female,0,No,Yes,49,Yes,Yes,Fiber optic,No,No,No,No,No,No,Month-to-month,Yes,Credit card (automatic),94.91,4602.34,0
CUST-02465,Female,0,Yes,No,40,Yes,No,DSL,Yes,No,Yes,No,Yes,No,One year,No,Bank transfer (automatic),48.94,1921.82,0
CUST-02466,Male,0,Yes,No,23,Yes,No,Fiber optic,No,No,No,Yes,Yes,No,Month-to-month,Yes,Electronic check,42.88,1095.74,0
CUST-02467,Male,0,Yes,No,12,Yes,Yes,DSL,No,No,No,Yes,No,No,Month-to-month,Yes,Electronic check,105.78,1282.2,1
CUST-02468,Male,0,Yes,Yes,9,Yes,Yes,Fiber optic,No,Yes,No,No,Yes,Yes,Two year,No,Bank transfer (automatic),79.22,729.9,0
CUST-02469,Male,0,No,No,41,Yes,No,Fiber optic,No,No,No,Yes,Yes,No,Two year,Yes,Electronic check,84.53,3434.42,0
CUST-02470,Female,0,No,No,40,Yes,No,No,No internet service,No internet service,No internet service,No internet service,No internet service,No internet service,Month-to-month,Yes,Mailed check,82.16,3338.51,0
CUST-02471,Male,0,No,No,2,Yes,Yes,Fiber optic,Yes,No,No,No,Yes,Yes,Two year,No,Credit card (automatic),73.98,208.21,0
CUST-02472,Female,0,No,No,54,Yes,Yes,DSL,No,No,No,No,Yes,Yes,One year,No,Electronic check,71.89,3851.81,0
CUST-02473,Female,1,Yes,No,15,Yes,Yes,Fiber optic,Yes,No,Yes,No,No,No,Month-to-month,Yes,Credit card (automatic),54.36,868.83,0
CUST-02474,Female,0,Yes,No,43,Yes,Yes,DSL,No,No,No,Yes,No,No,One year,Yes,Electronic check,62.49,2754.06,0
CUST-02475,Female,0,No,No,29,Yes,Yes,DSL,No,Yes,No,Yes,Yes,Yes,One year,Yes,Electronic check,118.75,3340.3,0
CUST-02476,Female,0,Yes,Yes,36,Yes,Yes,Fiber optic,Yes,No,No,No,No,Yes,Month-to-month,Yes,Mailed check,118.75,4317.98,1
CUST-02477,Male,0,Yes,No,59,Yes,Yes,DSL,Yes,No,No,No,No,No,Two year,Yes,Electronic check,101.37,5942.62,0
CUST-02478,Female,0,Yes,No,23,Yes,No,No,No internet service,No internet service,No internet service,No internet service,No internet service,No internet service,Month-to-month,Yes,Credit card (automatic),71.51,1711.01,0
CUST-02479,Male,1,Yes,No,25,Yes,Yes,Fiber optic,Yes,No,No,No,No,No,Month-to-month,Yes,Mailed check,87.6,2149.97,1
CUST-02480,Female,0,Yes,Yes,57,Yes,Yes,Fiber optic,Yes,No,No,No,No,No,One year,No,Bank transfer (automatic),42.31,2442.02,0
CUST-02481,Male,0,No,No,8,Yes,Yes,DSL,No,No,No,Yes,Yes,No,One year,No,Bank transfer (automatic),96.02,680.18,0
CUST-02482,Female,0,No,No,60,Yes,No,Fiber optic,No,No,Yes,No,No,No,One year,Yes,Credit card (automatic),72.33,4395.58,0
CUST-02483,Female,0,Yes,No,18,Yes,Yes,Fiber optic,Yes,No,No,Yes,No,No,Month-to-month,No,Credit card (automatic),72.88,1315.51,0
CUST-02484,Male,0,Yes,Yes,27,Yes,No,Fiber optic,No,No,No,Yes,Yes,Yes,One year,Yes,Mailed check,76.2,2121.97,0
CUST-02485,Male,0,No,No,6,Yes,No,No,No internet service,No internet service,No internet service,No internet service,No internet service,No internet service,Month-to-month,Yes,Credit card (automatic),66.36,362.33,0
CUST-02486,Female,0,Yes,No,44,Yes,No,Fiber optic,No,No,No,Yes,No,Yes,One year,No,Bank transfer (automatic),96.2,4243.46,0
CUST-02487,Female,0,Yes,No,62,Yes,No,Fiber optic,Yes,Yes,No,Yes,Yes,No,One year,No,Bank transfer (automatic),118.48,7421.71,0
CUST-02488,Female,1,Yes,No,36,Yes,Yes,DSL,Yes,Yes,No,No,No,No,One year,Yes,Electronic check,96.42,3469.83,0
CUST-02489,Female,0,Yes,No,15,Yes,Yes,DSL,No,No,No,Yes,Yes,Yes,Month-to-month,No,Electronic check,73.73,1127.43,0
CUST-02490,Male,0,No,No,4,Yes,No,No,No internet service,No internet service,No internet service,No internet service,No internet service,No internet service,One year,No,Bank transfer (automatic),43.9,210.57,0
CUST-02491,Male,0,No,No,28,Yes,Yes,Fiber optic,No,No,No,Yes,No,Yes,Month-to-month,Yes,Electronic check,74.88,2019.04,1
CUST-02492,Male,0,Yes,Yes,51,Yes,Yes,Fiber optic,No,Yes,No,No,No,No,Two year,Yes,Mailed check,75.15,3806.6,0
CUST-02493,Female,0,Yes,No,22,Yes,No,No,No internet service,No internet service,No internet service,No internet service,No internet service,No internet service,Month-to-month,Yes,Mailed check,93.67,2117.63,1
CUST-02494,Male,0,Yes,Yes,5,Yes,No,Fiber optic,No,No,No,No,No,Yes,Month-to-month,No,Electronic check,54.58,170.52,0
CUST-02495,Female,1,Yes,Yes,35,Yes,No,Fiber optic,No,Yes,No,No,Yes,No,Month-to-month,Yes,Mailed check,52.66,1899.0,0
CUST-02496,Female,0,No,No,56,Yes,No,Fiber optic,Yes,No,No,No,Yes,Yes,One year,Yes,Mailed check,85.24,4744.0,0
CUST-02497,Female,0,No,No,32,Yes,No,Fiber optic,No,Yes,No,Yes,No,Yes,Month-to-month,No,Electronic check,97.45,3221.16,1
CUST-02498,Female,1,No,No,48,Yes,No,DSL,No,Yes,Yes,No,Yes,Yes,Month-to-month,Yes,Mailed check,80.49,3885.36,0
CUST-02499,Female,0,No,No,40,Yes,Yes,Fiber optic,No,No,No,No,No,No,One year,Yes,Mailed check,99.71,3948.37,0
CUST-02500,Male,0,No,No,54,Yes,No,No,No internet service,No internet service,No internet service,No internet service,No internet service,No internet service,Month-to-month,No,Mailed check,45.6,2511.37,0
CUST-02501,Female,0,No,Yes,25,Yes,Yes,DSL,No,No,Yes,No,No,No,Month-to-month,Yes,Bank transfer (automatic),85.31,2204.41,0
CUST-02502,Female,0,Yes,Yes,36,Yes,No,DSL,No,No,No,No,No,No,One year,Yes,Electronic check,42.95,1576.41,0
CUST-02503,Female,0,Yes,No,16,Yes,Yes,DSL,No,Yes,No,Yes,Yes,No,Month-to-month,Yes,Electronic check,118.75,1877.7,1
CUST-02504,Female,0,No,Yes,31,Yes,Yes,DSL,No,No,No,Yes,No,Yes,One year,No,Electronic check,107.82,3414.33,0
CUST-02505,Male,0,Yes,No,27,Yes,No,Fiber optic,No,No,No,No,No,Yes,Month-to-month,No,Credit card (automatic),83.37,2204.54,1
CUST-02506,Male,1,No,No,24,Yes,Yes,DSL,No,Yes,No,No,No,Yes,Month-to-month,No,Mailed check,33.24,851.34,0
CUST-02507,Female,0,No,No,46,Yes,No,Fiber optic,No,No,No,No,No,Yes,Month-to-month,No,Mailed check,42.01,1812.04,0
CUST-02508,Male,0,No,No,21,Yes,No,Fiber optic,No,Yes,No,No,Yes,No,Month-to-month,Yes,Mailed check,118.75,2499.63,1
CUST-02509,Female,0,Yes,Yes,60,Yes,No,Fiber optic,No,Yes,No,Yes,Yes,Yes,One year,No,Mailed check,49.39,2935.49,0
CUST-02510,Female,1,No,No,43,Yes,Yes,No,No internet service,No internet service,No internet service,No internet service,No internet service,No internet service,One year,Yes,Credit card (automatic),88.48,3736.02,0
CUST-02511,Male,0,Yes,Yes,19,Yes,Yes,Fiber optic,Yes,No,No,Yes,No,Yes,Month-to-month,No,Credit card (automatic),118.22,2311.42,1
CUST-02512,Female,1,No,No,49,Yes,No,DSL,No,No,No,No,No,No,Month-to-month,Yes,Bank transfer (automatic),79.45,3785.69,0
CUST-02513,Male,0,Yes,Yes,46,Yes,Yes,DSL,No,No,Yes,No,Yes,No,Two year,No,Electronic check,46.51,2208.65,0
CUST-02514,Female,0,Yes,No,46,Yes,Yes,Fiber optic,No,Yes,Yes,No,Yes,Yes,One year,No,Mailed check,32.01,1395.82,0
CUST-02515,Female,0,No,No,71,Yes,No,Fiber optic,No,No,Yes,No,No,Yes,One year,Yes,Bank transfer (automatic),89.43,6402.2,0
CUST-02516,Female,0,Yes,No,50,Yes,No,DSL,No,No,No,No,No,Yes,Month-to-month,No,Mailed check,49.35,2428.53,0
CUST-02517,Male,0,Yes,No,54,Yes,No,DSL,Yes,No,No,Yes,No,Yes,One year,Yes,Mailed check,77.56,4090.55,0
CUST-02518,Male,0,No,No,38,Yes,Yes,Fiber optic,No,No,No,No,No,Yes,Month-to-month,Yes,Electronic check,48.64,1825.68,1
CUST-02519,Female,0,Yes,No,13,No,No phone service,Fiber optic,Yes,Yes,No,No,No,Yes,Month-to-month,No,Electronic check,56.77,766.2,1
CUST-02520,Female,0,No,No,68,Yes,No,Fiber optic,No,No,No,No,Yes,No,Two year,Yes,Electronic check,65.21,4389.36,0
CUST-02521,Female,0,Yes,No,46,Yes,No,DSL,No,No,Yes,No,No,No,Month-to-month,No,Bank transfer (automatic),69.86,3226.57,0
CUST-02522,Male,0,No,No,20,Yes,No,Fiber optic,No,No,No,No,No,No,Month-to-month,Yes,Electronic check,54.27,1119.89,1
CUST-02523,Male,0,No,No,14,Yes,No,Fiber optic,No,No,Yes,No,No,No,Month-to-month,Yes,Credit card (automatic),79.06,1181.49,1
CUST-02524,Male,0,Yes,No,0,Yes,No,No,No internet service,No internet service,No internet service,No internet service,No internet service,No internet service,Month-to-month,No,Mailed check,94.93,0.0,1
CUST-02525,Female,0,Yes,Yes,9,No,No phone service,Fiber optic,No,Yes,No,No,Yes,No,Month-to-month,Yes,Electronic check,62.24,618.45,1
CUST-02526,Male,0,No,No,22,Yes,No,Fiber optic,No,No,No,No,Yes,No,Month-to-month,Yes,Credit card (automatic),79.58,1793.22,0
CUST-02527,Male,0,Yes,No,17,Yes,No,Fiber optic,No,No,No,No,No,Yes,One year,No,Mailed check,48.98,828.04,0
CUST-02528,Female,0,Yes,No,57,Yes,No,Fiber optic,No,No,No,No,Yes,No,One year,No,Mailed check,38.73,2264.97,0
CUST-02529,Male,0,No,No,72,Yes,No,DSL,Yes,No,No,No,No,No,One year,No,Electronic check,90.04,6527.58,0
CUST-02530,Female,0,Yes,No,51,Yes,Yes,No,No internet service,No internet service,No internet service,No internet service,No internet service,No internet service,Month-to-month,Yes,Electronic check,99.07,5044.27,1
CUST-02531,Female,0,Yes,No,45,Yes,Yes,Fiber optic,Yes,Yes,No,No,Yes,No,Month-to-month,No,Bank transfer (automatic),28.41,1314.12,0
CUST-02532,Female,0,No,No,12,Yes,No,Fiber optic,No,No,Yes,No,No,No,One year,No,Mailed check,69.38,846.15,0
CUST-02533,Male,0,Yes,No,16,Yes,No,No,No internet service,No internet service,No internet service,No internet service,No internet service,No internet service,Month-to-month,Yes,Mailed check,83.03,1355.88,0
CUST-02534,Male,0,Yes,No,66,Yes,Yes,No,No internet service,No internet service,No internet service,No internet service,No internet service,No internet service,Two year,No,Mailed check,86.4,5796.54,0
CUST-02535,Female,1,Yes,No,60,Yes,No,Fiber optic,Yes,No,No,Yes,Yes,No,Month-to-month,Yes,Electronic check,63.58,3774.59,0
CUST-02536,Female,0,No,No,64,No,No phone service,DSL,No,No,No,Yes,No,No,Two year,Yes,Credit card (automatic),80.08,5137.85,0
CUST-02537,Female,0,No,Yes,52,Yes,No,Fiber optic,No,No,Yes,No,Yes,No,One year,Yes,Credit card (automatic),100.38,5221.29,0
CUST-02538,Male,0,No,No,4,Yes,No,No,No internet service,No internet service,No internet service,No internet service,No internet service,No internet service,Month-to-month,Yes,Bank transfer (automatic),49.06,235.65,0
CUST-02539,Female,0,Yes,No,31,Yes,No,DSL,No,No,Yes,No,Yes,Yes,Month-to-month,Yes,Mailed check,113.18,3485.99,1
CUST-02540,Female,0,Yes,No,44,Yes,Yes,No,No internet service,No internet service,No internet service,No internet service,No internet service,No internet service,Two year,Yes,Credit card (automatic),41.41,1793.72,0
CUST-02541,Female,0,Yes,No,55,Yes,No,DSL,Yes,No,No,Yes,Yes,No,Month-to-month,Yes,Bank transfer (automatic),100.08,5501.18,0
CUST-02542,Female,0,Yes,No,4,Yes,No,Fiber optic,No,No,No,Yes,Yes,No,Month-to-month,Yes,Bank transfer (automatic),71.91,311.39,0
CUST-02543,Female,0,No,No,33,Yes,No,Fiber optic,No,No,No,Yes,No,No,Two year,Yes,Bank transfer (automatic),61.71,2013.57,0
CUST-02544,Female,1,Yes,No,60,Yes,No,DSL,Yes,Yes,No,No,Yes,Yes,Two year,Yes,Bank transfer (automatic),32.29,1804.67,0
CUST-02545,Male,0,Yes,No,61,Yes,No,No,No internet service,No internet service,No internet service,No internet service,No internet service,No internet service,Month-to-month,No,Bank transfer (automatic),108.23,6554.42,0
CUST-02546,Female,0,Yes,No,68,Yes,No,Fiber optic,No,No,No,No,No,No,Month-to-month,Yes,Electronic check,56.09,3884.84,0
CUST-02547,Male,0,No,No,62,Yes,No,DSL,Yes,Yes,Yes,No,Yes,Yes,Month-to-month,No,Electronic check,77.86,4904.67,0
CUST-02548,Male,0,No,No,43,Yes,Yes,Fiber optic,No,Yes,No,No,No,Yes,Month-to-month,Yes,Credit card (automatic),87.75,3748.44,0
CUST-02549,Male,0,No,No,27,Yes,No,Fiber optic,Yes,No,Yes,No,No,Yes,One year,Yes,Electronic check,118.75,3296.12,0
CUST-02550,Male,0,No,No,69,Yes,No,DSL,No,No,No,No,Yes,Yes,Month-to-month,Yes,Electronic check,70.69,4861.28,0
CUST-02551,Male,1,Yes,No,12,Yes,No,No,No internet service,No internet service,No internet service,No internet service,No internet service,No internet service,Month-to-month,No,Electronic check,72.94,798.53,1
CUST-02552,Male,0,Yes,Yes,42,Yes,Yes,DSL,No,Yes,No,No,Yes,Yes,Month-to-month,No,Mailed check,86.19,3604.68,0
CUST-02553,Female,0,Yes,No,29,Yes,Yes,DSL,No,No,Yes,No,Yes,No,Month-to-month,Yes,Mailed check,76.94,2267.53,0
CUST-02554,Female,0,No,No,25,Yes,No,DSL,No,No,No,No,Yes,No,Two year,Yes,Bank transfer (automatic),54.44,1332.73,0
CUST-02555,Male,0,No,No,62,Yes,No,DSL,No,No,Yes,No,No,No,One year,No,Bank transfer (automatic),115.74,7206.05,0
CUST-02556,Female,0,No,Yes,72,Yes,No,DSL,No,Yes,No,No,Yes,No,Two year,Yes,Electronic check,68.48,4943.9,0
CUST-02557,Female,0,No,No,56,Yes,Yes,No,No internet service,No internet service,No internet service,No internet service,No internet service,No internet service,Two year,No,Electronic check,89.48,4996.56,0
CUST-02558,Male,0,No,Yes,63,Yes,Yes,DSL,No,No,No,Yes,No,No,Month-to-month,No,Mailed check,73.33,4658.61,0
CUST-02559,Male,0,No,No,48,Yes,Yes,DSL,No,No,Yes,No,No,No,Month-to-month,No,Electronic check,61.52,3014.42,0
CUST-02560,Female,0,No,No,51,Yes,Yes,DSL,No,No,No,Yes,No,No,Two year,Yes,Credit card (automatic),103.29,5276.88,0
CUST-02561,Female,0,No,No,62,No,No phone service,Fiber optic,Yes,No,No,No,No,No,Two year,Yes,Bank transfer (automatic),85.18,5310.65,0
CUST-02562,Female,0,Yes,No,12,Yes,No,Fiber optic,Yes,Yes,Yes,Yes,No,Yes,One year,No,Mailed check,18.25,146.18,0
CUST-02563,Male,0,No,No,44,Yes,No,Fiber optic,No,No,No,No,Yes,No,One year,Yes,Electronic check,83.55,3745.78,0
CUST-02564,Male,0,No,Yes,45,Yes,Yes,DSL,Yes,No,No,Yes,No,No,Month-to-month,Yes,Credit card (automatic),60.57,2699.0,0
CUST-02565,Male,0,Yes,No,40,No,No phone service,Fiber optic,No,No,Yes,No,Yes,No,Two year,No,Mailed check,35.83,1390.11,0
CUST-02566,Male,1,No,No,45,Yes,No,Fiber optic,No,Yes,Yes,Yes,No,Yes,Two year,Yes,Mailed check,100.16,4551.54,0
CUST-02567,Male,1,No,No,0,No,No phone service,Fiber optic,Yes,Yes,Yes,Yes,Yes,No,Month-to-month,No,Bank transfer (automatic),50.91,0.0,0
CUST-02568,Male,0,Yes,No,72,Yes,No,Fiber optic,No,No,Yes,No,No,Yes,Month-to-month,No,Credit card (automatic),86.56,6197.61,0
CUST-02569,Female,0,No,No,67,Yes,Yes,No,No internet service,No internet service,No internet service,No internet service,No internet service,No internet service,Month-to-month,Yes,Electronic check,102.3,6839.42,1
CUST-02570,Female,0,Yes,No,11,Yes,Yes,DSL,No,Yes,Yes,No,No,No,One year,Yes,Electronic check,65.47,659.37,0
CUST-02571,Male,0,No,No,72,Yes,Yes,DSL,No,Yes,Yes,Yes,No,Yes,Month-to-month,Yes,Electronic check,86.28,6176.92,0
CUST-02572,Female,0,No,No,34,Yes,No,DSL,No,No,Yes,No,Yes,No,Month-to-month,Yes,Bank transfer (automatic),57.7,2012.91,0
CUST-02573,Male,0,Yes,No,32,No,No phone service,Fiber optic,No,Yes,No,No,Yes,Yes,Month-to-month,Yes,Electronic check,102.04,3323.57,1
CUST-02574,Male,0,Yes,Yes,57,Yes,Yes,DSL,Yes,No,No,No,Yes,No,Month-to-month,Yes,Mailed check,73.37,4185.36,0
CUST-02575,Male,0,No,No,34,Yes,No,Fiber optic,No,No,No,No,No,Yes,One year,Yes,Bank transfer (automatic),88.16,2963.47,0
CUST-02576,Female,0,Yes,No,45,No,No phone service,No,No internet service,No internet service,No internet service,No internet service,No internet service,No internet service,Month-to-month,Yes,Bank transfer (automatic),113.88,5145.29,1
CUST-02577,Female,0,Yes,Yes,65,Yes,No,Fiber optic,Yes,Yes,Yes,No,Yes,Yes,Two year,No,Mailed check,32.74,2033.28,0
CUST-02578,Female,0,No,Yes,43,Yes,Yes,Fiber optic,Yes,No,No,No,Yes,No,Month-to-month,No,Bank transfer (automatic),58.84,2588.67,0
CUST-02579,Male,1,Yes,Yes,25,Yes,Yes,No,No internet service,No internet service,No internet service,No internet service,No internet service,No internet service,One year,Yes,Credit card (automatic),69.15,1725.27,0
CUST-02580,Female,0,Yes,No,41,Yes,Yes,Fiber optic,Yes,Yes,No,No,No,No,Two year,No,Electronic check,78.88,3182.36,0
CUST-02581,Male,0,No,No,29,Yes,Yes,Fiber optic,No,Yes,No,Yes,Yes,No,One year,Yes,Bank transfer (automatic),89.41,2667.25,0
CUST-02582,Female,0,No,No,31,Yes,No,Fiber optic,No,Yes,No,No,No,Yes,Two year,Yes,Mailed check,104.83,3251.86,0
CUST-02583,Female,0,No,Yes,35,Yes,Yes,Fiber optic,No,No,No,Yes,No,No,Month-to-month,No,Electronic check,56.23,1946.74,0
CUST-02584,Male,0,No,No,18,No,No phone service,DSL,No,No,No,No,Yes,Yes,Two year,Yes,Electronic check,67.46,1316.76,0
CUST-02585,Female,0,Yes,No,21,Yes,Yes,Fiber optic,No,Yes,No,No,No,No,Month-to-month,Yes,Credit card (automatic),100.96,2093.89,1
CUST-02586,Female,0,Yes,Yes,64,Yes,Yes,DSL,Yes,No,No,No,Yes,Yes,Two year,Yes,Mailed check,87.34,5627.19,0
CUST-02587,Male,0,Yes,No,56,No,No phone service,No,No internet service,No internet service,No internet service,No internet service,No internet service,No internet service,Month-to-month,Yes,Electronic check,35.26,2009.22,0
CUST-02588,Female,0,No,No,10,Yes,No,DSL,No,No,No,Yes,No,No,Month-to-month,Yes,Credit card (automatic),26.81,225.73,0
CUST-02589,Male,0,No,No,25,Yes,Yes,DSL,No,Yes,No,No,No,No,One year,Yes,Bank transfer (automatic),61.25,1524.27,0
CUST-02590,Female,0,No,No,47,Yes,No,Fiber optic,Yes,Yes,No,Yes,No,Yes,One year,Yes,Mailed check,90.33,4232.91,0
CUST-02591,Female,0,No,Yes,18,Yes,No,No,No internet service,No internet service,No internet service,No internet service,No internet service,No internet service,Month-to-month,Yes,Bank transfer (automatic),85.83,1456.6,1
CUST-02592,Female,0,No,No,11,Yes,Yes,Fiber optic,No,No,Yes,No,No,No,Two year,Yes,Electronic check,49.2,443.0,0
CUST-02593,Female,0,Yes,Yes,66,Yes,No,Fiber optic,No,No,Yes,No,Yes,Yes,Month-to-month,Yes,Electronic check,95.76,6211.37,1
CUST-02594,Female,1,Yes,Yes,55,Yes,Yes,Fiber optic,No,No,No,No,Yes,Yes,Month-to-month,No,Electronic check,83.94,4594.21,1
CUST-02595,Male,0,Yes,No,17,Yes,Yes,Fiber optic,Yes,Yes,Yes,Yes,No,No,Two year,Yes,Mailed check,45.33,720.95,0
CUST-02596,Female,1,Yes,No,4,Yes,No,No,No internet service,No internet service,No internet service,No internet service,No internet service,No internet service,Month-to-month,No,Credit card (automatic),55.52,175.49,0
CUST-02597,Male,0,No,Yes,23,Yes,Yes,DSL,No,No,No,No,Yes,Yes,Month-to-month,Yes,Mailed check,24.58,544.3,0
CUST-02598,Female,0,Yes,Yes,37,No,No phone service,No,No internet service,No internet service,No internet service,No internet service,No internet service,No internet service,Two year,Yes,Electronic check,45.37,1678.87,0
CUST-02599,Male,1,No,No,66,Yes,Yes,No,No internet service,No internet service,No internet service,No internet service,No internet service,No internet service,One year,Yes,Bank transfer (automatic),32.07,2100.98,0
CUST-02600,Male,0,No,No,69,Yes,No,No,No internet service,No internet service,No internet service,No internet service,No internet service,No internet service,Month-to-month,No,Credit card (automatic),40.91,2787.55,0
CUST-02601,Female,0,Yes,No,51,Yes,No,No,No internet service,No internet service,No internet service,No internet service,No internet service,No internet service,Month-to-month,No,Electronic check,118.75,6152.8,1
CUST-02602,Male,0,Yes,No,38,Yes,Yes,No,No internet service,No internet service,No internet service,No internet service,No internet service,No internet service,One year,No,Bank transfer (automatic),65.28,2470.59,0
CUST-02603,Female,0,Yes,Yes,58,Yes,No,DSL,Yes,No,No,Yes,No,No,Two year,Yes,Electronic check,33.71,2005.1,0
CUST-02604,Male,1,Yes,No,25,Yes,Yes,DSL,No,No,No,Yes,No,No,One year,Yes,Electronic check,83.94,2036.67,0
CUST-02605,Male,0,No,Yes,64,Yes,No,DSL,No,Yes,Yes,No,Yes,No,One year,No,Mailed check,86.14,5579.72,0
CUST-02606,Female,0,Yes,No,47,Yes,No,DSL,No,Yes,No,No,Yes,No,Month-to-month,No,Electronic check,81.35,3796.03,0
CUST-02607,Male,0,No,Yes,52,Yes,No,Fiber optic,No,No,No,No,No,Yes,Month-to-month,Yes,Credit card (automatic),55.39,3020.36,0
CUST-02608,Male,0,No,No,8,No,No phone service,DSL,No,No,No,No,No,No,One year,No,Credit card (automatic),86.68,627.85,0
CUST-02609,Female,0,No,No,4,Yes,No,DSL,No,No,Yes,No,Yes,No,One year,No,Bank transfer (automatic),43.11,119.09,0
CUST-02610,Male,0,No,No,71,Yes,Yes,Fiber optic,No,No,No,Yes,Yes,Yes,Month-to-month,Yes,Electronic check,99.7,7069.26,1
CUST-02611,Female,0,Yes,Yes,60,Yes,No,No,No internet service,No internet service,No internet service,No internet service,No internet service,No internet service,Two year,Yes,Electronic check,100.45,6009.26,0
CUST-02612,Male,0,Yes,No,20,Yes,Yes,Fiber optic,No,No,No,No,No,Yes,Month-to-month,Yes,Bank transfer (automatic),71.17,1364.77,0
CUST-02613,Male,1,Yes,No,62,Yes,Yes,No,No internet service,No internet service,No internet service,No internet service,No internet service,No internet service,Month-to-month,No,Electronic check,42.0,2677.7,0
CUST-02614,Female,0,Yes,No,19,Yes,Yes,Fiber optic,Yes,No,No,No,No,No,Month-to-month,Yes,Mailed check,92.7,1829.74,0
CUST-02615,Male,0,No,No,57,Yes,Yes,No,No internet service,No internet service,No internet service,No internet service,No internet service,No internet service,One year,Yes,Electronic check,63.33,3592.79,0
CUST-02616,Male,0,No,No,44,Yes,No,Fiber optic,Yes,No,Yes,No,No,Yes,Month-to-month,Yes,Mailed check,82.97,3701.16,0
CUST-02617,Male,0,Yes,No,21,Yes,No,No,No internet service,No internet service,No internet service,No internet service,No internet service,No internet service,Two year,No,Electronic check,90.19,1965.1,0
CUST-02618,Male,0,Yes,No,62,Yes,Yes,DSL,No,No,No,No,Yes,No,Two year,Yes,Electronic check,58.37,3618.46,0
CUST-02619,Female,1,Yes,No,29,Yes,Yes,No,No internet service,No internet service,No internet service,No internet service,No internet service,No internet service,Month-to-month,No,Mailed check,118.75,3410.27,1
CUST-02620,Male,0,No,Yes,62,Yes,No,Fiber optic,No,No,No,No,No,No,Month-to-month,No,Mailed check,77.51,4869.71,0
CUST-02621,Female,1,No,Yes,43,Yes,No,Fiber optic,No,Yes,No,No,Yes,Yes,Month-to-month,No,Mailed check,59.2,2601.91,0
CUST-02622,Female,0,No,No,66,Yes,Yes,Fiber optic,Yes,No,No,No,No,No,Month-to-month,No,Electronic check,104.15,6811.24,1
CUST-02623,Male,0,No,No,57,Yes,Yes,No,No internet service,No internet service,No internet service,No internet service,No internet service,No internet service,Month-to-month,No,Electronic check,116.66,6720.42,1
CUST-02624,Female,0,Yes,No,64,Yes,No,No,No internet service,No internet service,No internet service,No internet service,No internet service,No internet service,Two year,Yes,Electronic check,27.22,1691.07,0
CUST-02625,Male,0,Yes,No,35,Yes,No,DSL,No,No,No,No,No,Yes,Month-to-month,Yes,Bank transfer (automatic),40.33,1430.5,0
CUST-02626,Female,0,Yes,No,5,Yes,Yes,DSL,No,No,No,Yes,No,No,Two year,Yes,Electronic check,51.3,215.7,0
CUST-02627,Male,1,Yes,No,36,Yes,Yes,DSL,No,Yes,No,Yes,Yes,Yes,Two year,Yes,Credit card (automatic),118.75,4283.2,0
CUST-02628,Female,0,No,No,54,Yes,No,DSL,No,No,No,Yes,No,Yes,One year,Yes,Credit card (automatic),65.52,3543.86,0
CUST-02629,Female,1,No,No,58,Yes,Yes,DSL,Yes,Yes,No,Yes,Yes,No,Month-to-month,Yes,Credit card (automatic),116.08,6844.25,0
CUST-02630,Male,0,No,No,37,Yes,Yes,Fiber optic,No,No,No,No,No,Yes,One year,No,Credit card (automatic),80.64,2902.59,0
CUST-02631,Female,0,Yes,No,24,Yes,No,Fiber optic,No,No,No,Yes,No,No,Month-to-month,Yes,Bank transfer (automatic),37.08,851.39,0
CUST-02632,Female,0,Yes,No,32,Yes,No,Fiber optic,No,Yes,No,No,Yes,Yes,One year,Yes,Credit card (automatic),96.46,3063.45,0
CUST-02633,Male,0,Yes,No,12,Yes,Yes,Fiber optic,Yes,No,No,Yes,No,No,Month-to-month,No,Bank transfer (automatic),79.59,971.52,0
CUST-02634,Male,1,No,No,37,Yes,No,Fiber optic,Yes,No,No,No,No,Yes,Month-to-month,No,Electronic check,53.58,1966.86,0
CUST-02635,Female,0,No,No,57,Yes,Yes,DSL,No,No,No,No,No,No,Month-to-month,Yes,Bank transfer (automatic),61.4,3389.9,0
CUST-02636,Female,0,Yes,No,19,Yes,No,Fiber optic,Yes,No,No,No,No,Yes,Month-to-month,Yes,Bank transfer (automatic),46.4,918.45,0
CUST-02637,Female,0,No,Yes,16,Yes,Yes,Fiber optic,No,No,No,No,No,Yes,One year,Yes,Electronic check,56.6,972.34,0
CUST-02638,Female,0,No,Yes,23,Yes,No,DSL,Yes,No,No,Yes,No,No,One year,Yes,Bank transfer (automatic),89.66,2083.81,0
CUST-02639,Female,0,Yes,No,25,No,No phone service,DSL,Yes,No,No,No,No,No,Month-to-month,No,Credit card (automatic),50.88,1249.18,0
CUST-02640,Female,0,No,No,39,Yes,No,DSL,Yes,No,No,No,No,No,Month-to-month,Yes,Mailed check,77.53,3033.9,0
CUST-02641,Male,0,Yes,Yes,31,Yes,No,No,No internet service,No internet service,No internet service,No internet service,No internet service,No internet service,Two year,No,Mailed check,82.15,2485.81,0
CUST-02642,Male,0,No,No,36,Yes,Yes,Fiber optic,No,No,No,No,Yes,No,One year,Yes,Mailed check,73.64,2704.1,0
CUST-02643,Female,0,No,No,59,Yes,Yes,Fiber optic,No,No,No,No,Yes,No,One year,Yes,Bank transfer (automatic),37.8,2255.08,0
CUST-02644,Female,0,No,Yes,56,Yes,Yes,DSL,No,Yes,Yes,No,Yes,Yes,One year,Yes,Electronic check,96.5,5377.33,0
CUST-02645,Male,0,Yes,No,57,Yes,No,DSL,No,Yes,No,No,No,No,Month-to-month,Yes,Bank transfer (automatic),48.78,2784.56,0
CUST-02646,Male,0,Yes,No,66,Yes,No,DSL,No,No,No,No,Yes,Yes,Month-to-month,Yes,Electronic check,64.79,4327.71,0
CUST-02647,Female,0,Yes,Yes,21,Yes,No,DSL,No,No,No,No,Yes,No,Month-to-month,No,Electronic check,61.41,1347.83,0
CUST-02648,Female,0,Yes,No,57,No,No phone service,DSL,No,Yes,No,No,No,No,Two year,Yes,Bank transfer (automatic),77.12,4392.12,0
CUST-02649,Male,0,No,No,72,Yes,No,DSL,No,No,No,Yes,No,Yes,Month-to-month,No,Electronic check,82.41,6040.85,0
CUST-02650,Male,0,No,No,48,Yes,No,Fiber optic,No,No,Yes,No,Yes,Yes,Two year,No,Credit card (automatic),93.81,4571.28,0
CUST-02651,Male,0,Yes,No,48,Yes,No,Fiber optic,No,No,No,No,No,Yes,Month-to-month,Yes,Credit card (automatic),68.87,3332.16,0
CUST-02652,Male,0,Yes,Yes,41,Yes,No,Fiber optic,No,Yes,No,No,Yes,No,One year,Yes,Electronic check,45.27,1836.3,0
CUST-02653,Male,0,Yes,No,39,Yes,No,Fiber optic,No,Yes,No,Yes,Yes,Yes,Month-to-month,No,Credit card (automatic),102.59,3982.75,0
CUST-02654,Male,0,Yes,No,70,Yes,No,Fiber optic,No,Yes,No,No,Yes,Yes,Month-to-month,Yes,Mailed check,69.7,4889.03,0
CUST-02655,Female,0,Yes,Yes,45,Yes,Yes,Fiber optic,No,No,No,No,Yes,No,Month-to-month,Yes,Electronic check,71.63,3217.83,1
CUST-02656,Male,0,Yes,No,21,Yes,Yes,DSL,Yes,No,No,No,Yes,No,One year,No,Mailed check,47.9,1090.92,0
CUST-02657,Female,0,No,Yes,20,Yes,No,No,No internet service,No internet service,No internet service,No internet service,No internet service,No internet service,Month-to-month,Yes,Bank transfer (automatic),51.14,975.95,0
CUST-02658,Female,0,Yes,No,50,Yes,Yes,No,No internet service,No internet service,No internet service,No internet service,No internet service,No internet service,Month-to-month,Yes,Bank transfer (automatic),113.01,5675.79,1
CUST-02659,Male,0,No,Yes,13,Yes,No,DSL,No,No,Yes,No,No,No,Month-to-month,No,Mailed check,37.43,386.5,0
CUST-02660,Female,0,No,No,8,Yes,No,DSL,No,Yes,No,No,Yes,No,Month-to-month,Yes,Electronic check,40.43,342.3,0
CUST-02661,Male,0,Yes,No,17,Yes,No,No,No internet service,No internet service,No internet service,No internet service,No internet service,No internet service,Month-to-month,No,Bank transfer (automatic),60.8,1077.2,0
CUST-02662,Female,0,No,No,12,Yes,Yes,No,No internet service,No internet service,No internet service,No internet service,No internet service,No internet service,One year,No,Electronic check,79.62,1027.46,0
CUST-02663,Male,0,No,No,16,Yes,Yes,DSL,Yes,Yes,Yes,No,No,No,Month-to-month,Yes,Electronic check,48.04,739.07,0
CUST-02664,Female,0,No,No,24,Yes,Yes,DSL,Yes,No,No,No,Yes,No,Month-to-month,Yes,Bank transfer (automatic),33.88,777.52,0
CUST-02665,Female,0,Yes,No,53,Yes,Yes,No,No internet service,No internet service,No internet service,No internet service,No internet service,No internet service,Month-to-month,Yes,Mailed check,46.85,2534.22,0
CUST-02666,Male,0,Yes,Yes,15,Yes,No,DSL,No,Yes,No,No,No,No,Month-to-month,Yes,Electronic check,61.69,985.1,1
CUST-02667,Male,0,No,No,23,Yes,Yes,No,No internet service,No internet service,No internet service,No internet service,No internet service,No internet service,One year,Yes,Bank transfer (automatic),48.18,1096.79,0
CUST-02668,Female,0,No,No,22,Yes,Yes,DSL,Yes,Yes,No,No,Yes,No,Month-to-month,Yes,Electronic check,118.75,2514.53,1
CUST-02669,Female,1,Yes,No,40,No,No phone service,No,No internet service,No internet service,No internet service,No internet service,No internet service,No internet service,Two year,Yes,Bank transfer (automatic),118.75,4697.06,0
CUST-02670,Male,0,Yes,No,32,No,No phone service,DSL,No,No,Yes,No,Yes,No,One year,Yes,Mailed check,103.58,3309.94,0
CUST-02671,Female,0,Yes,Yes,41,No,No phone service,DSL,No,No,No,No,No,No,Month-to-month,No,Bank transfer (automatic),85.11,3418.61,0
CUST-02672,Male,0,Yes,No,47,Yes,Yes,No,No internet service,No internet service,No internet service,No internet service,No internet service,No internet service,Two year,No,Bank transfer (automatic),85.99,4077.97,0
CUST-02673,Female,1,No,No,17,No,No phone service,DSL,No,No,No,No,Yes,No,Two year,Yes,Electronic check,105.41,1753.34,1
CUST-02674,Male,0,Yes,Yes,62,Yes,No,DSL,Yes,No,No,Yes,No,No,Month-to-month,Yes,Bank transfer (automatic),81.88,5072.94,0
CUST-02675,Female,0,Yes,No,10,Yes,Yes,No,No internet service,No internet service,No internet service,No internet service,No internet service,No internet service,Month-to-month,Yes,Credit card (automatic),50.8,562.74,0
CUST-02676,Male,0,No,No,23,No,No phone service,DSL,Yes,No,No,No,No,No,Month-to-month,No,Credit card (automatic),118.75,2749.63,0
CUST-02677,Male,0,Yes,No,60,No,No phone service,DSL,No,No,Yes,No,Yes,Yes,Month-to-month,Yes,Bank transfer (automatic),92.71,5659.82,0
CUST-02678,Male,1,No,Yes,63,Yes,Yes,DSL,Yes,Yes,Yes,No,Yes,No,One year,No,Credit card (automatic),115.08,7319.93,0
CUST-02679,Male,0,No,No,35,Yes,No,Fiber optic,No,No,No,No,Yes,No,Month-to-month,No,Bank transfer (automatic),118.75,4104.31,1
CUST-02680,Female,0,Yes,Yes,52,Yes,Yes,Fiber optic,No,No,No,No,No,No,Two year,Yes,Electronic check,32.92,1741.49,0
CUST-02681,Male,1,No,No,46,Yes,Yes,No,No internet service,No internet service,No internet service,No internet service,No internet service,No internet service,Month-to-month,Yes,Bank transfer (automatic),54.79,2527.99,0
CUST-02682,Female,0,No,No,51,Yes,Yes,Fiber optic,Yes,No,No,Yes,No,Yes,One year,Yes,Credit card (automatic),72.0,3731.36,0
CUST-02683,Male,0,Yes,No,56,Yes,No,Fiber optic,No,Yes,No,Yes,Yes,No,Month-to-month,Yes,Electronic check,90.3,5082.97,0
CUST-02684,Male,0,Yes,Yes,22,Yes,No,Fiber optic,No,No,No,No,No,No,One year,Yes,Electronic check,95.97,2086.35,1
CUST-02685,Male,0,No,No,58,Yes,Yes,No,No internet service,No internet service,No internet service,No internet service,No internet service,No internet service,One year,Yes,Credit card (automatic),76.48,4459.64,0
CUST-02686,Male,0,No,No,68,Yes,Yes,Fiber optic,No,No,No,No,Yes,Yes,One year,No,Bank transfer (automatic),111.76,7581.23,0
CUST-02687,Male,0,No,Yes,55,No,No phone service,No,No internet service,No internet service,No internet service,No internet service,No internet service,No internet service,One year,Yes,Electronic check,92.87,5075.54,0
CUST-02688,Male,0,Yes,No,41,Yes,Yes,No,No internet service,No internet service,No internet service,No internet service,No internet service,No internet service,Month-to-month,Yes,Mailed check,90.62,3709.85,0
CUST-02689,Female,0,No,No,17,Yes,Yes,DSL,Yes,No,No,No,No,No,Month-to-month,Yes,Electronic check,65.44,1124.92,0
CUST-02690,Male,0,Yes,No,70,Yes,Yes,Fiber optic,No,No,No,No,No,No,Month-to-month,Yes,Electronic check,87.62,6198.41,1
CUST-02691,Female,0,No,Yes,32,Yes,Yes,Fiber optic,No,No,Yes,No,Yes,No,One year,Yes,Electronic check,82.17,2604.61,0
CUST-02692,Female,1,No,Yes,2,Yes,Yes,DSL,Yes,Yes,No,Yes,Yes,No,Month-to-month,Yes,Electronic check,94.35,92.87,1
CUST-02693,Male,0,Yes,No,27,Yes,Yes,DSL,No,Yes,No,No,Yes,No,Month-to-month,Yes,Mailed check,40.82,1092.29,0
CUST-02694,Male,0,No,No,0,No,No phone service,No,No internet service,No internet service,No internet service,No internet service,No internet service,No internet service,Two year,No,Electronic check,87.55,0.0,0
CUST-02695,Female,1,No,Yes,62,Yes,No,Fiber optic,No,No,No,No,No,No,Month-to-month,No,Credit card (automatic),37.45,2331.02,0
CUST-02696,Female,0,No,No,46,Yes,Yes,Fiber optic,Yes,No,No,No,No,No,Month-to-month,Yes,Bank transfer (automatic),55.06,2520.07,0
CUST-02697,Female,0,Yes,Yes,36,Yes,No,Fiber optic,No,Yes,Yes,Yes,No,No,One year,Yes,Mailed check,90.19,3294.32,0
CUST-02698,Male,0,No,No,47,Yes,Yes,Fiber optic,No,No,Yes,No,No,Yes,Two year,Yes,Electronic check,55.57,2627.41,0
CUST-02699,Female,0,No,No,18,Yes,No,DSL,No,Yes,No,No,Yes,No,Month-to-month,Yes,Credit card (automatic),73.18,1347.39,0
CUST-02700,Female,0,Yes,No,13,Yes,No,Fiber optic,No,No,Yes,No,No,No,Two year,Yes,Mailed check,48.77,542.16,0
CUST-02701,Female,1,Yes,No,66,Yes,Yes,Fiber optic,No,No,No,Yes,No,No,Month-to-month,Yes,Mailed check,94.15,6205.22,0
CUST-02702,Female,0,Yes,Yes,64,Yes,No,No,No internet service,No internet service,No internet service,No internet service,No internet service,No internet service,Month-to-month,Yes,Electronic check,80.07,5117.52,0
CUST-02703,Male,0,No,No,25,Yes,No,Fiber optic,No,Yes,No,Yes,Yes,Yes,Month-to-month,Yes,Electronic check,72.85,1905.45,1
CUST-02704,Male,0,No,No,9,Yes,Yes,No,No internet service,No internet service,No internet service,No internet service,No internet service,No internet service,One year,No,Bank transfer (automatic),98.74,883.35,0
CUST-02705,Female,0,Yes,No,69,No,No phone service,Fiber optic,Yes,No,Yes,No,Yes,No,Two year,Yes,Mailed check,90.0,6176.99,0
CUST-02706,Female,0,No,No,42,Yes,Yes,No,No internet service,No internet service,No internet service,No internet service,No internet service,No internet service,Month-to-month,No,Credit card (automatic),88.18,3667.62,0
CUST-02707,Male,0,Yes,No,69,Yes,Yes,No,No internet service,No internet service,No internet service,No internet service,No internet service,No internet service,One year,Yes,Credit card (automatic),107.31,7453.35,0
CUST-02708,Male,0,No,Yes,71,Yes,No,Fiber optic,No,Yes,Yes,No,No,Yes,Month-to-month,Yes,Electronic check,110.16,7792.34,1
CUST-02709,Male,0,Yes,No,58,Yes,Yes,Fiber optic,No,No,Yes,No,No,No,Two year,No,Credit card (automatic),54.3,3106.75,0
CUST-02710,Male,1,Yes,Yes,2,Yes,No,Fiber optic,Yes,No,No,No,No,Yes,Month-to-month,Yes,Credit card (automatic),88.7,223.24,1
CUST-02711,Female,0,Yes,Yes,4,Yes,No,Fiber optic,Yes,No,No,Yes,No,No,One year,Yes,Bank transfer (automatic),81.39,345.16,0
CUST-02712,Female,0,Yes,No,36,Yes,No,Fiber optic,No,Yes,No,No,No,No,Month-to-month,Yes,Mailed check,107.8,3868.99,0
CUST-02713,Male,0,No,No,51,Yes,No,Fiber optic,No,No,Yes,No,Yes,No,Two year,Yes,Electronic check,44.91,2224.03,0
CUST-02714,Male,0,No,No,65,Yes,No,Fiber optic,No,Yes,No,No,Yes,Yes,Month-to-month,No,Electronic check,61.76,4042.11,0
CUST-02715,Male,0,Yes,Yes,62,Yes,Yes,Fiber optic,No,No,Yes,No,No,No,Month-to-month,Yes,Electronic check,73.68,4609.51,1
CUST-02716,Male,1,Yes,No,6,Yes,Yes,DSL,Yes,No,No,No,Yes,No,One year,No,Credit card (automatic),105.9,587.74,0
CUST-02717,Female,0,Yes,No,52,No,No phone service,DSL,No,Yes,No,No,No,No,Two year,Yes,Credit card (automatic),70.05,3660.84,0
CUST-02718,Female,1,No,No,5,Yes,No,DSL,No,Yes,No,No,No,Yes,Two year,No,Bank transfer (automatic),69.66,343.27,0
CUST-02719,Female,0,No,Yes,6,Yes,No,DSL,No,No,Yes,No,No,Yes,Month-to-month,No,Bank transfer (automatic),53.73,278.18,0
CUST-02720,Male,1,Yes,No,43,Yes,No,Fiber optic,No,No,No,No,No,Yes,Month-to-month,Yes,Mailed check,95.57,4087.3,1
CUST-02721,Female,0,No,No,17,Yes,Yes,No,No internet service,No internet service,No internet service,No internet service,No internet service,No internet service,Two year,No,Bank transfer (automatic),89.27,1515.24,0
CUST-02722,Female,1,Yes,No,53,Yes,No,Fiber optic,Yes,No,No,Yes,No,No,Month-to-month,Yes,Bank transfer (automatic),63.77,3313.89,0
CUST-02723,Female,0,No,Yes,28,Yes,No,DSL,Yes,Yes,Yes,No,Yes,Yes,One year,Yes,Electronic check,47.77,1366.1,0
CUST-02724,Male,0,No,No,24,No,No phone service,Fiber optic,No,No,No,No,No,No,Month-to-month,Yes,Bank transfer (automatic),92.64,2187.84,1
CUST-02725,Male,1,No,No,62,Yes,Yes,No,No internet service,No internet service,No internet service,No internet service,No internet service,No internet service,One year,No,Electronic check,91.33,5628.94,0
CUST-02726,Male,0,No,No,67,Yes,No,DSL,No,No,No,No,No,No,Month-to-month,Yes,Electronic check,62.71,4226.85,0
CUST-02727,Male,0,No,Yes,12,Yes,Yes,No,No internet service,No internet service,No internet service,No internet service,No internet service,No internet service,One year,No,Mailed check,89.02,1045.6,0
CUST-02728,Male,0,No,Yes,31,Yes,No,DSL,No,No,No,No,Yes,Yes,One year,Yes,Mailed check,90.29,2788.21,0
CUST-02729,Male,1,No,No,26,Yes,Yes,DSL,Yes,No,No,No,No,No,One year,No,Bank transfer (automatic),104.36,2708.08,0
CUST-02730,Female,0,Yes,No,50,Yes,Yes,Fiber optic,No,No,Yes,Yes,Yes,Yes,One year,Yes,Mailed check,98.12,4867.24,0
CUST-02731,Female,0,Yes,No,33,Yes,Yes,Fiber optic,Yes,Yes,No,Yes,Yes,No,One year,Yes,Electronic check,66.11,2155.73,0
CUST-02732,Male,0,Yes,No,27,No,No phone service,Fiber optic,Yes,No,No,Yes,No,No,One year,No,Credit card (automatic),54.7,1476.01,0
CUST-02733,Male,0,No,Yes,72,Yes,No,No,No internet service,No internet service,No internet service,No internet service,No internet service,No internet service,One year,Yes,Bank transfer (automatic),118.75,8549.23,0
CUST-02734,Female,0,Yes,No,71,Yes,Yes,DSL,No,No,No,Yes,No,Yes,One year,No,Credit card (automatic),67.01,4784.06,0
CUST-02735,Female,0,Yes,No,29,No,No phone service,Fiber optic,Yes,No,No,No,No,Yes,Two year,No,Bank transfer (automatic),28.17,845.49,0
CUST-02736,Female,0,Yes,No,8,Yes,No,Fiber optic,No,No,No,No,Yes,No,Month-to-month,No,Electronic check,40.91,388.21,0
CUST-02737,Female,1,Yes,No,12,Yes,Yes,No,No internet service,No internet service,No internet service,No internet service,No internet service,No internet service,One year,No,Credit card (automatic),20.98,176.44,0
CUST-02738,Female,0,No,No,63,Yes,No,Fiber optic,No,No,Yes,Yes,Yes,No,Two year,Yes,Credit card (automatic),109.28,6930.29,0
CUST-02739,Female,0,No,No,37,No,No phone service,DSL,No,No,No,No,Yes,No,Month-to-month,Yes,Electronic check,118.75,4376.72,1
CUST-02740,Male,0,No,No,21,Yes,No,Fiber optic,No,No,Yes,No,No,Yes,One year,No,Electronic check,79.16,1695.27,0
CUST-02741,Male,0,No,No,30,Yes,No,No,No internet service,No internet service,No internet service,No internet service,No internet service,No internet service,Month-to-month,No,Credit card (automatic),34.07,1039.07,0
CUST-02742,Male,0,No,Yes,41,Yes,Yes,DSL,Yes,Yes,No,No,No,No,Month-to-month,Yes,Electronic check,105.74,4306.48,0
CUST-02743,Male,0,Yes,No,61,Yes,No,DSL,Yes,Yes,Yes,No,Yes,Yes,Month-to-month,Yes,Credit card (automatic),90.12,5573.33,0
CUST-02744,Male,0,Yes,No,63,Yes,Yes,DSL,No,No,Yes,Yes,Yes,Yes,Two year,Yes,Electronic check,109.52,6937.82,0
CUST-02745,Female,0,No,No,8,Yes,No,Fiber optic,Yes,Yes,No,No,Yes,No,Month-to-month,Yes,Bank transfer (automatic),85.86,707.92,1
CUST-02746,Female,0,Yes,Yes,43,No,No phone service,DSL,Yes,No,No,No,No,No,Month-to-month,Yes,Bank transfer (automatic),41.35,1887.55,0
CUST-02747,Female,0,Yes,No,62,Yes,Yes,DSL,No,No,Yes,No,No,No,Month-to-month,Yes,Credit card (automatic),95.15,5850.59,0
CUST-02748,Male,0,No,Yes,39,Yes,No,Fiber optic,Yes,No,No,No,No,Yes,Month-to-month,No,Bank transfer (automatic),36.54,1426.31,0
CUST-02749,Female,0,Yes,Yes,40,Yes,Yes,DSL,No,No,Yes,No,Yes,No,One year,Yes,Electronic check,56.26,2278.51,0
CUST-02750,Female,0,Yes,No,71,Yes,Yes,DSL,No,No,No,Yes,No,No,Month-to-month,Yes,Mailed check,105.69,7450.64,0
CUST-02751,Male,0,Yes,No,49,No,No phone service,Fiber optic,No,No,No,No,No,No,Two year,No,Electronic check,101.4,4935.4,0
CUST-02752,Female,0,Yes,Yes,19,Yes,No,Fiber optic,No,No,No,Yes,Yes,No,Month-to-month,Yes,Mailed check,49.04,981.59,0
CUST-02753,Male,0,Yes,No,69,Yes,Yes,DSL,No,Yes,No,Yes,No,Yes,Month-to-month,Yes,Mailed check,51.09,3500.39,0
CUST-02754,Male,0,Yes,No,41,Yes,Yes,DSL,No,No,No,No,No,No,Month-to-month,Yes,Electronic check,76.35,3173.94,1
CUST-02755,Female,0,No,Yes,32,Yes,No,Fiber optic,No,No,No,Yes,Yes,No,Two year,No,Bank transfer (automatic),118.75,3768.52,0
CUST-02756,Male,0,No,No,62,Yes,Yes,No,No internet service,No internet service,No internet service,No internet service,No internet service,No internet service,Month-to-month,Yes,Electronic check,92.63,5844.06,1
CUST-02757,Male,0,Yes,No,56,Yes,Yes,Fiber optic,No,No,No,No,Yes,No,One year,Yes,Credit card (automatic),118.75,6532.87,0
CUST-02758,Female,1,No,No,64,Yes,No,Fiber optic,No,No,No,No,Yes,Yes,One year,No,Electronic check,74.77,4835.71,0
CUST-02759,Female,1,Yes,Yes,51,Yes,No,DSL,No,Yes,No,Yes,Yes,No,Month-to-month,Yes,Mailed check,99.17,5070.21,0
CUST-02760,Male,0,Yes,Yes,5,Yes,Yes,DSL,No,Yes,No,No,Yes,Yes,Month-to-month,No,Credit card (automatic),62.8,237.47,0
CUST-02761,Male,0,Yes,No,6,Yes,No,No,No internet service,No internet service,No internet service,No internet service,No internet service,No internet service,Month-to-month,Yes,Credit card (automatic),50.83,293.83,0
CUST-02762,Male,0,No,No,8,Yes,Yes,DSL,Yes,No,No,No,No,No,One year,No,Mailed check,47.32,282.23,0
CUST-02763,Female,0,Yes,No,60,Yes,Yes,Fiber optic,Yes,Yes,No,No,Yes,No,Month-to-month,Yes,Mailed check,87.17,5247.82,0
CUST-02764,Male,0,No,No,33,Yes,No,No,No internet service,No internet service,No internet service,No internet service,No internet service,No internet service,Month-to-month,Yes,Mailed check,106.95,3499.51,1
CUST-02765,Male,0,No,Yes,34,No,No phone service,Fiber optic,Yes,Yes,No,No,Yes,No,One year,No,Credit card (automatic),66.56,2165.55,0
CUST-02766,Female,0,No,No,19,Yes,Yes,Fiber optic,No,No,Yes,Yes,No,Yes,Two year,Yes,Electronic check,108.17,2063.51,1
CUST-02767,Female,0,No,Yes,57,Yes,Yes,Fiber optic,No,No,No,No,No,Yes,One year,Yes,Electronic check,118.75,6775.99,1
CUST-02768,Male,0,No,No,59,Yes,Yes,DSL,No,No,No,No,No,Yes,Month-to-month,No,Mailed check,99.89,5998.86,0
CUST-02769,Female,0,Yes,No,53,Yes,Yes,No,No internet service,No internet service,No internet service,No internet service,No internet service,No internet service,Month-to-month,Yes,Mailed check,85.53,4574.49,0
CUST-02770,Female,0,Yes,No,34,Yes,No,No,No internet service,No internet service,No internet service,No internet service,No internet service,No internet service,Month-to-month,Yes,Electronic check,57.96,1851.27,0
CUST-02771,Male,0,No,No,46,Yes,No,DSL,No,No,No,No,No,No,Month-to-month,Yes,Mailed check,108.96,4985.74,1
CUST-02772,Male,0,No,No,45,Yes,No,No,No internet service,No internet service,No internet service,No internet service,No internet service,No internet service,Month-to-month,No,Electronic check,47.73,2203.09,0
CUST-02773,Female,0,Yes,Yes,3,Yes,No,Fiber optic,No,Yes,Yes,No,No,No,One year,Yes,Electronic check,85.6,175.46,1
CUST-02774,Male,0,Yes,Yes,9,Yes,No,Fiber optic,Yes,No,No,Yes,Yes,No,One year,Yes,Credit card (automatic),39.02,312.6,0
CUST-02775,Female,0,Yes,No,39,Yes,Yes,DSL,No,Yes,No,No,No,Yes,Two year,Yes,Mailed check,48.98,1910.31,0
CUST-02776,Male,0,Yes,No,54,Yes,No,Fiber optic,No,No,No,No,Yes,No,Month-to-month,Yes,Electronic check,75.97,4075.98,1
CUST-02777,Male,0,Yes,No,72,Yes,No,DSL,No,No,No,Yes,No,Yes,Month-to-month,Yes,Credit card (automatic),97.6,7106.76,0
CUST-02778,Male,0,No,Yes,39,No,No phone service,Fiber optic,No,No,No,Yes,Yes,No,Month-to-month,Yes,Electronic check,100.54,3930.22,1
CUST-02779,Male,1,No,No,22,Yes,No,DSL,Yes,No,No,No,No,Yes,Two year,Yes,Electronic check,73.16,1611.19,0
CUST-02780,Male,0,Yes,No,14,Yes,No,Fiber optic,No,No,No,No,Yes,Yes,One year,Yes,Credit card (automatic),61.51,815.3,0
CUST-02781,Male,0,No,Yes,4,Yes,Yes,Fiber optic,Yes,No,Yes,No,No,Yes,Month-to-month,Yes,Electronic check,50.8,148.08,1
CUST-02782,Female,0,No,No,39,Yes,Yes,No,No internet service,No internet service,No internet service,No internet service,No internet service,No internet service,Month-to-month,Yes,Credit card (automatic),92.92,3629.08,0
CUST-02783,Female,1,Yes,No,17,Yes,No,DSL,No,Yes,No,Yes,No,No,Month-to-month,No,Bank transfer (automatic),88.9,1507.29,0
CUST-02784,Female,0,Yes,Yes,20,Yes,No,No,No internet service,No internet service,No internet service,No internet service,No internet service,No internet service,Two year,No,Mailed check,77.22,1483.54,0
CUST-02785,Female,1,No,Yes,2,Yes,No,Fiber optic,Yes,Yes,No,No,No,No,Month-to-month,Yes,Bank transfer (automatic),77.82,167.34,1
CUST-02786,Male,0,No,Yes,45,Yes,Yes,No,No internet service,No internet service,No internet service,No internet service,No internet service,No internet service,Month-to-month,Yes,Mailed check,116.29,5235.92,1
CUST-02787,Female,0,Yes,Yes,52,Yes,No,Fiber optic,No,No,No,No,No,Yes,Month-to-month,No,Bank transfer (automatic),102.64,5321.87,1
CUST-02788,Male,1,No,No,19,No,No phone service,No,No internet service,No internet service,No internet service,No internet service,No internet service,No internet service,Month-to-month,No,Electronic check,37.26,767.57,0
CUST-02789,Female,0,Yes,Yes,58,Yes,Yes,Fiber optic,Yes,Yes,No,No,Yes,Yes,Two year,No,Credit card (automatic),100.24,5813.3,0
CUST-02790,Female,0,Yes,Yes,20,Yes,Yes,Fiber optic,No,Yes,No,Yes,Yes,Yes,Month-to-month,Yes,Credit card (automatic),107.31,2134.3,0
CUST-02791,Female,0,Yes,No,50,Yes,No,DSL,No,No,No,No,No,No,Month-to-month,Yes,Mailed check,56.45,2879.06,0
CUST-02792,Female,0,Yes,No,24,Yes,Yes,No,No internet service,No internet service,No internet service,No internet service,No internet service,No internet service,Month-to-month,Yes,Electronic check,97.04,2321.41,1
CUST-02793,Female,0,No,No,67,Yes,Yes,No,No internet service,No internet service,No internet service,No internet service,No internet service,No internet service,Month-to-month,No,Electronic check,118.75,7936.18,1
CUST-02794,Male,0,No,No,9,Yes,Yes,Fiber optic,No,No,Yes,Yes,Yes,No,One year,Yes,Electronic check,83.31,691.28,0
CUST-02795,Male,0,Yes,No,66,No,No phone service,DSL,No,No,No,No,Yes,No,Month-to-month,Yes,Electronic check,73.27,4838.85,0
CUST-02796,Female,0,No,Yes,8,Yes,Yes,Fiber optic,Yes,Yes,No,No,No,No,One year,No,Electronic check,68.59,595.34,0
CUST-02797,Male,1,No,No,28,Yes,No,No,No internet service,No internet service,No internet service,No internet service,No internet service,No internet service,One year,No,Bank transfer (automatic),77.17,2139.91,0
CUST-02798,Female,0,Yes,No,36,Yes,No,DSL,No,No,Yes,Yes,No,No,Month-to-month,No,Mailed check,35.57,1214.05,0
CUST-02799,Female,0,No,No,70,Yes,No,No,No internet service,No internet service,No internet service,No internet service,No internet service,No internet service,One year,Yes,Credit card (automatic),39.14,2790.35,0
CUST-02800,Male,0,Yes,No,37,Yes,No,DSL,Yes,No,No,Yes,No,No,Month-to-month,No,Mailed check,81.9,3082.81,0
CUST-02801,Female,0,No,No,71,Yes,Yes,No,No internet service,No internet service,No internet service,No internet service,No internet service,No internet service,Month-to-month,No,Electronic check,78.64,5612.69,0
CUST-02802,Female,0,Yes,No,58,No,No phone service,Fiber optic,No,No,No,No,No,Yes,Month-to-month,No,Electronic check,94.63,5493.35,1
CUST-02803,Female,1,No,Yes,56,Yes,Yes,DSL,Yes,Yes,No,Yes,Yes,Yes,Month-to-month,Yes,Bank transfer (automatic),70.72,3981.33,0
CUST-02804,Female,0,Yes,Yes,59,Yes,No,DSL,No,No,Yes,No,No,Yes,Month-to-month,No,Bank transfer (automatic),80.26,4657.83,0
CUST-02805,Female,0,No,No,27,No,No phone service,Fiber optic,No,No,Yes,Yes,Yes,Yes,Month-to-month,Yes,Bank transfer (automatic),97.51,2603.66,0
CUST-02806,Female,0,No,No,27,Yes,No,Fiber optic,Yes,No,No,No,No,Yes,One year,Yes,Electronic check,18.25,526.53,0
CUST-02807,Female,0,Yes,Yes,45,Yes,Yes,No,No internet service,No internet service,No internet service,No internet service,No internet service,No internet service,Month-to-month,Yes,Credit card (automatic),53.34,2417.22,0
CUST-02808,Male,1,Yes,No,70,Yes,Yes,Fiber optic,No,No,No,No,No,Yes,One year,No,Electronic check,66.63,4709.23,0
CUST-02809,Male,0,Yes,Yes,66,Yes,Yes,Fiber optic,No,No,No,No,No,Yes,Two year,No,Electronic check,75.2,5039.89,0
CUST-02810,Female,0,No,Yes,54,Yes,No,No,No internet service,No internet service,No internet service,No internet service,No internet service,No internet service,Month-to-month,No,Bank transfer (automatic),42.07,2210.02,0
CUST-02811,Male,0,Yes,No,37,Yes,No,Fiber optic,No,Yes,Yes,No,No,No,Month-to-month,Yes,Bank transfer (automatic),52.42,1963.72,0
CUST-02812,Female,0,No,Yes,17,Yes,No,No,No internet service,No internet service,No internet service,No internet service,No internet service,No internet service,Month-to-month,Yes,Mailed check,89.84,1514.36,1
CUST-02813,Female,0,Yes,Yes,62,Yes,Yes,No,No internet service,No internet service,No internet service,No internet service,No internet service,No internet service,Month-to-month,No,Electronic check,90.24,5572.56,0
CUST-02814,Male,0,Yes,Yes,4,No,No phone service,No,No internet service,No internet service,No internet service,No internet service,No internet service,No internet service,One year,Yes,Electronic check,18.25,196.59,0
CUST-02815,Female,0,Yes,No,43,Yes,No,DSL,No,No,No,No,No,Yes,Month-to-month,Yes,Electronic check,70.34,2946.11,0
CUST-02816,Female,0,Yes,Yes,28,Yes,Yes,Fiber optic,No,No,No,No,No,Yes,Month-to-month,Yes,Bank transfer (automatic),70.33,1960.14,1
CUST-02817,Female,0,No,No,13,Yes,Yes,Fiber optic,No,No,No,No,Yes,Yes,One year,Yes,Bank transfer (automatic),48.98,624.93,0
CUST-02818,Male,1,No,No,57,Yes,No,Fiber optic,No,No,No,No,No,Yes,One year,No,Bank transfer (automatic),74.37,4241.47,0
CUST-02819,Male,1,Yes,No,43,Yes,No,Fiber optic,Yes,No,Yes,No,No,No,Month-to-month,Yes,Bank transfer (automatic),85.79,3590.35,1
CUST-02820,Male,0,Yes,Yes,17,Yes,Yes,No,No internet service,No internet service,No internet service,No internet service,No internet service,No internet service,Month-to-month,Yes,Electronic check,90.24,1485.02,1
CUST-02821,Female,0,Yes,No,6,Yes,Yes,DSL,No,No,No,No,Yes,Yes,Month-to-month,Yes,Bank transfer (automatic),73.36,442.6,0
CUST-02822,Male,0,No,Yes,61,Yes,No,Fiber optic,No,No,No,No,No,No,Month-to-month,No,Electronic check,94.64,5703.27,0
CUST-02823,Female,0,Yes,No,44,Yes,Yes,DSL,No,No,No,Yes,Yes,Yes,Month-to-month,Yes,Mailed check,76.38,3408.39,0
CUST-02824,Male,0,No,No,15,Yes,Yes,DSL,Yes,Yes,No,No,No,No,One year,No,Bank transfer (automatic),18.25,302.73,0
CUST-02825,Male,0,No,Yes,63,Yes,No,Fiber optic,No,Yes,No,No,No,No,One year,No,Bank transfer (automatic),75.4,4670.84,0
CUST-02826,Female,1,Yes,No,36,Yes,No,DSL,No,No,No,No,Yes,No,One year,No,Electronic check,44.28,1582.56,0
CUST-02827,Female,1,No,Yes,24,Yes,No,DSL,No,No,No,No,Yes,Yes,One year,Yes,Electronic check,76.17,1846.86,0
CUST-02828,Male,0,Yes,Yes,8,Yes,No,Fiber optic,Yes,No,No,No,Yes,Yes,Month-to-month,Yes,Credit card (automatic),65.61,456.09,0
CUST-02829,Male,0,Yes,No,54,Yes,No,DSL,No,No,No,No,Yes,Yes,Month-to-month,No,Credit card (automatic),71.76,3796.17,0
CUST-02830,Male,0,Yes,No,27,Yes,No,DSL,No,No,No,Yes,Yes,Yes,Month-to-month,No,Electronic check,52.8,1377.72,0
CUST-02831,Female,0,Yes,Yes,8,No,No phone service,No,No internet service,No internet service,No internet service,No internet service,No internet service,No internet service,Two year,No,Mailed check,61.14,623.49,0
CUST-02832,Female,0,Yes,Yes,11,Yes,Yes,No,No internet service,No internet service,No internet service,No internet service,No internet service,No internet service,One year,Yes,Electronic check,79.2,925.92,0
CUST-02833,Male,0,Yes,Yes,17,Yes,Yes,DSL,No,No,No,No,No,No,Month-to-month,Yes,Bank transfer (automatic),49.53,811.58,0
CUST-02834,Male,1,Yes,No,55,Yes,Yes,DSL,Yes,No,No,Yes,Yes,Yes,Month-to-month,Yes,Bank transfer (automatic),62.11,3349.5,0
CUST-02835,Male,0,Yes,No,57,Yes,No,No,No internet service,No internet service,No internet service,No internet service,No internet service,No internet service,One year,Yes,Electronic check,34.1,1902.43,0
CUST-02836,Female,0,No,Yes,50,Yes,No,DSL,No,No,No,Yes,Yes,No,One year,No,Mailed check,83.92,4272.12,0
CUST-02837,Female,0,No,Yes,31,No,No phone service,Fiber optic,No,No,No,Yes,No,No,One year,Yes,Bank transfer (automatic),42.4,1416.09,0
CUST-02838,Male,0,Yes,No,47,Yes,Yes,Fiber optic,Yes,No,No,No,No,No,Month-to-month,No,Electronic check,77.22,3588.75,0
CUST-02839,Female,0,Yes,No,7,Yes,Yes,Fiber optic,No,No,No,No,No,Yes,Month-to-month,Yes,Bank transfer (automatic),88.63,635.96,1
CUST-02840,Male,1,Yes,No,29,Yes,Yes,No,No internet service,No internet service,No internet service,No internet service,No internet service,No internet service,Month-to-month,No,Electronic check,105.81,3055.38,1
CUST-02841,Male,0,No,No,25,Yes,No,Fiber optic,Yes,No,No,No,Yes,No,Two year,No,Credit card (automatic),65.44,1699.52,0
CUST-02842,Female,0,No,Yes,23,Yes,No,Fiber optic,Yes,Yes,No,No,No,No,Two year,No,Electronic check,88.81,1987.93,0
CUST-02843,Female,0,Yes,No,26,Yes,Yes,Fiber optic,No,Yes,No,Yes,Yes,No,Month-to-month,Yes,Electronic check,73.43,1958.13,1
CUST-02844,Female,0,Yes,No,38,No,No phone service,No,No internet service,No internet service,No internet service,No internet service,No internet service,No internet service,One year,Yes,Electronic check,28.47,1014.85,0
CUST-02845,Female,0,Yes,No,65,Yes,Yes,No,No internet service,No internet service,No internet service,No internet service,No internet service,No internet service,Month-to-month,No,Credit card (automatic),41.87,2768.94,0
CUST-02846,Male,0,Yes,Yes,50,Yes,No,Fiber optic,No,Yes,No,Yes,No,No,Month-to-month,No,Mailed check,98.13,4863.96,0
CUST-02847,Female,0,No,No,72,Yes,No,No,No internet service,No internet service,No internet service,No internet service,No internet service,No internet service,Month-to-month,Yes,Mailed check,108.94,7827.96,0
CUST-02848,Male,0,No,No,49,Yes,No,DSL,No,No,No,Yes,Yes,No,One year,No,Electronic check,23.83,1135.4,0
CUST-02849,Female,0,Yes,No,44,Yes,No,Fiber optic,Yes,No,Yes,No,No,Yes,Month-to-month,Yes,Electronic check,84.45,3813.86,0
CUST-02850,Male,0,Yes,No,32,Yes,No,DSL,Yes,No,No,No,No,No,One year,No,Bank transfer (automatic),81.17,2647.14,0
CUST-02851,Female,0,Yes,No,18,No,No phone service,DSL,No,Yes,No,No,No,No,Month-to-month,Yes,Electronic check,52.44,923.35,1
CUST-02852,Male,0,Yes,No,12,Yes,No,Fiber optic,No,No,No,No,No,No,Two year,Yes,Credit card (automatic),51.86,581.08,0
CUST-02853,Male,0,No,No,21,Yes,Yes,No,No internet service,No internet service,No internet service,No internet service,No internet service,No internet service,Two year,No,Mailed check,46.51,1042.39,0
CUST-02854,Female,0,No,No,19,Yes,No,Fiber optic,No,No,No,No,No,No,Two year,Yes,Electronic check,24.61,297.67,0
CUST-02855,Male,0,Yes,Yes,4,Yes,No,Fiber optic,No,No,Yes,No,Yes,No,Month-to-month,No,Electronic check,44.21,200.8,0
CUST-02856,Female,0,Yes,No,31,Yes,No,DSL,Yes,No,No,No,No,Yes,One year,No,Electronic check,91.71,2795.05,0
CUST-02857,Male,0,No,No,29,Yes,Yes,Fiber optic,No,Yes,No,Yes,No,No,One year,No,Electronic check,65.26,2005.25,0
CUST-02858,Male,0,No,No,25,Yes,Yes,Fiber optic,No,No,Yes,No,No,Yes,Month-to-month,No,Electronic check,91.82,2432.04,1
CUST-02859,Male,0,Yes,No,3,Yes,Yes,Fiber optic,No,No,Yes,Yes,No,No,Month-to-month,Yes,Mailed check,20.38,62.67,0
CUST-02860,Male,0,Yes,No,66,Yes,Yes,DSL,No,No,Yes,Yes,Yes,Yes,Two year,No,Credit card (automatic),90.16,5932.29,0
CUST-02861,Female,0,Yes,No,42,No,No phone service,Fiber optic,No,No,No,Yes,No,Yes,One year,No,Electronic check,95.27,4004.74,0
CUST-02862,Male,0,No,Yes,29,Yes,No,Fiber optic,No,No,No,No,No,Yes,Month-to-month,No,Bank transfer (automatic),18.25,498.17,0
CUST-02863,Female,0,No,Yes,15,No,No phone service,Fiber optic,No,No,No,No,No,No,Month-to-month,Yes,Mailed check,58.91,843.93,0
CUST-02864,Female,0,Yes,Yes,70,No,No phone service,DSL,No,Yes,No,No,No,No,Month-to-month,No,Credit card (automatic),88.32,6194.13,0
CUST-02865,Male,0,No,No,38,No,No phone service,Fiber optic,No,No,Yes,No,Yes,No,Month-to-month,Yes,Bank transfer (automatic),107.85,4129.49,1
CUST-02866,Female,1,No,Yes,40,No,No phone service,Fiber optic,No,No,No,No,No,Yes,Two year,No,Electronic check,41.08,1649.86,0
CUST-02867,Female,0,Yes,Yes,30,Yes,Yes,Fiber optic,Yes,No,Yes,Yes,Yes,Yes,Month-to-month,No,Credit card (automatic),108.85,3280.01,0
CUST-02868,Female,0,Yes,Yes,48,Yes,No,Fiber optic,No,No,No,Yes,Yes,No,Month-to-month,Yes,Electronic check,87.63,4174.61,0
CUST-02869,Male,0,No,No,12,Yes,Yes,No,No internet service,No internet service,No internet service,No internet service,No internet service,No internet service,Month-to-month,Yes,Electronic check,46.6,512.51,1
CUST-02870,Male,0,No,No,40,Yes,No,Fiber optic,Yes,No,No,No,Yes,Yes,Two year,Yes,Credit card (automatic),100.37,3967.62,0
CUST-02871,Female,0,No,Yes,27,Yes,No,DSL,No,No,No,No,No,No,Two year,Yes,Electronic check,118.75,3244.85,1
CUST-02872,Female,0,No,No,63,Yes,No,Fiber optic,No,Yes,No,No,No,Yes,Month-to-month,Yes,Bank transfer (automatic),70.36,4436.66,0
CUST-02873,Female,1,Yes,No,18,Yes,Yes,Fiber optic,No,No,Yes,No,Yes,No,One year,Yes,Credit card (automatic),62.05,1126.98,0
CUST-02874,Male,1,Yes,Yes,71,Yes,Yes,DSL,No,Yes,No,Yes,Yes,Yes,Two year,No,Bank transfer (automatic),56.06,3997.33,0
CUST-02875,Female,0,No,No,24,No,No phone service,Fiber optic,Yes,No,No,Yes,No,No,Month-to-month,No,Bank transfer (automatic),118.75,2847.11,0
CUST-02876,Male,0,Yes,No,37,Yes,No,DSL,No,No,No,No,Yes,No,Month-to-month,Yes,Bank transfer (automatic),56.9,2110.72,0
CUST-02877,Female,0,No,Yes,2,Yes,No,DSL,Yes,No,Yes,No,No,Yes,Month-to-month,Yes,Mailed check,46.06,156.91,0
CUST-02878,Male,0,No,Yes,1,Yes,Yes,Fiber optic,No,No,No,No,Yes,No,Month-to-month,No,Credit card (automatic),54.54,93.39,0
CUST-02879,Female,0,No,No,4,Yes,No,Fiber optic,No,No,No,Yes,No,Yes,Month-to-month,Yes,Mailed check,55.25,212.38,0
CUST-02880,Male,0,Yes,No,60,Yes,Yes,No,No internet service,No internet service,No internet service,No internet service,No internet service,No internet service,One year,No,Bank transfer (automatic),63.87,3808.59,0
CUST-02881,Male,0,No,Yes,19,Yes,No,DSL,No,No,No,Yes,No,Yes,Two year,No,Bank transfer (automatic),52.92,1056.84,0
CUST-02882,Female,0,No,No,37,Yes,Yes,No,No internet service,No internet service,No internet service,No internet service,No internet service,No internet service,One year,Yes,Mailed check,57.24,2134.52,0
CUST-02883,Male,0,No,No,35,Yes,Yes,Fiber optic,No,No,No,No,No,Yes,Month-to-month,No,Credit card (automatic),78.44,2730.0,0
CUST-02884,Male,1,Yes,No,45,Yes,No,No,No internet service,No internet service,No internet service,No internet service,No internet service,No internet service,Month-to-month,Yes,Electronic check,109.99,4884.98,1
CUST-02885,Male,0,Yes,Yes,36,Yes,No,Fiber optic,Yes,No,Yes,No,Yes,No,Month-to-month,Yes,Mailed check,50.2,1891.9,0
CUST-02886,Female,0,Yes,No,53,Yes,Yes,Fiber optic,Yes,No,No,No,Yes,No,Month-to-month,No,Bank transfer (automatic),44.79,2317.52,0
CUST-02887,Female,0,Yes,No,20,Yes,No,DSL,No,Yes,Yes,Yes,Yes,No,Month-to-month,No,Electronic check,80.94,1633.02,0
CUST-02888,Male,0,Yes,No,20,No,No phone service,Fiber optic,No,No,Yes,No,No,Yes,Month-to-month,No,Credit card (automatic),86.1,1813.26,1
CUST-02889,Female,0,No,No,69,Yes,No,Fiber optic,No,No,No,No,No,No,Month-to-month,No,Credit card (automatic),118.11,8132.53,0
CUST-02890,Female,0,No,No,59,Yes,No,DSL,No,No,No,No,No,Yes,Month-to-month,No,Electronic check,113.41,6688.92,1
CUST-02891,Male,0,No,No,35,No,No phone service,Fiber optic,No,No,No,No,No,No,Month-to-month,No,Electronic check,35.23,1275.74,0
CUST-02892,Female,0,Yes,No,10,No,No phone service,Fiber optic,No,No,Yes,No,No,No,One year,Yes,Bank transfer (automatic),21.45,154.84,0
CUST-02893,Female,0,Yes,No,30,Yes,No,Fiber optic,No,No,Yes,No,No,Yes,One year,No,Electronic check,88.3,2565.51,0
CUST-02894,Female,0,No,No,36,Yes,No,Fiber optic,Yes,Yes,No,No,No,No,One year,No,Credit card (automatic),88.46,3166.7,0
CUST-02895,Male,0,Yes,Yes,59,Yes,No,DSL,No,No,Yes,No,No,No,Month-to-month,No,Electronic check,115.24,6803.2,1
CUST-02896,Female,1,Yes,No,60,Yes,No,DSL,Yes,No,Yes,Yes,Yes,Yes,Month-to-month,No,Credit card (automatic),88.15,5292.47,0
CUST-02897,Female,0,Yes,Yes,66,Yes,No,Fiber optic,No,No,No,Yes,Yes,Yes,Month-to-month,No,Mailed check,65.1,4367.46,0
CUST-02898,Male,0,No,No,28,Yes,Yes,DSL,No,Yes,No,No,No,No,Month-to-month,Yes,Mailed check,99.87,2749.06,0
CUST-02899,Male,0,No,No,66,Yes,No,DSL,No,No,No,Yes,No,No,Month-to-month,No,Electronic check,53.05,3494.11,0
CUST-02900,Male,1,Yes,No,70,Yes,No,No,No internet service,No internet service,No internet service,No internet service,No internet service,No internet service,Month-to-month,Yes,Credit card (automatic),118.75,8387.86,1
CUST-02901,Male,0,No,Yes,66,Yes,Yes,DSL,No,Yes,No,No,No,No,One year,No,Electronic check,85.98,5660.79,0
CUST-02902,Female,0,Yes,No,15,No,No phone service,Fiber optic,No,Yes,No,No,No,No,One year,No,Electronic check,53.65,904.1,0
CUST-02903,Male,0,Yes,No,44,Yes,No,No,No internet service,No internet service,No internet service,No internet service,No internet service,No internet service,Month-to-month,Yes,Electronic check,53.95,2362.09,0
CUST-02904,Male,0,No,Yes,33,Yes,No,Fiber optic,Yes,No,No,No,No,No,Month-to-month,No,Mailed check,79.46,2587.48,0
CUST-02905,Female,0,No,No,43,Yes,Yes,No,No internet service,No internet service,No internet service,No internet service,No internet service,No internet service,Month-to-month,No,Electronic check,73.98,3179.18,0
CUST-02906,Male,1,No,No,41,Yes,Yes,No,No internet service,No internet service,No internet service,No internet service,No internet service,No internet service,Month-to-month,No,Mailed check,72.27,2976.05,0
CUST-02907,Female,0,No,No,34,Yes,No,No,No internet service,No internet service,No internet service,No internet service,No internet service,No internet service,Month-to-month,Yes,Credit card (automatic),41.97,1406.4,0
CUST-02908,Male,0,No,No,29,Yes,Yes,Fiber optic,Yes,No,Yes,No,No,Yes,Month-to-month,No,Mailed check,69.98,2049.33,0
CUST-02909,Male,0,No,No,52,Yes,No,Fiber optic,Yes,Yes,No,No,No,No,One year,Yes,Electronic check,97.89,5082.82,0
CUST-02910,Male,0,No,No,57,Yes,No,Fiber optic,No,Yes,Yes,Yes,No,No,Two year,Yes,Electronic check,59.05,3429.32,0
CUST-02911,Male,1,No,Yes,27,Yes,No,No,No internet service,No internet service,No internet service,No internet service,No internet service,No internet service,Month-to-month,No,Electronic check,80.16,2189.71,1
CUST-02912,Male,0,No,Yes,14,Yes,Yes,No,No internet service,No internet service,No internet service,No internet service,No internet service,No internet service,Month-to-month,Yes,Credit card (automatic),99.92,1399.42,0
CUST-02913,Female,0,No,No,37,Yes,Yes,No,No internet service,No internet service,No internet service,No internet service,No internet service,No internet service,One year,No,Electronic check,90.89,3347.1,0
CUST-02914,Female,0,Yes,No,49,Yes,No,Fiber optic,No,No,No,No,Yes,No,Month-to-month,No,Electronic check,46.56,2321.58,0
CUST-02915,Male,0,No,Yes,12,Yes,No,Fiber optic,Yes,No,Yes,Yes,No,No,Two year,Yes,Credit card (automatic),79.7,957.96,0
CUST-02916,Female,0,Yes,Yes,34,Yes,Yes,DSL,No,No,No,No,No,No,Month-to-month,Yes,Mailed check,111.35,3763.28,1
CUST-02917,Female,0,Yes,No,23,Yes,Yes,DSL,No,No,No,No,No,Yes,One year,Yes,Mailed check,85.63,1933.33,0
CUST-02918,Female,0,No,No,64,Yes,No,Fiber optic,No,No,No,No,No,Yes,Month-to-month,Yes,Credit card (automatic),108.39,6971.93,1
CUST-02919,Male,0,Yes,Yes,17,Yes,No,DSL,No,No,No,No,No,Yes,One year,No,Mailed check,96.86,1623.04,0
CUST-02920,Male,0,Yes,No,57,Yes,No,DSL,No,No,No,Yes,Yes,No,Month-to-month,No,Electronic check,49.46,2804.22,0
CUST-02921,Male,0,No,Yes,25,Yes,Yes,No,No internet service,No internet service,No internet service,No internet service,No internet service,No internet service,Month-to-month,Yes,Bank transfer (automatic),117.98,2977.16,1
CUST-02922,Female,0,Yes,No,28,Yes,Yes,DSL,No,No,No,Yes,Yes,Yes,Two year,No,Electronic check,105.23,2999.98,0
CUST-02923,Female,0,Yes,No,71,No,No phone service,No,No internet service,No internet service,No internet service,No internet service,No internet service,No internet service,One year,Yes,Mailed check,72.78,5197.14,0
CUST-02924,Male,0,No,No,43,Yes,Yes,DSL,Yes,Yes,No,No,Yes,No,Two year,Yes,Bank transfer (automatic),108.37,4702.55,0
CUST-02925,Male,1,Yes,No,4,Yes,No,No,No internet service,No internet service,No internet service,No internet service,No internet service,No internet service,Month-to-month,Yes,Credit card (automatic),67.36,304.92,0
CUST-02926,Female,0,Yes,No,32,No,No phone service,Fiber optic,Yes,No,No,No,Yes,Yes,One year,No,Bank transfer (automatic),72.21,2311.14,0
CUST-02927,Female,1,Yes,Yes,4,Yes,Yes,DSL,No,No,Yes,Yes,No,No,Month-to-month,Yes,Mailed check,48.21,212.57,0
CUST-02928,Female,1,Yes,Yes,35,Yes,No,Fiber optic,No,Yes,Yes,Yes,No,Yes,Month-to-month,Yes,Electronic check,48.99,1805.94,1
CUST-02929,Female,0,No,No,12,Yes,No,No,No internet service,No internet service,No internet service,No internet service,No internet service,No internet service,One year,Yes,Bank transfer (automatic),75.4,895.0,0
CUST-02930,Male,0,No,No,24,Yes,No,Fiber optic,No,Yes,No,No,No,No,Month-to-month,Yes,Electronic check,67.0,1553.38,1
CUST-02931,Female,0,Yes,No,57,Yes,No,Fiber optic,No,Yes,No,No,Yes,Yes,Month-to-month,No,Mailed check,40.74,2195.86,0
CUST-02932,Female,0,No,No,1,Yes,No,No,No internet service,No internet service,No internet service,No internet service,No internet service,No internet service,Month-to-month,Yes,Bank transfer (automatic),78.89,175.67,1
CUST-02933,Male,0,No,No,35,Yes,No,DSL,No,No,No,No,No,Yes,Month-to-month,No,Bank transfer (automatic),87.62,3165.74,0
CUST-02934,Female,0,Yes,Yes,24,Yes,Yes,No,No internet service,No internet service,No internet service,No internet service,No internet service,No internet service,Month-to-month,Yes,Electronic check,80.81,1889.9,1
CUST-02935,Female,0,No,No,33,Yes,Yes,DSL,No,No,Yes,No,Yes,No,One year,Yes,Mailed check,81.84,2765.02,0
CUST-02936,Male,0,No,No,11,Yes,No,Fiber optic,Yes,Yes,Yes,No,Yes,No,Month-to-month,No,Electronic check,81.72,950.55,1
CUST-02937,Female,0,No,No,18,Yes,No,DSL,No,Yes,No,No,Yes,Yes,One year,Yes,Electronic check,76.66,1411.94,0
CUST-02938,Female,0,Yes,No,36,Yes,Yes,Fiber optic,Yes,No,Yes,No,No,Yes,Month-to-month,No,Electronic check,83.73,3039.44,0
CUST-02939,Female,0,Yes,No,0,Yes,No,DSL,No,No,No,Yes,No,Yes,Month-to-month,No,Credit card (automatic),82.64,0.0,0
CUST-02940,Male,0,Yes,No,59,Yes,Yes,DSL,No,No,Yes,No,No,No,One year,No,Bank transfer (automatic),63.56,3756.51,0
CUST-02941,Male,0,Yes,No,66,Yes,No,Fiber optic,Yes,Yes,Yes,Yes,No,No,One year,No,Credit card (automatic),47.52,3153.72,0
CUST-02942,Female,0,No,No,48,Yes,No,Fiber optic,No,Yes,No,No,No,No,Month-to-month,No,Mailed check,84.65,4066.69,0
CUST-02943,Male,1,Yes,No,45,No,No phone service,Fiber optic,No,No,No,No,No,Yes,One year,No,Electronic check,80.04,3599.06,0
CUST-02944,Female,0,No,No,47,Yes,No,Fiber optic,No,Yes,No,No,No,Yes,One year,Yes,Electronic check,87.85,4193.97,0
CUST-02945,Female,0,Yes,No,67,Yes,No,DSL,No,No,No,Yes,Yes,Yes,Two year,Yes,Electronic check,107.76,7270.7,0
CUST-02946,Male,0,Yes,No,18,Yes,Yes,No,No internet service,No internet service,No internet service,No internet service,No internet service,No internet service,One year,No,Bank transfer (automatic),71.64,1333.23,0
CUST-02947,Female,0,No,No,39,Yes,No,Fiber optic,Yes,No,Yes,No,No,No,One year,Yes,Electronic check,72.09,2858.13,0
CUST-02948,Female,0,Yes,No,5,Yes,Yes,DSL,Yes,No,No,No,No,No,Two year,Yes,Electronic check,82.4,423.47,0
CUST-02949,Male,1,No,No,62,Yes,No,Fiber optic,No,No,No,No,Yes,Yes,Month-to-month,Yes,Credit card (automatic),53.1,3350.5,0
CUST-02950,Female,0,Yes,Yes,34,Yes,No,Fiber optic,No,Yes,Yes,No,Yes,No,One year,No,Electronic check,75.77,2516.27,0
CUST-02951,Female,1,Yes,No,71,Yes,No,DSL,No,No,No,No,Yes,Yes,Month-to-month,Yes,Mailed check,77.3,5491.78,0
CUST-02952,Female,0,No,No,60,No,No phone service,DSL,No,No,No,No,Yes,No,Two year,Yes,Electronic check,100.25,6050.4,0
CUST-02953,Female,0,No,Yes,4,Yes,No,No,No internet service,No internet service,No internet service,No internet service,No internet service,No internet service,Month-to-month,No,Credit card (automatic),59.09,263.53,0
CUST-02954,Male,0,Yes,No,36,Yes,Yes,Fiber optic,No,No,Yes,No,Yes,No,One year,No,Bank transfer (automatic),77.27,2800.44,0
CUST-02955,Female,1,Yes,No,10,Yes,No,Fiber optic,Yes,No,No,No,Yes,No,Month-to-month,Yes,Mailed check,67.5,721.35,1
CUST-02956,Female,0,No,No,39,No,No phone service,No,No internet service,No internet service,No internet service,No internet service,No internet service,No internet service,One year,No,Credit card (automatic),18.25,783.8,0
CUST-02957,Female,0,No,No,64,Yes,Yes,DSL,No,Yes,Yes,No,No,Yes,Month-to-month,Yes,Bank transfer (automatic),65.69,4150.98,0
CUST-02958,Female,0,No,No,7,Yes,Yes,Fiber optic,Yes,No,No,Yes,No,Yes,One year,No,Bank transfer (automatic),70.76,510.34,0
CUST-02959,Male,0,Yes,Yes,10,No,No phone service,DSL,No,No,No,No,No,Yes,Month-to-month,Yes,Credit card (automatic),49.1,454.88,0
CUST-02960,Female,0,No,No,70,Yes,No,DSL,No,No,No,No,No,No,Month-to-month,Yes,Electronic check,76.67,5420.4,0
CUST-02961,Male,1,Yes,Yes,57,Yes,Yes,DSL,No,No,No,No,No,Yes,Month-to-month,No,Electronic check,111.39,6385.43,1
CUST-02962,Male,0,Yes,Yes,47,Yes,Yes,Fiber optic,Yes,Yes,No,Yes,No,No,Month-to-month,Yes,Mailed check,100.61,4680.15,0
CUST-02963,Male,0,No,No,12,Yes,No,DSL,No,Yes,No,No,No,No,Month-to-month,Yes,Mailed check,25.02,299.91,0
CUST-02964,Female,0,Yes,No,59,No,No phone service,Fiber optic,No,No,No,No,No,Yes,Month-to-month,Yes,Credit card (automatic),97.18,5658.56,1
CUST-02965,Female,0,Yes,No,48,Yes,No,No,No internet service,No internet service,No internet service,No internet service,No internet service,No internet service,Month-to-month,Yes,Electronic check,90.71,4401.57,1
CUST-02966,Female,0,Yes,No,66,Yes,No,No,No internet service,No internet service,No internet service,No internet service,No internet service,No internet service,Two year,No,Mailed check,76.84,5044.65,0
CUST-02967,Female,0,Yes,No,6,Yes,No,DSL,Yes,No,Yes,No,No,Yes,Month-to-month,No,Mailed check,18.25,52.99,0
CUST-02968,Female,0,No,No,24,Yes,No,DSL,No,No,No,No,No,Yes,One year,Yes,Mailed check,92.9,2212.32,0
CUST-02969,Female,0,No,No,22,Yes,No,Fiber optic,No,No,No,No,Yes,Yes,Month-to-month,No,Electronic check,62.32,1400.23,1
CUST-02970,Female,1,Yes,Yes,50,Yes,No,Fiber optic,No,No,No,Yes,Yes,No,Two year,No,Electronic check,82.22,4125.34,0
CUST-02971,Male,1,Yes,Yes,46,Yes,Yes,No,No internet service,No internet service,No internet service,No internet service,No internet service,No internet service,One year,No,Electronic check,52.19,2376.28,0
CUST-02972,Male,0,No,No,4,Yes,No,No,No internet service,No internet service,No internet service,No internet service,No internet service,No internet service,One year,Yes,Bank transfer (automatic),52.0,202.75,0
CUST-02973,Female,0,No,Yes,12,Yes,No,Fiber optic,No,No,No,No,No,No,Month-to-month,Yes,Mailed check,95.07,1126.25,1
CUST-02974,Female,1,Yes,No,41,Yes,Yes,DSL,No,No,Yes,No,Yes,No,Two year,Yes,Electronic check,116.26,4719.96,0
CUST-02975,Male,0,No,No,4,Yes,No,No,No internet service,No internet service,No internet service,No internet service,No internet service,No internet service,Month-to-month,Yes,Bank transfer (automatic),59.88,146.24,0
CUST-02976,Male,0,No,Yes,22,Yes,No,No,No internet service,No internet service,No internet service,No internet service,No internet service,No internet service,One year,No,Bank transfer (automatic),110.88,2439.04,0
CUST-02977,Female,1,Yes,No,61,Yes,No,Fiber optic,Yes,No,No,No,Yes,Yes,One year,Yes,Electronic check,67.75,4162.0,0
CUST-02978,Male,0,Yes,Yes,0,No,No phone service,Fiber optic,No,No,Yes,Yes,No,No,Two year,Yes,Bank transfer (automatic),58.98,0.0,0
CUST-02979,Female,0,Yes,No,53,Yes,No,Fiber optic,No,No,No,No,No,Yes,Month-to-month,Yes,Electronic check,41.92,2324.25,0
CUST-02980,Female,0,No,No,71,Yes,Yes,No,No internet service,No internet service,No internet service,No internet service,No internet service,No internet service,Month-to-month,Yes,Credit card (automatic),92.29,6522.8,0
CUST-02981,Male,0,Yes,No,2,Yes,Yes,DSL,Yes,No,Yes,No,No,No,Month-to-month,No,Credit card (automatic),65.39,128.69,0
CUST-02982,Male,0,Yes,Yes,63,Yes,No,No,No internet service,No internet service,No internet service,No internet service,No internet service,No internet service,Two year,No,Electronic check,75.27,4766.31,0
CUST-02983,Female,0,Yes,No,50,Yes,No,DSL,No,No,Yes,Yes,No,Yes,Month-to-month,Yes,Bank transfer (automatic),67.45,3394.54,0
CUST-02984,Female,0,No,Yes,1,Yes,No,No,No internet service,No internet service,No internet service,No internet service,No internet service,No internet service,Month-to-month,Yes,Electronic check,45.35,32.56,1
CUST-02985,Female,0,Yes,No,48,Yes,No,Fiber optic,No,Yes,Yes,No,No,Yes,Month-to-month,No,Credit card (automatic),92.31,4428.17,0
CUST-02986,Female,0,No,No,30,Yes,No,DSL,No,No,No,No,No,Yes,Month-to-month,No,Mailed check,72.63,2174.73,0
CUST-02987,Male,0,No,No,2,Yes,No,DSL,No,Yes,No,No,No,No,Month-to-month,Yes,Mailed check,90.48,215.12,1
CUST-02988,Female,0,Yes,No,34,Yes,Yes,Fiber optic,No,No,Yes,No,Yes,Yes,Two year,Yes,Bank transfer (automatic),51.12,1703.33,0
CUST-02989,Female,0,Yes,No,35,Yes,No,DSL,No,No,No,No,No,No,Month-to-month,No,Electronic check,80.84,2707.71,1
CUST-02990,Female,0,Yes,Yes,63,Yes,No,Fiber optic,Yes,No,Yes,No,Yes,No,Month-to-month,No,Mailed check,118.75,7464.09,0
CUST-02991,Male,0,No,Yes,31,Yes,No,DSL,Yes,Yes,No,Yes,No,No,Month-to-month,Yes,Electronic check,56.52,1836.51,0
CUST-02992,Female,0,Yes,No,17,Yes,Yes,DSL,No,No,Yes,Yes,Yes,No,One year,Yes,Bank transfer (automatic),60.25,1064.31,0
CUST-02993,Female,0,Yes,Yes,33,Yes,Yes,Fiber optic,Yes,No,Yes,No,No,Yes,One year,No,Bank transfer (automatic),62.17,1973.18,0
CUST-02994,Male,0,Yes,No,55,Yes,Yes,Fiber optic,No,Yes,No,Yes,Yes,Yes,One year,No,Credit card (automatic),51.57,2870.1,0
CUST-02995,Male,0,Yes,No,66,Yes,No,Fiber optic,No,No,Yes,No,No,Yes,One year,Yes,Mailed check,118.75,7847.92,0
CUST-02996,Female,0,No,No,52,Yes,No,Fiber optic,Yes,Yes,No,Yes,No,Yes,Two year,No,Bank transfer (automatic),19.63,1002.01,0
CUST-02997,Male,0,No,No,66,Yes,No,Fiber optic,Yes,Yes,No,No,Yes,Yes,Month-to-month,Yes,Electronic check,48.6,3153.69,0
CUST-02998,Male,0,No,No,65,Yes,Yes,Fiber optic,Yes,No,No,No,No,No,Two year,Yes,Bank transfer (automatic),90.73,5856.77,0
CUST-02999,Male,1,Yes,No,63,Yes,Yes,DSL,Yes,No,Yes,No,No,Yes,Month-to-month,Yes,Electronic check,60.49,3782.87,0
CUST-03000,Female,0,Yes,No,66,Yes,Yes,DSL,No,No,Yes,No,No,No,Month-to-month,No,Electronic check,78.4,5266.16,0
CUST-03001,Female,0,No,No,38,No,No phone service,DSL,No,No,No,No,Yes,No,Month-to-month,No,Bank transfer (automatic),74.56,2865.29,0
CUST-03002,Female,0,Yes,No,37,Yes,No,Fiber optic,No,Yes,No,No,Yes,No,Month-to-month,Yes,Electronic check,87.57,3204.61,1
CUST-03003,Male,0,No,No,39,Yes,No,Fiber optic,Yes,No,No,No,Yes,No,Month-to-month,Yes,Mailed check,77.46,2993.84,0
CUST-03004,Female,1,Yes,No,18,Yes,Yes,Fiber optic,No,Yes,No,Yes,No,No,Two year,No,Credit card (automatic),62.78,1128.17,0
CUST-03005,Female,0,Yes,No,4,No,No phone service,No,No internet service,No internet service,No internet service,No internet service,No internet service,No internet service,Month-to-month,Yes,Mailed check,73.79,273.5,0
CUST-03006,Female,0,No,Yes,68,Yes,Yes,DSL,No,No,Yes,No,Yes,Yes,One year,Yes,Mailed check,74.98,5099.42,0
CUST-03007,Female,0,No,No,13,Yes,Yes,Fiber optic,Yes,No,No,No,Yes,No,Two year,No,Mailed check,114.17,1476.92,0
CUST-03008,Male,0,No,No,48,Yes,No,DSL,No,No,No,No,No,Yes,Month-to-month,No,Credit card (automatic),62.28,2994.3,0
CUST-03009,Female,0,Yes,No,63,Yes,No,Fiber optic,Yes,Yes,No,No,Yes,Yes,Month-to-month,Yes,Mailed check,92.63,5735.77,0
CUST-03010,Male,0,Yes,Yes,56,Yes,No,Fiber optic,No,No,Yes,Yes,Yes,No,One year,Yes,Credit card (automatic),100.62,5674.73,0
CUST-03011,Female,0,No,No,34,Yes,No,No,No internet service,No internet service,No internet service,No internet service,No internet service,No internet service,Month-to-month,Yes,Electronic check,41.69,1389.45,0
CUST-03012,Male,0,No,No,4,Yes,Yes,No,No internet service,No internet service,No internet service,No internet service,No internet service,No internet service,One year,Yes,Mailed check,42.73,216.26,0
CUST-03013,Male,0,No,No,38,Yes,Yes,Fiber optic,No,Yes,Yes,No,No,No,Month-to-month,Yes,Mailed check,118.75,4622.3,1
CUST-03014,Male,0,Yes,No,23,Yes,Yes,No,No internet service,No internet service,No internet service,No internet service,No internet service,No internet service,Month-to-month,Yes,Bank transfer (automatic),56.27,1221.58,0
CUST-03015,Female,0,No,Yes,39,Yes,No,DSL,No,No,No,Yes,No,No,One year,Yes,Mailed check,75.72,2958.0,0
CUST-03016,Male,0,No,No,49,Yes,No,DSL,No,Yes,No,No,Yes,No,Two year,Yes,Mailed check,72.46,3529.54,0
CUST-03017,Female,0,No,No,57,Yes,No,No,No internet service,No internet service,No internet service,No internet service,No internet service,No internet service,Month-to-month,No,Mailed check,76.96,4406.46,0
CUST-03018,Male,0,No,No,0,Yes,Yes,No,No internet service,No internet service,No internet service,No internet service,No internet service,No internet service,One year,No,Mailed check,60.69,0.0,0
CUST-03019,Male,0,Yes,No,42,Yes,No,Fiber optic,No,No,No,No,No,Yes,Month-to-month,No,Credit card (automatic),78.86,3294.21,0
CUST-03020,Female,1,No,Yes,38,Yes,Yes,Fiber optic,No,Yes,No,Yes,No,No,Two year,Yes,Electronic check,54.96,2047.55,0
CUST-03021,Male,0,No,No,9,Yes,Yes,No,No internet service,No internet service,No internet service,No internet service,No internet service,No internet service,Month-to-month,Yes,Mailed check,65.66,672.29,0
CUST-03022,Male,1,No,Yes,1,Yes,Yes,DSL,No,No,Yes,No,Yes,No,Two year,No,Electronic check,20.86,113.83,0
CUST-03023,Female,0,No,No,62,Yes,No,DSL,No,Yes,No,No,No,No,Month-to-month,Yes,Electronic check,75.7,4679.09,0
CUST-03024,Male,0,No,No,15,Yes,No,Fiber optic,No,No,Yes,No,Yes,No,Two year,No,Electronic check,80.45,1149.39,0
CUST-03025,Male,0,No,No,36,Yes,No,DSL,No,Yes,No,No,Yes,No,Two year,Yes,Bank transfer (automatic),98.98,3521.35,0
CUST-03026,Male,0,Yes,No,15,Yes,Yes,Fiber optic,No,No,No,No,No,No,Two year,No,Bank transfer (automatic),100.77,1513.5,0
CUST-03027,Female,0,Yes,No,26,Yes,Yes,No,No internet service,No internet service,No internet service,No internet service,No internet service,No internet service,Two year,No,Electronic check,64.18,1598.61,0
CUST-03028,Female,0,Yes,No,62,Yes,Yes,DSL,Yes,No,Yes,No,No,No,Two year,No,Credit card (automatic),99.63,6203.01,0
CUST-03029,Female,0,Yes,No,63,Yes,Yes,No,No internet service,No internet service,No internet service,No internet service,No internet service,No internet service,Two year,No,Electronic check,49.97,3138.3,0
CUST-03030,Female,0,Yes,No,31,No,No phone service,No,No internet service,No internet service,No internet service,No internet service,No internet service,No internet service,Two year,No,Credit card (automatic),61.37,1920.29,0
CUST-03031,Male,0,Yes,No,8,Yes,No,No,No internet service,No internet service,No internet service,No internet service,No internet service,No internet service,Month-to-month,Yes,Electronic check,111.63,912.76,1
CUST-03032,Male,0,Yes,No,10,Yes,Yes,No,No internet service,No internet service,No internet service,No internet service,No internet service,No internet service,Two year,Yes,Mailed check,75.95,828.47,0
CUST-03033,Female,0,Yes,No,69,Yes,No,Fiber optic,No,No,Yes,No,No,No,Month-to-month,Yes,Bank transfer (automatic),85.41,5925.04,0
CUST-03034,Male,0,Yes,Yes,29,Yes,No,Fiber optic,Yes,Yes,No,Yes,No,No,One year,Yes,Mailed check,69.57,2032.18,0
CUST-03035,Male,0,Yes,No,14,Yes,Yes,No,No internet service,No internet service,No internet service,No internet service,No internet service,No internet service,One year,Yes,Mailed check,118.66,1673.7,0
CUST-03036,Male,0,No,No,58,Yes,Yes,Fiber optic,Yes,Yes,No,Yes,Yes,No,Two year,No,Bank transfer (automatic),91.33,5198.23,0
CUST-03037,Male,0,No,No,47,Yes,No,Fiber optic,Yes,No,No,No,No,Yes,One year,Yes,Bank transfer (automatic),113.65,5350.53,0
CUST-03038,Female,1,Yes,No,59,Yes,No,Fiber optic,No,Yes,Yes,No,No,Yes,Month-to-month,No,Credit card (automatic),63.4,3771.21,0
CUST-03039,Male,0,No,No,67,Yes,Yes,Fiber optic,No,Yes,No,No,No,No,One year,Yes,Electronic check,55.0,3678.94,0
CUST-03040,Female,1,No,No,56,Yes,No,Fiber optic,No,No,Yes,No,No,No,Month-to-month,Yes,Electronic check,58.65,3367.64,1
CUST-03041,Male,1,Yes,No,63,Yes,Yes,Fiber optic,No,Yes,Yes,No,No,Yes,Month-to-month,Yes,Credit card (automatic),94.48,5877.97,1
CUST-03042,Female,0,No,No,53,Yes,No,Fiber optic,No,No,No,No,Yes,No,Two year,No,Electronic check,118.55,6246.16,1
CUST-03043,Male,0,No,No,53,Yes,Yes,Fiber optic,No,Yes,Yes,No,Yes,No,Two year,Yes,Electronic check,96.11,5062.07,0
CUST-03044,Male,0,No,Yes,58,Yes,No,Fiber optic,No,Yes,No,No,No,No,Two year,Yes,Electronic check,99.99,5799.88,0
CUST-03045,Female,0,Yes,No,38,Yes,No,DSL,No,No,No,No,Yes,Yes,One year,No,Bank transfer (automatic),79.6,2992.48,0
CUST-03046,Female,0,No,No,14,Yes,No,Fiber optic,Yes,Yes,No,Yes,No,No,Month-to-month,No,Mailed check,40.12,499.65,0
CUST-03047,Male,0,Yes,No,27,Yes,Yes,DSL,No,Yes,No,No,No,Yes,Month-to-month,Yes,Electronic check,118.75,3188.46,1
CUST-03048,Male,0,No,Yes,35,Yes,Yes,No,No internet service,No internet service,No internet service,No internet service,No internet service,No internet service,Month-to-month,Yes,Electronic check,91.47,3252.19,1
CUST-03049,Male,1,No,Yes,53,Yes,No,No,No internet service,No internet service,No internet service,No internet service,No internet service,No internet service,Month-to-month,Yes,Mailed check,90.45,4831.56,0
CUST-03050,Male,0,Yes,No,16,Yes,No,Fiber optic,No,Yes,No,No,No,No,Month-to-month,No,Electronic check,94.07,1470.37,1
CUST-03051,Male,0,No,Yes,21,Yes,No,No,No internet service,No internet service,No internet service,No internet service,No internet service,No internet service,Two year,No,Electronic check,30.07,612.8,0
CUST-03052,Female,0,Yes,No,35,Yes,Yes,Fiber optic,No,Yes,Yes,No,No,No,Month-to-month,Yes,Bank transfer (automatic),62.33,2142.67,0
CUST-03053,Male,1,No,No,28,Yes,Yes,DSL,Yes,No,No,No,Yes,Yes,One year,Yes,Electronic check,89.44,2441.25,0
CUST-03054,Male,0,No,No,54,Yes,No,Fiber optic,No,Yes,No,No,No,Yes,Month-to-month,No,Electronic check,73.88,4010.87,0
CUST-03055,Female,0,Yes,Yes,41,Yes,Yes,DSL,No,No,Yes,Yes,No,Yes,One year,Yes,Mailed check,73.78,2960.92,0
CUST-03056,Female,0,No,No,31,Yes,Yes,Fiber optic,Yes,No,Yes,Yes,No,No,Month-to-month,No,Credit card (automatic),106.34,3329.68,0
CUST-03057,Female,0,Yes,No,13,No,No phone service,Fiber optic,No,Yes,No,No,No,No,Two year,Yes,Electronic check,74.74,1062.55,1
CUST-03058,Male,0,Yes,No,17,No,No phone service,Fiber optic,No,Yes,No,No,No,No,Month-to-month,No,Electronic check,118.75,2037.53,1
CUST-03059,Male,0,No,No,37,No,No phone service,Fiber optic,Yes,Yes,No,Yes,No,No,One year,Yes,Mailed check,74.12,2773.58,0
CUST-03060,Female,0,Yes,No,33,Yes,Yes,Fiber optic,Yes,No,No,Yes,No,Yes,One year,Yes,Electronic check,94.71,3155.14,0
CUST-03061,Male,0,No,Yes,44,Yes,No,DSL,No,No,No,No,No,Yes,One year,Yes,Bank transfer (automatic),88.21,3856.81,0
CUST-03062,Male,0,Yes,No,31,Yes,Yes,Fiber optic,No,No,No,No,No,Yes,Month-to-month,Yes,Credit card (automatic),59.95,1876.95,0
CUST-03063,Female,1,Yes,No,66,Yes,No,DSL,Yes,No,No,No,No,Yes,Two year,No,Electronic check,53.39,3539.36,0
CUST-03064,Female,0,No,No,62,Yes,Yes,DSL,No,Yes,No,Yes,No,No,Two year,Yes,Bank transfer (automatic),79.54,4900.19,0
CUST-03065,Female,1,Yes,No,54,Yes,Yes,Fiber optic,No,No,Yes,No,No,No,Two year,No,Credit card (automatic),118.75,6286.68,0
CUST-03066,Male,0,No,No,42,Yes,No,DSL,No,No,No,No,No,Yes,Month-to-month,No,Credit card (automatic),65.99,2719.18,0
CUST-03067,Male,0,No,Yes,21,Yes,No,DSL,No,No,No,No,No,Yes,One year,Yes,Mailed check,85.89,1756.59,0
CUST-03068,Female,0,No,No,67,Yes,Yes,DSL,Yes,No,Yes,No,Yes,No,One year,Yes,Electronic check,72.88,4908.01,0
CUST-03069,Male,0,No,No,28,Yes,Yes,Fiber optic,No,Yes,No,No,Yes,Yes,Month-to-month,No,Bank transfer (automatic),79.43,2150.09,0
CUST-03070,Female,0,No,No,39,Yes,Yes,No,No internet service,No internet service,No internet service,No internet service,No internet service,No internet service,One year,No,Bank transfer (automatic),103.97,4148.38,0
CUST-03071,Female,0,Yes,No,44,Yes,No,No,No internet service,No internet service,No internet service,No internet service,No internet service,No internet service,One year,No,Bank transfer (automatic),78.99,3557.02,0
CUST-03072,Female,0,No,No,9,No,No phone service,Fiber optic,No,No,Yes,No,No,No,Month-to-month,Yes,Credit card (automatic),55.87,555.44,1
CUST-03073,Male,0,Yes,No,44,Yes,No,Fiber optic,No,No,No,No,No,No,Month-to-month,No,Bank transfer (automatic),116.26,5089.94,1
CUST-03074,Male,0,No,No,16,Yes,No,DSL,No,No,Yes,Yes,No,Yes,One year,Yes,Mailed check,57.1,809.67,0
CUST-03075,Female,0,No,Yes,1,Yes,No,DSL,No,No,No,No,Yes,Yes,Two year,No,Mailed check,87.06,128.67,0
CUST-03076,Female,0,No,No,16,Yes,No,Fiber optic,Yes,No,No,No,Yes,No,Two year,Yes,Electronic check,34.96,521.97,0
CUST-03077,Female,0,No,No,37,Yes,No,Fiber optic,No,Yes,No,No,No,Yes,Two year,No,Electronic check,107.26,4008.0,1
CUST-03078,Male,0,No,No,36,Yes,Yes,Fiber optic,Yes,No,Yes,No,No,No,Month-to-month,Yes,Bank transfer (automatic),118.75,4305.06,1
CUST-03079,Male,0,No,Yes,62,Yes,Yes,DSL,No,No,No,Yes,Yes,Yes,Month-to-month,Yes,Electronic check,77.94,4810.28,0
CUST-03080,Female,0,No,No,4,Yes,Yes,DSL,No,No,No,No,No,Yes,Month-to-month,Yes,Electronic check,44.9,118.59,1
CUST-03081,Female,0,Yes,No,24,Yes,No,DSL,No,No,No,No,No,Yes,Month-to-month,No,Electronic check,92.52,2229.84,1
CUST-03082,Female,0,Yes,No,72,Yes,No,No,No internet service,No internet service,No internet service,No internet service,No internet service,No internet service,Month-to-month,Yes,Credit card (automatic),82.27,5844.96,0
CUST-03083,Male,0,Yes,No,21,Yes,Yes,DSL,Yes,No,No,Yes,No,No,Month-to-month,Yes,Mailed check,118.75,2507.81,0
CUST-03084,Female,0,No,No,62,No,No phone service,Fiber optic,Yes,Yes,No,No,No,Yes,Month-to-month,No,Electronic check,63.63,3968.57,0
CUST-03085,Female,0,Yes,No,34,Yes,No,DSL,No,No,Yes,Yes,Yes,No,One year,Yes,Credit card (automatic),41.3,1371.22,0
CUST-03086,Female,0,Yes,No,54,Yes,No,Fiber optic,No,No,No,No,Yes,No,Month-to-month,Yes,Mailed check,85.09,4519.7,0
CUST-03087,Male,1,Yes,No,19,Yes,Yes,DSL,Yes,No,No,No,Yes,No,Month-to-month,Yes,Mailed check,87.22,1738.59,0
CUST-03088,Male,0,No,Yes,4,Yes,Yes,DSL,Yes,Yes,Yes,No,No,No,Month-to-month,Yes,Bank transfer (automatic),51.33,178.58,0
CUST-03089,Female,0,No,No,38,Yes,No,DSL,Yes,No,No,No,Yes,Yes,Month-to-month,Yes,Mailed check,99.29,3762.66,0
CUST-03090,Male,1,Yes,Yes,62,Yes,Yes,DSL,No,No,No,Yes,Yes,Yes,One year,Yes,Bank transfer (automatic),80.01,5015.19,0
CUST-03091,Male,1,Yes,No,31,No,No phone service,DSL,No,No,Yes,Yes,No,No,Month-to-month,No,Electronic check,67.53,2065.01,0
CUST-03092,Female,0,Yes,No,62,Yes,No,No,No internet service,No internet service,No internet service,No internet service,No internet service,No internet service,Month-to-month,Yes,Electronic check,92.23,5680.18,0
CUST-03093,Male,0,Yes,Yes,39,Yes,No,DSL,No,Yes,No,Yes,No,Yes,One year,Yes,Mailed check,68.23,2761.48,0
CUST-03094,Female,1,Yes,No,16,Yes,No,DSL,No,No,No,No,Yes,No,Month-to-month,No,Electronic check,53.85,824.97,0
CUST-03095,Male,0,No,No,72,No,No phone service,Fiber optic,Yes,No,No,No,Yes,Yes,One year,No,Bank transfer (automatic),39.65,2915.64,0
CUST-03096,Female,1,No,No,31,Yes,Yes,Fiber optic,No,Yes,Yes,No,No,Yes,Month-to-month,Yes,Bank transfer (automatic),58.87,1832.62,1
CUST-03097,Female,0,Yes,Yes,22,Yes,No,DSL,No,No,No,No,Yes,No,Month-to-month,No,Credit card (automatic),118.75,2619.09,0
CUST-03098,Male,0,Yes,No,59,Yes,No,Fiber optic,Yes,No,No,Yes,No,Yes,Month-to-month,Yes,Bank transfer (automatic),79.09,4640.98,0
CUST-03099,Male,0,Yes,Yes,55,Yes,No,Fiber optic,No,No,No,No,No,No,Month-to-month,Yes,Electronic check,52.21,2861.57,0
CUST-03100,Male,0,Yes,Yes,8,Yes,Yes,DSL,No,No,No,No,Yes,Yes,Month-to-month,No,Bank transfer (automatic),102.78,911.6,0
CUST-03101,Male,0,Yes,Yes,68,Yes,Yes,Fiber optic,No,No,No,No,Yes,Yes,Month-to-month,Yes,Mailed check,78.27,5365.12,0
CUST-03102,Female,1,Yes,No,61,Yes,Yes,DSL,No,Yes,No,No,No,No,Month-to-month,No,Credit card (automatic),85.77,5163.83,0
CUST-03103,Female,0,Yes,Yes,63,Yes,No,DSL,No,Yes,Yes,No,No,Yes,One year,No,Bank transfer (automatic),85.61,5343.86,0
CUST-03104,Male,0,No,Yes,21,Yes,Yes,No,No internet service,No internet service,No internet service,No internet service,No internet service,No internet service,Month-to-month,Yes,Electronic check,110.05,2330.2,1
CUST-03105,Male,0,No,No,31,Yes,No,DSL,No,No,No,No,No,No,Month-to-month,Yes,Electronic check,41.09,1305.73,0
CUST-03106,Male,0,No,No,46,Yes,No,DSL,No,No,No,Yes,No,No,Two year,No,Mailed check,112.87,5230.36,0
CUST-03107,Female,0,Yes,Yes,1,Yes,Yes,No,No internet service,No internet service,No internet service,No internet service,No internet service,No internet service,Month-to-month,Yes,Mailed check,88.77,84.93,1
CUST-03108,Male,0,No,No,51,Yes,No,Fiber optic,No,No,No,No,Yes,No,Month-to-month,Yes,Electronic check,79.02,3987.55,0
CUST-03109,Female,0,No,No,13,Yes,Yes,Fiber optic,No,No,Yes,No,Yes,Yes,Two year,Yes,Bank transfer (automatic),50.46,615.48,0
CUST-03110,Female,0,Yes,Yes,36,Yes,No,Fiber optic,No,No,No,No,No,Yes,Month-to-month,Yes,Mailed check,68.83,2362.85,0
CUST-03111,Female,0,Yes,No,26,Yes,Yes,Fiber optic,No,No,No,No,No,Yes,Two year,No,Electronic check,74.67,2023.1,0
CUST-03112,Male,0,No,Yes,23,Yes,Yes,Fiber optic,Yes,Yes,Yes,No,No,Yes,Month-to-month,Yes,Electronic check,118.41,2591.97,1
CUST-03113,Female,1,Yes,Yes,63,Yes,Yes,DSL,No,Yes,No,No,Yes,No,Month-to-month,Yes,Bank transfer (automatic),114.63,7209.62,1
CUST-03114,Male,0,Yes,No,69,Yes,No,Fiber optic,No,No,No,No,No,Yes,Month-to-month,Yes,Bank transfer (automatic),69.89,4733.83,0
CUST-03115,Male,0,No,Yes,25,Yes,No,DSL,No,No,Yes,No,No,No,One year,No,Electronic check,118.75,2939.53,1
CUST-03116,Female,0,No,Yes,53,Yes,Yes,DSL,No,No,No,No,No,No,Month-to-month,No,Electronic check,101.13,5388.7,0
CUST-03117,Female,0,Yes,No,14,Yes,Yes,Fiber optic,No,No,Yes,No,No,Yes,Month-to-month,Yes,Electronic check,83.73,1057.89,1
CUST-03118,Male,0,No,No,28,Yes,No,Fiber optic,No,Yes,Yes,No,No,No,Two year,Yes,Credit card (automatic),66.86,1889.71,0
CUST-03119,Male,0,No,No,27,Yes,Yes,DSL,Yes,No,Yes,No,No,Yes,Month-to-month,Yes,Electronic check,59.32,1645.21,0
CUST-03120,Male,0,Yes,No,58,Yes,No,DSL,Yes,No,No,No,No,No,One year,Yes,Credit card (automatic),91.62,5293.1,0
CUST-03121,Male,0,No,No,72,Yes,No,Fiber optic,Yes,Yes,No,Yes,Yes,No,One year,No,Credit card (automatic),89.59,6587.45,0
CUST-03122,Male,0,Yes,No,20,Yes,No,Fiber optic,No,No,No,No,No,Yes,Month-to-month,No,Electronic check,63.01,1147.95,1
CUST-03123,Male,0,Yes,No,9,Yes,No,No,No internet service,No internet service,No internet service,No internet service,No internet service,No internet service,One year,Yes,Bank transfer (automatic),99.1,806.25,0
CUST-03124,Male,0,No,No,3,Yes,Yes,No,No internet service,No internet service,No internet service,No internet service,No internet service,No internet service,Two year,Yes,Mailed check,74.5,208.34,0
CUST-03125,Female,0,Yes,No,61,Yes,Yes,No,No internet service,No internet service,No internet service,No internet service,No internet service,No internet service,One year,Yes,Credit card (automatic),88.92,5409.98,0
CUST-03126,Female,0,Yes,Yes,3,Yes,Yes,Fiber optic,No,No,Yes,No,No,No,Month-to-month,No,Bank transfer (automatic),97.24,297.44,1
CUST-03127,Female,0,Yes,No,5,Yes,Yes,Fiber optic,No,No,No,No,Yes,No,Month-to-month,Yes,Mailed check,91.36,503.21,1
CUST-03128,Male,1,No,No,71,Yes,No,No,No internet service,No internet service,No internet service,No internet service,No internet service,No internet service,Month-to-month,No,Bank transfer (automatic),39.37,2732.47,0
CUST-03129,Female,1,No,No,15,Yes,Yes,No,No internet service,No internet service,No internet service,No internet service,No internet service,No internet service,One year,Yes,Electronic check,91.13,1299.04,1
CUST-03130,Female,0,Yes,No,37,Yes,No,Fiber optic,No,Yes,No,No,Yes,No,Month-to-month,No,Electronic check,75.84,2771.36,1
CUST-03131,Female,0,No,No,48,Yes,No,Fiber optic,No,No,No,No,No,No,Month-to-month,No,Bank transfer (automatic),65.49,3195.07,0
CUST-03132,Female,0,Yes,No,60,Yes,Yes,DSL,No,No,Yes,Yes,No,Yes,Month-to-month,No,Electronic check,79.64,4818.87,0
CUST-03133,Female,1,No,No,64,Yes,Yes,No,No internet service,No internet service,No internet service,No internet service,No internet service,No internet service,Month-to-month,No,Electronic check,71.24,4555.87,0
CUST-03134,Female,0,Yes,No,49,Yes,Yes,Fiber optic,No,Yes,No,No,Yes,Yes,One year,Yes,Bank transfer (automatic),79.97,3893.09,0
CUST-03135,Male,0,No,No,16,No,No phone service,No,No internet service,No internet service,No internet service,No internet service,No internet service,No internet service,One year,No,Credit card (automatic),71.7,1139.56,0
CUST-03136,Female,0,No,No,27,Yes,No,DSL,No,No,No,No,Yes,Yes,Month-to-month,Yes,Credit card (automatic),90.94,2473.48,0
CUST-03137,Female,0,No,No,43,Yes,No,DSL,No,No,Yes,Yes,Yes,No,Month-to-month,No,Credit card (automatic),37.68,1625.19,0
CUST-03138,Female,1,Yes,No,11,Yes,No,Fiber optic,No,No,Yes,No,No,No,Two year,No,Mailed check,76.12,766.91,0
CUST-03139,Female,0,No,Yes,69,Yes,No,No,No internet service,No internet service,No internet service,No internet service,No internet service,No internet service,Two year,No,Bank transfer (automatic),78.87,5368.12,0
CUST-03140,Male,0,Yes,No,70,Yes,Yes,No,No internet service,No internet service,No internet service,No internet service,No internet service,No internet service,Two year,Yes,Mailed check,118.75,8299.57,0
CUST-03141,Male,0,No,No,71,Yes,Yes,DSL,No,No,No,Yes,No,No,Month-to-month,No,Mailed check,30.93,2232.27,0
CUST-03142,Female,0,Yes,No,2,No,No phone service,Fiber optic,No,No,Yes,No,No,No,Month-to-month,No,Electronic check,93.33,133.62,1
CUST-03143,Female,0,Yes,No,48,Yes,Yes,DSL,No,Yes,No,No,No,Yes,Month-to-month,Yes,Credit card (automatic),87.5,4220.37,0
CUST-03144,Female,0,Yes,No,20,Yes,Yes,Fiber optic,Yes,Yes,No,No,No,No,Two year,No,Bank transfer (automatic),91.94,1749.37,0
CUST-03145,Male,1,Yes,Yes,7,Yes,No,Fiber optic,No,Yes,No,No,No,Yes,Month-to-month,No,Bank transfer (automatic),59.79,422.08,0
CUST-03146,Male,0,No,No,63,Yes,No,Fiber optic,Yes,Yes,No,Yes,No,Yes,Two year,Yes,Electronic check,86.73,5424.91,0
CUST-03147,Female,0,No,No,58,No,No phone service,No,No internet service,No internet service,No internet service,No internet service,No internet service,No internet service,Month-to-month,No,Mailed check,81.69,4633.53,0
CUST-03148,Female,1,No,No,29,Yes,Yes,DSL,No,No,No,Yes,Yes,Yes,Month-to-month,No,Credit card (automatic),118.75,3416.43,0
CUST-03149,Female,0,No,No,31,No,No phone service,Fiber optic,No,No,No,Yes,No,Yes,Month-to-month,Yes,Bank transfer (automatic),66.57,2000.5,0
CUST-03150,Male,0,No,No,19,Yes,Yes,Fiber optic,No,Yes,No,No,Yes,No,Month-to-month,Yes,Credit card (automatic),53.01,993.36,0
CUST-03151,Female,0,Yes,No,15,Yes,No,DSL,No,No,Yes,No,No,No,Two year,Yes,Mailed check,118.75,1801.88,0
CUST-03152,Male,0,Yes,No,24,Yes,Yes,No,No internet service,No internet service,No internet service,No internet service,No internet service,No internet service,Month-to-month,No,Electronic check,81.93,1989.16,1
CUST-03153,Female,0,Yes,No,59,Yes,Yes,No,No internet service,No internet service,No internet service,No internet service,No internet service,No internet service,Month-to-month,Yes,Electronic check,91.04,5272.51,1
CUST-03154,Male,1,Yes,Yes,44,Yes,No,DSL,No,No,Yes,No,No,No,Month-to-month,Yes,Mailed check,104.28,4617.07,1
CUST-03155,Male,0,Yes,No,8,Yes,No,Fiber optic,No,No,No,No,Yes,Yes,Month-to-month,Yes,Electronic check,73.03,604.89,1
CUST-03156,Female,0,Yes,No,50,Yes,No,DSL,No,No,No,Yes,No,No,Month-to-month,No,Mailed check,66.47,3302.32,0
CUST-03157,Female,0,Yes,No,60,No,No phone service,Fiber optic,No,No,No,Yes,Yes,Yes,Month-to-month,Yes,Electronic check,81.64,4834.98,0
CUST-03158,Male,0,Yes,Yes,39,Yes,No,Fiber optic,No,No,No,No,Yes,Yes,Month-to-month,No,Credit card (automatic),54.4,2101.19,0
CUST-03159,Female,0,No,No,60,Yes,No,DSL,No,Yes,No,Yes,Yes,No,Month-to-month,Yes,Credit card (automatic),42.02,2601.76,0
CUST-03160,Male,0,Yes,No,66,Yes,No,No,No internet service,No internet service,No internet service,No internet service,No internet service,No internet service,Two year,No,Electronic check,58.09,3863.77,0
CUST-03161,Male,1,No,No,14,Yes,Yes,Fiber optic,No,No,No,No,No,No,Month-to-month,Yes,Bank transfer (automatic),18.25,304.13,0
CUST-03162,Male,0,No,No,52,Yes,Yes,No,No internet service,No internet service,No internet service,No internet service,No internet service,No internet service,One year,Yes,Mailed check,68.11,3492.27,0
CUST-03163,Male,0,No,No,3,No,No phone service,DSL,Yes,No,Yes,No,Yes,No,One year,Yes,Electronic check,57.92,147.13,0
CUST-03164,Female,0,Yes,No,22,Yes,No,No,No internet service,No internet service,No internet service,No internet service,No internet service,No internet service,Two year,Yes,Credit card (automatic),88.15,1874.45,0
CUST-03165,Male,0,Yes,No,26,Yes,No,No,No internet service,No internet service,No internet service,No internet service,No internet service,No internet service,Month-to-month,Yes,Electronic check,76.84,1964.57,1
CUST-03166,Female,0,Yes,No,36,Yes,Yes,DSL,No,No,No,No,Yes,No,Month-to-month,Yes,Bank transfer (automatic),71.52,2642.63,0
CUST-03167,Female,0,Yes,No,42,Yes,No,DSL,No,No,Yes,No,Yes,No,Month-to-month,Yes,Electronic check,105.27,4398.88,1
CUST-03168,Male,0,Yes,No,36,Yes,No,No,No internet service,No internet service,No internet service,No internet service,No internet service,No internet service,Month-to-month,Yes,Credit card (automatic),64.57,2290.06,0
CUST-03169,Female,0,No,Yes,28,Yes,Yes,Fiber optic,No,Yes,No,No,No,Yes,Month-to-month,Yes,Bank transfer (automatic),46.14,1303.86,0
CUST-03170,Male,0,No,Yes,28,Yes,No,Fiber optic,No,No,Yes,No,No,Yes,Month-to-month,No,Credit card (automatic),18.25,482.27,0
CUST-03171,Female,0,No,No,48,Yes,Yes,No,No internet service,No internet service,No internet service,No internet service,No internet service,No internet service,One year,Yes,Electronic check,77.28,3714.08,0
CUST-03172,Male,0,Yes,No,50,Yes,Yes,DSL,No,Yes,No,No,No,No,Month-to-month,No,Electronic check,75.62,3752.56,0
CUST-03173,Male,0,Yes,Yes,49,Yes,No,Fiber optic,No,No,No,No,No,Yes,Two year,Yes,Electronic check,108.53,5327.51,1
CUST-03174,Male,0,No,Yes,27,Yes,No,Fiber optic,No,Yes,Yes,No,No,Yes,Month-to-month,Yes,Credit card (automatic),52.06,1386.62,0
CUST-03175,Male,0,Yes,No,4,Yes,No,Fiber optic,Yes,No,No,No,No,No,One year,Yes,Electronic check,89.31,301.34,1
CUST-03176,Male,0,No,No,55,Yes,Yes,DSL,No,No,Yes,No,Yes,No,One year,Yes,Electronic check,18.25,1056.45,0
CUST-03177,Female,0,No,Yes,63,Yes,Yes,Fiber optic,No,No,No,No,No,Yes,Month-to-month,No,Mailed check,46.27,3005.91,0
CUST-03178,Female,0,Yes,No,16,Yes,No,Fiber optic,No,No,No,No,Yes,No,Two year,Yes,Electronic check,81.81,1333.84,0
CUST-03179,Female,0,Yes,No,54,Yes,Yes,Fiber optic,No,No,No,No,No,Yes,Month-to-month,Yes,Bank transfer (automatic),94.73,5040.33,0
CUST-03180,Female,0,Yes,No,8,Yes,No,Fiber optic,No,No,No,No,Yes,No,Two year,Yes,Electronic check,29.63,225.63,0
CUST-03181,Male,0,Yes,No,67,Yes,Yes,DSL,Yes,No,Yes,No,Yes,Yes,Month-to-month,No,Bank transfer (automatic),59.44,3994.72,0
CUST-03182,Male,0,Yes,Yes,72,Yes,No,No,No internet service,No internet service,No internet service,No internet service,No internet service,No internet service,One year,No,Mailed check,81.13,5757.1,0
CUST-03183,Male,0,Yes,Yes,15,Yes,No,Fiber optic,No,Yes,No,Yes,No,No,Month-to-month,Yes,Electronic check,69.7,1018.69,1
CUST-03184,Male,1,Yes,Yes,15,Yes,Yes,No,No internet service,No internet service,No internet service,No internet service,No internet service,No internet service,Month-to-month,Yes,Electronic check,85.77,1216.32,1
CUST-03185,Female,0,Yes,Yes,12,Yes,No,DSL,Yes,Yes,No,No,No,Yes,Month-to-month,Yes,Mailed check,94.5,1082.51,0
CUST-03186,Female,0,No,Yes,72,Yes,Yes,Fiber optic,No,Yes,No,No,No,Yes,Month-to-month,Yes,Electronic check,48.04,3475.85,0
CUST-03187,Male,0,Yes,Yes,62,Yes,Yes,DSL,No,Yes,No,Yes,No,No,Month-to-month,Yes,Electronic check,89.71,5559.55,0
CUST-03188,Male,1,No,No,40,Yes,No,Fiber optic,No,No,No,No,Yes,No,One year,Yes,Electronic check,57.57,2248.05,0
CUST-03189,Female,0,No,Yes,52,Yes,No,DSL,No,No,Yes,No,No,Yes,Two year,Yes,Bank transfer (automatic),85.61,4448.37,0
CUST-03190,Female,0,No,No,67,Yes,Yes,Fiber optic,Yes,No,No,No,No,No,Month-to-month,Yes,Electronic check,67.64,4513.76,0
CUST-03191,Male,1,No,No,8,No,No phone service,No,No internet service,No internet service,No internet service,No internet service,No internet service,No internet service,Month-to-month,Yes,Credit card (automatic),98.03,828.38,1
CUST-03192,Female,0,Yes,No,50,Yes,Yes,DSL,No,No,No,Yes,Yes,No,Month-to-month,Yes,Electronic check,91.61,4476.81,0
CUST-03193,Female,0,Yes,Yes,47,Yes,Yes,DSL,No,No,No,Yes,No,Yes,One year,No,Credit card (automatic),51.81,2398.03,0
CUST-03194,Male,0,No,Yes,48,Yes,No,No,No internet service,No internet service,No internet service,No internet service,No internet service,No internet service,Month-to-month,No,Bank transfer (automatic),34.7,1741.47,0
CUST-03195,Male,0,No,No,17,Yes,No,Fiber optic,No,No,No,No,No,No,Two year,Yes,Mailed check,102.1,1677.5,0
CUST-03196,Female,0,No,No,9,Yes,No,Fiber optic,No,Yes,Yes,No,No,Yes,One year,Yes,Electronic check,53.6,428.34,0
CUST-03197,Female,0,No,No,53,Yes,No,DSL,No,No,No,No,Yes,Yes,One year,Yes,Electronic check,62.32,3277.06,0
CUST-03198,Female,0,Yes,No,14,Yes,No,Fiber optic,No,Yes,Yes,Yes,Yes,No,One year,Yes,Bank transfer (automatic),90.49,1330.3,0
CUST-03199,Male,0,Yes,No,10,Yes,No,DSL,No,No,Yes,No,Yes,No,Two year,Yes,Mailed check,45.81,478.21,0
CUST-03200,Male,0,Yes,No,39,Yes,Yes,Fiber optic,No,Yes,Yes,No,No,Yes,Two year,No,Mailed check,80.39,3082.09,0
CUST-03201,Female,0,Yes,No,46,Yes,No,Fiber optic,No,Yes,No,No,Yes,Yes,One year,No,Electronic check,76.85,3530.88,0
CUST-03202,Female,0,Yes,No,19,Yes,No,Fiber optic,Yes,No,Yes,Yes,No,No,Month-to-month,Yes,Mailed check,70.6,1323.82,0
CUST-03203,Male,1,No,No,21,Yes,No,DSL,No,Yes,Yes,No,Yes,No,Month-to-month,No,Bank transfer (automatic),102.8,2181.29,0
CUST-03204,Female,0,No,No,47,Yes,No,Fiber optic,No,No,No,No,No,No,Month-to-month,Yes,Electronic check,88.18,4142.37,1
CUST-03205,Female,0,Yes,Yes,15,Yes,Yes,DSL,No,Yes,No,Yes,No,No,Month-to-month,Yes,Credit card (automatic),96.56,1458.22,0
CUST-03206,Female,0,No,No,4,Yes,Yes,No,No internet service,No internet service,No internet service,No internet service,No internet service,No internet service,One year,No,Credit card (automatic),64.31,241.16,0
CUST-03207,Female,0,No,No,64,Yes,No,Fiber optic,No,No,Yes,No,Yes,No,Two year,No,Electronic check,60.79,3956.68,0
CUST-03208,Female,0,No,No,20,Yes,Yes,DSL,No,No,Yes,No,Yes,Yes,Month-to-month,Yes,Mailed check,98.75,1972.86,1
CUST-03209,Male,0,Yes,No,60,Yes,No,DSL,No,Yes,Yes,No,No,No,Month-to-month,No,Mailed check,64.07,3812.88,0
CUST-03210,Female,0,No,No,54,Yes,No,DSL,No,No,No,No,No,Yes,Month-to-month,Yes,Electronic check,80.59,4404.89,1
CUST-03211,Male,0,No,Yes,23,Yes,No,DSL,Yes,No,No,No,No,No,Two year,Yes,Mailed check,83.78,1956.47,0
CUST-03212,Female,0,Yes,Yes,22,Yes,No,Fiber optic,No,No,No,No,Yes,No,Month-to-month,No,Electronic check,53.82,1138.56,0
CUST-03213,Male,0,Yes,Yes,10,Yes,Yes,DSL,Yes,Yes,No,No,No,Yes,Month-to-month,No,Electronic check,52.23,325.3,0
CUST-03214,Female,0,No,No,46,Yes,No,No,No internet service,No internet service,No internet service,No internet service,No internet service,No internet service,Month-to-month,Yes,Credit card (automatic),69.6,3228.62,0
CUST-03215,Male,0,Yes,No,1,Yes,No,DSL,No,No,Yes,Yes,No,No,Two year,Yes,Mailed check,88.74,66.95,0
CUST-03216,Male,0,Yes,No,69,Yes,Yes,No,No internet service,No internet service,No internet service,No internet service,No internet service,No internet service,Month-to-month,Yes,Electronic check,88.24,6090.68,0
CUST-03217,Male,0,Yes,No,52,No,No phone service,DSL,Yes,No,Yes,Yes,Yes,Yes,One year,Yes,Bank transfer (automatic),43.39,2315.39,0
CUST-03218,Male,0,No,Yes,10,Yes,Yes,DSL,Yes,Yes,Yes,Yes,No,No,Month-to-month,Yes,Credit card (automatic),118.75,1139.85,0
CUST-03219,Female,0,No,Yes,14,Yes,No,No,No internet service,No internet service,No internet service,No internet service,No internet service,No internet service,One year,No,Electronic check,81.45,1084.06,0
CUST-03220,Female,0,Yes,No,72,Yes,Yes,No,No internet service,No internet service,No internet service,No internet service,No internet service,No internet service,Month-to-month,No,Bank transfer (automatic),69.41,4927.71,0
CUST-03221,Female,1,Yes,No,11,Yes,Yes,Fiber optic,No,No,No,No,Yes,No,Two year,No,Credit card (automatic),67.71,854.98,0
CUST-03222,Male,0,No,No,35,Yes,Yes,Fiber optic,Yes,No,No,Yes,No,Yes,One year,Yes,Credit card (automatic),68.81,2467.93,0
CUST-03223,Male,0,No,No,22,Yes,No,No,No internet service,No internet service,No internet service,No internet service,No internet service,No internet service,Month-to-month,No,Bank transfer (automatic),63.75,1436.08,0
CUST-03224,Male,1,No,No,26,Yes,No,Fiber optic,No,Yes,No,No,No,No,Month-to-month,No,Credit card (automatic),102.75,2575.15,1
CUST-03225,Male,0,Yes,Yes,13,Yes,No,DSL,Yes,Yes,Yes,No,Yes,Yes,Month-to-month,No,Electronic check,118.75,1472.56,1
CUST-03226,Female,0,Yes,No,53,Yes,No,DSL,No,Yes,No,No,No,No,Month-to-month,Yes,Electronic check,64.54,3455.75,0
CUST-03227,Male,0,Yes,No,26,Yes,Yes,Fiber optic,Yes,No,No,No,Yes,No,One year,Yes,Electronic check,62.17,1636.5,0
CUST-03228,Male,0,No,No,20,Yes,No,Fiber optic,No,Yes,No,No,No,No,Two year,No,Electronic check,70.52,1396.81,0
CUST-03229,Male,0,Yes,No,48,Yes,Yes,Fiber optic,No,Yes,Yes,Yes,Yes,No,One year,Yes,Electronic check,42.25,1960.4,0
CUST-03230,Male,0,Yes,Yes,61,Yes,No,DSL,Yes,Yes,No,No,No,No,Month-to-month,Yes,Credit card (automatic),91.67,5644.63,0
CUST-03231,Female,0,Yes,Yes,71,Yes,No,No,No internet service,No internet service,No internet service,No internet service,No internet service,No internet service,One year,No,Credit card (automatic),84.53,6091.23,0
CUST-03232,Female,0,Yes,No,43,Yes,Yes,Fiber optic,No,No,No,No,No,Yes,Two year,Yes,Electronic check,79.71,3449.46,0
CUST-03233,Male,0,No,No,43,No,No phone service,Fiber optic,No,Yes,No,No,Yes,No,Two year,No,Credit card (automatic),29.65,1237.15,0
CUST-03234,Male,0,Yes,No,60,Yes,No,DSL,No,No,No,No,No,Yes,Month-to-month,Yes,Mailed check,21.78,1383.01,0
CUST-03235,Male,0,No,Yes,41,Yes,Yes,No,No internet service,No internet service,No internet service,No internet service,No internet service,No internet service,Month-to-month,Yes,Electronic check,66.5,2734.93,1
CUST-03236,Male,0,No,No,22,Yes,Yes,Fiber optic,No,Yes,No,No,No,Yes,Month-to-month,No,Bank transfer (automatic),89.59,2052.47,1
CUST-03237,Male,0,Yes,Yes,72,Yes,No,Fiber optic,No,Yes,No,No,No,No,Month-to-month,Yes,Mailed check,35.55,2541.7,0
CUST-03238,Female,0,No,Yes,0,Yes,No,No,No internet service,No internet service,No internet service,No internet service,No internet service,No internet service,Month-to-month,No,Electronic check,92.38,0.0,1
CUST-03239,Female,0,No,Yes,35,Yes,No,No,No internet service,No internet service,No internet service,No internet service,No internet service,No internet service,Month-to-month,Yes,Credit card (automatic),67.28,2332.38,0
CUST-03240,Female,0,No,No,54,Yes,No,DSL,No,No,No,No,No,No,Month-to-month,Yes,Bank transfer (automatic),56.78,3033.05,0
CUST-03241,Male,0,Yes,No,15,Yes,Yes,No,No internet service,No internet service,No internet service,No internet service,No internet service,No internet service,Month-to-month,Yes,Bank transfer (automatic),74.16,1153.86,0
CUST-03242,Male,0,Yes,No,17,No,No phone service,Fiber optic,No,No,Yes,Yes,Yes,Yes,Month-to-month,No,Credit card (automatic),39.92,674.98,0
CUST-03243,Female,0,Yes,Yes,37,Yes,No,DSL,No,Yes,No,No,No,Yes,Two year,Yes,Credit card (automatic),18.25,694.62,0
CUST-03244,Female,0,No,Yes,66,Yes,No,DSL,Yes,No,No,No,Yes,No,Month-to-month,Yes,Mailed check,109.32,7164.2,0
CUST-03245,Female,0,No,Yes,19,Yes,Yes,Fiber optic,Yes,No,No,No,No,No,One year,Yes,Electronic check,71.42,1306.95,0
CUST-03246,Male,0,No,No,18,Yes,Yes,Fiber optic,Yes,No,No,No,Yes,Yes,Month-to-month,No,Electronic check,54.46,961.21,0
CUST-03247,Female,0,Yes,Yes,12,Yes,Yes,Fiber optic,Yes,Yes,Yes,No,No,No,Month-to-month,Yes,Electronic check,57.22,704.56,0
CUST-03248,Male,0,Yes,No,16,Yes,No,DSL,Yes,No,No,No,No,No,Two year,No,Credit card (automatic),52.85,806.71,0
CUST-03249,Female,1,No,Yes,29,Yes,Yes,No,No internet service,No internet service,No internet service,No internet service,No internet service,No internet service,One year,Yes,Credit card (automatic),65.21,1944.55,0
CUST-03250,Female,0,Yes,Yes,42,Yes,No,No,No internet service,No internet service,No internet service,No internet service,No internet service,No internet service,One year,Yes,Electronic check,73.02,3061.47,0
CUST-03251,Female,1,No,Yes,47,Yes,No,Fiber optic,Yes,Yes,No,No,No,No,One year,Yes,Credit card (automatic),93.72,4490.21,0
CUST-03252,Male,1,Yes,Yes,42,Yes,No,No,No internet service,No internet service,No internet service,No internet service,No internet service,No internet service,Month-to-month,No,Electronic check,58.44,2401.87,0
CUST-03253,Female,0,Yes,No,65,Yes,No,No,No internet service,No internet service,No internet service,No internet service,No internet service,No internet service,One year,No,Bank transfer (automatic),52.59,3435.47,0
CUST-03254,Male,0,Yes,No,52,Yes,Yes,DSL,Yes,Yes,No,Yes,Yes,Yes,Month-to-month,No,Electronic check,63.82,3341.6,0
CUST-03255,Male,0,Yes,No,71,No,No phone service,No,No internet service,No internet service,No internet service,No internet service,No internet service,No internet service,Two year,Yes,Electronic check,118.75,8444.81,0
CUST-03256,Male,1,Yes,Yes,33,Yes,No,No,No internet service,No internet service,No internet service,No internet service,No internet service,No internet service,One year,No,Mailed check,78.5,2588.05,0
CUST-03257,Female,0,Yes,Yes,71,Yes,Yes,DSL,Yes,No,No,No,Yes,Yes,One year,Yes,Bank transfer (automatic),89.85,6421.71,0
CUST-03258,Male,1,Yes,No,70,Yes,Yes,No,No internet service,No internet service,No internet service,No internet service,No internet service,No internet service,Two year,No,Electronic check,73.35,5072.71,0
CUST-03259,Male,0,Yes,No,12,Yes,No,DSL,No,No,No,No,No,Yes,Two year,Yes,Credit card (automatic),115.0,1394.14,0
CUST-03260,Female,0,Yes,No,55,No,No phone service,Fiber optic,No,No,No,Yes,Yes,No,Month-to-month,No,Credit card (automatic),99.13,5402.83,0
CUST-03261,Male,0,No,No,58,Yes,No,Fiber optic,Yes,No,No,No,Yes,No,Month-to-month,No,Electronic check,52.04,2989.36,0
CUST-03262,Female,0,Yes,No,31,Yes,Yes,No,No internet service,No internet service,No internet service,No internet service,No internet service,No internet service,Two year,Yes,Bank transfer (automatic),78.25,2439.17,0
CUST-03263,Male,0,No,Yes,53,Yes,Yes,Fiber optic,No,No,Yes,No,No,No,Month-to-month,Yes,Electronic check,67.69,3634.98,0
CUST-03264,Male,0,No,No,1,Yes,No,Fiber optic,No,No,Yes,No,Yes,Yes,Month-to-month,No,Electronic check,80.42,11.73,1
CUST-03265,Female,0,No,No,36,Yes,No,Fiber optic,No,No,Yes,Yes,Yes,No,Month-to-month,No,Credit card (automatic),99.91,3679.3,0
CUST-03266,Male,0,No,No,32,Yes,No,Fiber optic,No,Yes,Yes,No,Yes,Yes,Month-to-month,No,Electronic check,43.87,1453.96,0
CUST-03267,Male,0,Yes,No,0,Yes,Yes,Fiber optic,Yes,No,No,No,No,Yes,One year,No,Credit card (automatic),78.97,0.0,0
CUST-03268,Female,0,No,No,27,Yes,Yes,Fiber optic,No,No,Yes,No,No,No,Two year,No,Mailed check,53.57,1393.01,0
CUST-03269,Female,0,No,Yes,16,Yes,No,No,No internet service,No internet service,No internet service,No internet service,No internet service,No internet service,Month-to-month,No,Electronic check,107.63,1798.52,1
CUST-03270,Female,0,No,No,56,Yes,Yes,DSL,No,Yes,No,Yes,No,Yes,One year,Yes,Credit card (automatic),101.94,5731.76,0
CUST-03271,Male,0,Yes,Yes,69,Yes,Yes,Fiber optic,No,No,No,No,No,No,Month-to-month,Yes,Mailed check,29.84,2082.03,0
CUST-03272,Male,0,Yes,No,51,Yes,Yes,DSL,Yes,Yes,No,No,No,Yes,One year,No,Bank transfer (automatic),48.92,2461.03,0
CUST-03273,Female,0,Yes,No,43,Yes,No,Fiber optic,Yes,Yes,No,No,No,No,One year,Yes,Bank transfer (automatic),42.38,1832.05,0
CUST-03274,Female,0,No,No,46,Yes,Yes,DSL,No,Yes,No,Yes,Yes,No,One year,No,Electronic check,74.85,3411.8,0
CUST-03275,Female,0,No,No,12,Yes,Yes,Fiber optic,No,No,No,No,Yes,No,Month-to-month,No,Mailed check,79.2,1011.16,1
CUST-03276,Female,0,Yes,No,29,Yes,No,DSL,No,No,No,Yes,Yes,No,Month-to-month,Yes,Electronic check,93.81,2782.49,1
CUST-03277,Female,0,No,Yes,65,Yes,Yes,DSL,No,No,No,No,No,No,Two year,Yes,Bank transfer (automatic),72.89,4730.17,0
CUST-03278,Female,0,No,No,52,Yes,No,Fiber optic,Yes,No,No,No,No,Yes,Month-to-month,Yes,Mailed check,70.16,3619.06,0
CUST-03279,Male,0,Yes,Yes,17,Yes,No,Fiber optic,No,No,No,No,Yes,No,Month-to-month,Yes,Electronic check,79.47,1390.56,1
CUST-03280,Female,0,No,No,27,Yes,No,Fiber optic,No,No,No,No,No,No,Month-to-month,Yes,Bank transfer (automatic),118.75,3238.83,1
CUST-03281,Male,0,No,No,3,Yes,Yes,DSL,No,No,No,Yes,No,No,Two year,No,Bank transfer (automatic),32.55,39.34,0
CUST-03282,Male,1,Yes,Yes,41,Yes,No,No,No internet service,No internet service,No internet service,No internet service,No internet service,No internet service,One year,No,Bank transfer (automatic),28.71,1162.53,0
CUST-03283,Female,1,No,Yes,5,Yes,Yes,DSL,No,Yes,Yes,No,Yes,Yes,One year,No,Electronic check,57.29,396.09,0
CUST-03284,Female,0,Yes,No,8,Yes,Yes,No,No internet service,No internet service,No internet service,No internet service,No internet service,No internet service,One year,Yes,Bank transfer (automatic),53.14,424.72,0
CUST-03285,Male,0,No,No,19,Yes,No,Fiber optic,Yes,No,No,No,Yes,Yes,Two year,Yes,Mailed check,54.19,1041.36,0
CUST-03286,Male,1,No,No,37,Yes,No,DSL,Yes,No,No,No,No,Yes,Month-to-month,No,Mailed check,74.83,2795.96,0
CUST-03287,Male,0,No,Yes,67,Yes,Yes,Fiber optic,No,No,No,Yes,Yes,Yes,Month-to-month,Yes,Bank transfer (automatic),50.05,3325.41,0
CUST-03288,Female,0,Yes,No,49,Yes,Yes,No,No internet service,No internet service,No internet service,No internet service,No internet service,No internet service,Month-to-month,No,Bank transfer (automatic),61.92,3072.4,0
CUST-03289,Female,0,Yes,No,59,Yes,Yes,Fiber optic,Yes,No,Yes,Yes,No,Yes,Month-to-month,No,Bank transfer (automatic),70.83,4197.87,0
CUST-03290,Male,0,Yes,Yes,12,Yes,No,DSL,No,No,No,No,No,No,Month-to-month,Yes,Credit card (automatic),64.89,834.94,0
CUST-03291,Male,1,No,No,41,Yes,No,Fiber optic,Yes,Yes,Yes,Yes,No,No,One year,Yes,Bank transfer (automatic),72.16,2874.3,0
CUST-03292,Female,0,Yes,No,67,Yes,No,Fiber optic,Yes,Yes,No,Yes,Yes,No,Two year,Yes,Mailed check,75.57,5080.9,0
CUST-03293,Male,0,No,No,24,Yes,No,No,No internet service,No internet service,No internet service,No internet service,No internet service,No internet service,One year,Yes,Mailed check,53.15,1286.1,0
CUST-03294,Female,0,Yes,No,30,Yes,No,No,No internet service,No internet service,No internet service,No internet service,No internet service,No internet service,Month-to-month,Yes,Electronic check,67.79,1962.85,1
CUST-03295,Female,0,Yes,No,11,Yes,Yes,DSL,No,No,No,No,No,No,One year,Yes,Electronic check,71.4,772.08,0
CUST-03296,Male,1,Yes,No,63,Yes,Yes,DSL,No,No,No,No,No,Yes,Month-to-month,Yes,Electronic check,102.76,6493.59,1
CUST-03297,Female,0,No,Yes,60,Yes,No,DSL,No,No,Yes,No,No,No,Two year,Yes,Credit card (automatic),41.31,2481.1,0
CUST-03298,Male,0,No,No,52,Yes,Yes,No,No internet service,No internet service,No internet service,No internet service,No internet service,No internet service,Two year,Yes,Bank transfer (automatic),77.83,4045.92,0
CUST-03299,Male,0,Yes,Yes,25,No,No phone service,Fiber optic,No,No,No,Yes,No,No,One year,No,Electronic check,77.59,1939.03,0
CUST-03300,Female,0,Yes,No,60,Yes,Yes,No,No internet service,No internet service,No internet service,No internet service,No internet service,No internet service,Month-to-month,No,Mailed check,82.94,4953.13,0
CUST-03301,Male,0,Yes,No,9,Yes,No,Fiber optic,No,Yes,No,No,No,Yes,Month-to-month,Yes,Electronic check,77.03,793.55,1
CUST-03302,Female,0,Yes,Yes,11,Yes,Yes,Fiber optic,No,No,No,No,No,No,Two year,Yes,Electronic check,38.7,442.12,0
CUST-03303,Female,0,No,Yes,21,Yes,Yes,DSL,No,No,Yes,Yes,No,No,Month-to-month,Yes,Bank transfer (automatic),76.94,1631.23,0
CUST-03304,Male,0,No,No,52,Yes,No,No,No internet service,No internet service,No internet service,No internet service,No internet service,No internet service,Month-to-month,Yes,Bank transfer (automatic),79.87,4086.87,0
CUST-03305,Male,0,No,No,20,Yes,Yes,Fiber optic,Yes,No,No,No,No,Yes,Month-to-month,Yes,Credit card (automatic),86.47,1713.62,1
CUST-03306,Male,0,No,No,34,Yes,No,No,No internet service,No internet service,No internet service,No internet service,No internet service,No internet service,One year,Yes,Electronic check,70.56,2372.59,0
CUST-03307,Male,0,No,No,70,Yes,Yes,DSL,No,No,Yes,No,Yes,No,Month-to-month,No,Mailed check,66.23,4634.56,0
CUST-03308,Male,0,No,No,26,Yes,No,Fiber optic,No,No,Yes,No,No,No,Month-to-month,No,Bank transfer (automatic),98.64,2548.56,1
CUST-03309,Male,0,No,No,59,Yes,Yes,Fiber optic,No,No,No,No,Yes,No,Month-to-month,Yes,Credit card (automatic),47.74,2785.79,0
CUST-03310,Male,0,Yes,Yes,46,Yes,No,DSL,No,No,No,No,Yes,No,Month-to-month,Yes,Mailed check,42.04,1922.42,0
CUST-03311,Female,0,Yes,No,65,Yes,No,Fiber optic,No,No,No,No,Yes,No,Month-to-month,Yes,Electronic check,48.01,3066.5,0
CUST-03312,Female,0,Yes,No,14,No,No phone service,Fiber optic,No,No,No,Yes,Yes,Yes,One year,No,Electronic check,80.6,1158.16,0
CUST-03313,Female,0,Yes,No,23,Yes,No,DSL,Yes,No,No,No,Yes,No,One year,Yes,Electronic check,55.12,1308.01,0
CUST-03314,Male,0,No,Yes,9,Yes,Yes,DSL,No,No,Yes,No,Yes,No,Two year,Yes,Credit card (automatic),68.47,641.13,0
CUST-03315,Male,0,Yes,No,23,Yes,No,Fiber optic,No,No,Yes,Yes,No,No,Month-to-month,Yes,Bank transfer (automatic),107.83,2522.88,1
CUST-03316,Female,0,Yes,No,56,Yes,No,DSL,No,No,Yes,No,No,Yes,Month-to-month,Yes,Electronic check,48.34,2746.32,0
CUST-03317,Female,1,Yes,Yes,33,Yes,No,Fiber optic,Yes,Yes,No,No,Yes,Yes,Month-to-month,Yes,Bank transfer (automatic),32.05,993.43,0
CUST-03318,Male,0,Yes,No,40,Yes,No,Fiber optic,Yes,Yes,No,No,No,No,Month-to-month,Yes,Electronic check,96.3,3926.63,1
CUST-03319,Female,1,No,No,39,Yes,Yes,DSL,No,No,No,No,Yes,Yes,Month-to-month,No,Mailed check,54.56,2171.29,0
CUST-03320,Female,0,No,Yes,10,Yes,No,DSL,Yes,No,No,No,Yes,No,Month-to-month,Yes,Electronic check,42.1,325.54,0
CUST-03321,Female,0,No,Yes,0,Yes,Yes,No,No internet service,No internet service,No internet service,No internet service,No internet service,No internet service,One year,No,Credit card (automatic),67.31,0.0,0
CUST-03322,Male,0,Yes,No,29,Yes,No,DSL,No,No,No,Yes,Yes,No,Month-to-month,No,Credit card (automatic),69.25,1946.62,0
CUST-03323,Female,0,No,No,42,Yes,Yes,Fiber optic,Yes,No,No,No,Yes,No,Month-to-month,No,Credit card (automatic),54.14,2295.58,0
CUST-03324,Female,0,Yes,Yes,25,Yes,Yes,Fiber optic,No,No,No,No,Yes,No,One year,No,Electronic check,87.52,2161.3,0
CUST-03325,Female,0,No,Yes,52,Yes,No,No,No internet service,No internet service,No internet service,No internet service,No internet service,No internet service,One year,No,Credit card (automatic),57.74,3003.68,0
CUST-03326,Female,0,Yes,No,46,Yes,No,DSL,No,No,No,No,Yes,Yes,Month-to-month,Yes,Electronic check,55.77,2652.15,0
CUST-03327,Female,0,Yes,No,8,Yes,No,No,No internet service,No internet service,No internet service,No internet service,No internet service,No internet service,Two year,Yes,Credit card (automatic),24.47,267.97,0
CUST-03328,Female,1,Yes,Yes,8,Yes,No,Fiber optic,No,No,Yes,No,No,Yes,Month-to-month,Yes,Electronic check,18.25,98.11,0
CUST-03329,Male,1,Yes,Yes,0,Yes,No,DSL,No,No,Yes,No,Yes,Yes,Month-to-month,Yes,Electronic check,75.91,0.0,1
CUST-03330,Female,0,No,No,70,Yes,No,DSL,No,Yes,No,No,Yes,No,Month-to-month,Yes,Credit card (automatic),46.7,3360.36,0
CUST-03331,Female,0,Yes,No,43,Yes,Yes,Fiber optic,No,No,No,Yes,Yes,No,Month-to-month,Yes,Electronic check,72.15,3056.71,0
CUST-03332,Female,0,Yes,No,58,Yes,No,DSL,Yes,No,Yes,Yes,No,Yes,Month-to-month,No,Mailed check,118.75,6935.9,0
CUST-03333,Male,0,Yes,No,55,Yes,No,Fiber optic,No,No,No,No,No,Yes,One year,No,Mailed check,89.27,4901.44,0
CUST-03334,Male,0,No,No,50,Yes,No,No,No internet service,No internet service,No internet service,No internet service,No internet service,No internet service,Two year,No,Bank transfer (automatic),77.65,3835.46,0
CUST-03335,Female,0,Yes,No,15,Yes,No,Fiber optic,No,No,Yes,No,Yes,No,Month-to-month,Yes,Bank transfer (automatic),82.69,1316.06,1
CUST-03336,Female,0,No,No,37,Yes,No,Fiber optic,No,No,No,No,No,Yes,Month-to-month,Yes,Bank transfer (automatic),118.75,4372.33,1
CUST-03337,Female,1,No,No,10,Yes,Yes,Fiber optic,No,No,No,No,No,No,Two year,Yes,Electronic check,24.23,234.82,0
CUST-03338,Female,0,Yes,Yes,24,Yes,No,No,No internet service,No internet service,No internet service,No internet service,No internet service,No internet service,Month-to-month,Yes,Credit card (automatic),69.93,1660.58,0
CUST-03339,Female,0,Yes,No,58,Yes,No,DSL,No,No,No,No,No,Yes,Month-to-month,Yes,Mailed check,114.92,6718.03,1
CUST-03340,Female,0,Yes,No,28,Yes,No,Fiber optic,Yes,No,Yes,Yes,No,Yes,Month-to-month,No,Electronic check,81.59,2333.69,0
CUST-03341,Female,0,No,No,39,Yes,Yes,Fiber optic,No,No,No,No,No,No,Month-to-month,Yes,Electronic check,105.53,4078.58,1
CUST-03342,Female,0,Yes,No,7,No,No phone service,DSL,No,No,No,No,No,No,Month-to-month,Yes,Credit card (automatic),55.33,393.11,0
CUST-03343,Female,0,Yes,No,5,Yes,No,DSL,No,Yes,No,Yes,No,No,Month-to-month,Yes,Electronic check,39.43,215.59,0
CUST-03344,Male,0,No,No,44,Yes,No,DSL,No,No,No,No,No,Yes,Month-to-month,No,Bank transfer (automatic),118.75,5273.77,1
CUST-03345,Male,1,No,No,52,Yes,No,Fiber optic,No,No,Yes,Yes,No,No,Two year,No,Credit card (automatic),79.1,4082.82,0
CUST-03346,Female,0,Yes,No,20,Yes,Yes,DSL,No,No,Yes,No,No,No,Month-to-month,No,Electronic check,93.43,1937.72,1
CUST-03347,Male,0,No,No,56,Yes,No,Fiber optic,No,No,Yes,Yes,Yes,No,One year,Yes,Credit card (automatic),99.99,5640.16,0
CUST-03348,Male,0,Yes,No,5,Yes,No,Fiber optic,No,Yes,No,No,Yes,Yes,Month-to-month,No,Electronic check,102.68,465.92,1
CUST-03349,Male,0,Yes,No,62,Yes,Yes,Fiber optic,No,No,Yes,No,No,Yes,Month-to-month,No,Electronic check,85.97,5354.37,1
CUST-03350,Male,0,Yes,Yes,5,Yes,Yes,Fiber optic,No,No,No,No,No,Yes,Month-to-month,Yes,Bank transfer (automatic),79.14,420.16,1
CUST-03351,Male,0,No,Yes,52,Yes,Yes,Fiber optic,No,Yes,Yes,No,Yes,No,Two year,No,Bank transfer (automatic),89.66,4626.87,0
CUST-03352,Male,0,Yes,No,3,Yes,No,No,No internet service,No internet service,No internet service,No internet service,No internet service,No internet service,One year,No,Electronic check,54.38,184.47,0
CUST-03353,Female,1,No,No,8,Yes,No,No,No internet service,No internet service,No internet service,No internet service,No internet service,No internet service,Month-to-month,Yes,Mailed check,97.37,779.08,1
CUST-03354,Female,0,No,No,68,Yes,No,No,No internet service,No internet service,No internet service,No internet service,No internet service,No internet service,Two year,Yes,Mailed check,65.16,4354.31,0
CUST-03355,Male,0,Yes,Yes,71,Yes,No,DSL,No,Yes,Yes,No,No,No,One year,Yes,Electronic check,107.52,7474.12,0
CUST-03356,Male,0,No,No,3,Yes,No,DSL,No,No,No,No,No,No,Two year,No,Mailed check,90.29,373.33,0
CUST-03357,Female,0,Yes,Yes,57,Yes,No,Fiber optic,No,No,No,No,Yes,Yes,One year,Yes,Mailed check,22.75,1290.55,0
CUST-03358,Male,0,No,No,36,Yes,Yes,Fiber optic,No,No,Yes,No,Yes,No,Month-to-month,Yes,Electronic check,95.17,3431.52,1
CUST-03359,Female,0,No,Yes,70,Yes,Yes,DSL,Yes,No,No,Yes,No,No,One year,Yes,Bank transfer (automatic),85.56,5937.87,0
CUST-03360,Female,0,Yes,Yes,5,Yes,No,DSL,No,Yes,No,No,No,Yes,Two year,Yes,Electronic check,104.04,490.28,1
CUST-03361,Female,0,Yes,Yes,50,Yes,Yes,No,No internet service,No internet service,No internet service,No internet service,No internet service,No internet service,Month-to-month,Yes,Mailed check,118.75,6045.91,1
CUST-03362,Male,0,Yes,No,49,Yes,Yes,DSL,Yes,No,No,No,Yes,No,One year,No,Electronic check,79.58,4020.32,0
CUST-03363,Female,0,Yes,No,13,Yes,Yes,Fiber optic,No,No,No,Yes,Yes,No,Month-to-month,No,Mailed check,80.73,956.72,0
CUST-03364,Male,0,Yes,Yes,10,Yes,Yes,DSL,No,Yes,No,No,No,No,Month-to-month,Yes,Credit card (automatic),39.31,395.97,0
CUST-03365,Female,0,Yes,No,9,Yes,Yes,Fiber optic,No,Yes,No,No,No,Yes,Month-to-month,Yes,Bank transfer (automatic),67.04,696.76,1
CUST-03366,Female,0,No,Yes,60,Yes,No,Fiber optic,No,No,No,No,No,Yes,Month-to-month,No,Electronic check,118.75,7134.9,1
CUST-03367,Male,0,Yes,No,12,Yes,Yes,DSL,No,Yes,No,No,Yes,No,One year,Yes,Credit card (automatic),71.68,894.36,0
CUST-03368,Male,0,No,No,33,Yes,Yes,No,No internet service,No internet service,No internet service,No internet service,No internet service,No internet service,Month-to-month,Yes,Mailed check,97.77,3217.93,0
CUST-03369,Male,0,No,No,59,Yes,Yes,Fiber optic,No,No,No,No,No,Yes,Month-to-month,Yes,Electronic check,77.65,4607.12,0
CUST-03370,Female,0,Yes,No,50,Yes,No,Fiber optic,No,No,No,No,No,Yes,One year,No,Mailed check,74.02,3773.28,0
CUST-03371,Male,0,No,No,4,Yes,No,No,No internet service,No internet service,No internet service,No internet service,No internet service,No internet service,Two year,Yes,Electronic check,84.92,365.77,0
CUST-03372,Female,0,Yes,No,31,Yes,No,Fiber optic,No,No,No,No,No,Yes,Month-to-month,Yes,Credit card (automatic),18.25,504.97,0
CUST-03373,Male,0,Yes,No,11,Yes,No,Fiber optic,No,No,No,Yes,No,No,Month-to-month,No,Mailed check,80.82,857.49,0
CUST-03374,Female,0,No,No,51,Yes,Yes,DSL,No,Yes,No,No,Yes,Yes,Month-to-month,Yes,Mailed check,20.85,1102.02,0
CUST-03375,Female,0,Yes,Yes,12,Yes,Yes,Fiber optic,No,No,No,No,Yes,No,Month-to-month,Yes,Electronic check,69.6,831.81,1
CUST-03376,Female,0,No,No,53,Yes,Yes,DSL,No,No,Yes,No,No,Yes,One year,No,Bank transfer (automatic),56.48,2966.18,0
CUST-03377,Female,0,No,No,53,Yes,No,DSL,Yes,Yes,No,No,Yes,No,Two year,Yes,Credit card (automatic),48.48,2514.94,0
CUST-03378,Male,0,No,No,40,Yes,No,Fiber optic,No,No,Yes,No,No,No,Month-to-month,Yes,Credit card (automatic),112.51,4450.56,1
CUST-03379,Male,0,No,No,47,Yes,Yes,DSL,No,No,No,No,No,Yes,Month-to-month,No,Electronic check,104.52,4876.68,1
CUST-03380,Female,0,No,No,50,Yes,Yes,Fiber optic,No,No,No,No,No,No,One year,No,Bank transfer (automatic),68.04,3424.84,0
CUST-03381,Male,0,Yes,Yes,46,Yes,No,Fiber optic,No,No,No,No,Yes,Yes,Month-to-month,No,Electronic check,118.75,5436.64,1
CUST-03382,Male,0,Yes,Yes,49,Yes,Yes,Fiber optic,No,No,No,No,Yes,No,Month-to-month,No,Electronic check,101.65,4989.75,1
CUST-03383,Male,0,No,No,45,Yes,No,DSL,Yes,No,Yes,No,Yes,No,One year,No,Mailed check,72.3,3261.38,0
CUST-03384,Male,1,Yes,No,37,Yes,No,DSL,Yes,No,Yes,No,No,No,Month-to-month,Yes,Bank transfer (automatic),27.95,1072.6,0
CUST-03385,Male,0,Yes,No,12,Yes,No,Fiber optic,No,No,No,No,Yes,No,Month-to-month,No,Electronic check,69.2,789.3,1
CUST-03386,Female,0,Yes,No,21,Yes,No,Fiber optic,Yes,Yes,No,Yes,Yes,Yes,Month-to-month,No,Bank transfer (automatic),57.13,1280.55,0
CUST-03387,Male,1,No,No,1,Yes,Yes,DSL,No,No,No,Yes,Yes,No,Two year,Yes,Credit card (automatic),58.58,0.0,0
CUST-03388,Female,0,Yes,Yes,12,Yes,No,Fiber optic,No,No,No,No,No,No,Month-to-month,Yes,Electronic check,82.0,967.72,1
CUST-03389,Male,0,No,No,56,Yes,No,Fiber optic,No,No,No,No,No,Yes,Month-to-month,No,Mailed check,62.07,3454.68,0
CUST-03390,Female,0,Yes,No,33,Yes,Yes,DSL,No,No,No,No,Yes,No,Month-to-month,No,Mailed check,107.61,3511.64,0
CUST-03391,Male,0,Yes,Yes,18,Yes,No,Fiber optic,No,Yes,Yes,No,Yes,No,Month-to-month,No,Credit card (automatic),59.25,956.29,0
CUST-03392,Female,0,Yes,No,8,No,No phone service,DSL,Yes,Yes,No,No,No,Yes,Month-to-month,No,Bank transfer (automatic),45.56,425.15,0
CUST-03393,Female,1,Yes,Yes,32,Yes,Yes,No,No internet service,No internet service,No internet service,No internet service,No internet service,No internet service,Two year,Yes,Bank transfer (automatic),90.68,2943.23,0
CUST-03394,Male,0,No,No,26,Yes,No,DSL,No,No,Yes,No,Yes,Yes,Month-to-month,Yes,Bank transfer (automatic),72.91,1920.6,0
CUST-03395,Female,0,Yes,Yes,44,Yes,Yes,DSL,No,No,No,No,Yes,No,One year,Yes,Bank transfer (automatic),97.49,4253.25,0
CUST-03396,Female,0,Yes,No,1,Yes,No,No,No internet service,No internet service,No internet service,No internet service,No internet service,No internet service,Month-to-month,Yes,Mailed check,74.42,49.14,1
CUST-03397,Female,0,No,No,56,Yes,Yes,DSL,No,Yes,No,Yes,Yes,Yes,Month-to-month,No,Mailed check,43.05,2393.99,0
CUST-03398,Female,0,Yes,No,56,Yes,No,Fiber optic,No,No,No,No,No,Yes,Month-to-month,Yes,Mailed check,85.38,4769.3,0
CUST-03399,Male,1,Yes,No,15,Yes,Yes,DSL,Yes,No,No,No,No,No,Month-to-month,Yes,Credit card (automatic),49.38,780.45,0
CUST-03400,Female,1,Yes,Yes,5,No,No phone service,No,No internet service,No internet service,No internet service,No internet service,No internet service,No internet service,Two year,Yes,Mailed check,74.35,347.02,0
CUST-03401,Male,0,No,No,13,Yes,No,No,No internet service,No internet service,No internet service,No internet service,No internet service,No internet service,Month-to-month,Yes,Credit card (automatic),56.86,696.34,0
CUST-03402,Male,1,No,No,26,Yes,No,Fiber optic,No,No,Yes,No,No,No,One year,Yes,Electronic check,68.47,1787.55,0
CUST-03403,Female,0,Yes,No,37,Yes,No,DSL,No,No,No,No,Yes,Yes,Two year,Yes,Mailed check,76.22,2822.27,0
CUST-03404,Male,0,Yes,No,18,Yes,No,DSL,No,No,Yes,No,Yes,Yes,Month-to-month,Yes,Electronic check,90.85,1660.48,1
CUST-03405,Female,0,Yes,Yes,36,Yes,No,Fiber optic,No,Yes,Yes,No,No,No,Month-to-month,Yes,Mailed check,61.22,2273.36,0
CUST-03406,Female,0,Yes,Yes,3,Yes,No,DSL,No,No,No,No,No,Yes,Month-to-month,Yes,Bank transfer (automatic),18.25,34.4,0
CUST-03407,Female,0,No,No,57,Yes,Yes,Fiber optic,No,Yes,No,No,Yes,Yes,Month-to-month,Yes,Credit card (automatic),54.0,3124.61,0
CUST-03408,Female,0,No,No,8,Yes,Yes,Fiber optic,Yes,No,Yes,No,No,No,One year,Yes,Electronic check,74.45,602.71,0
CUST-03409,Male,0,Yes,No,39,Yes,Yes,No,No internet service,No internet service,No internet service,No internet service,No internet service,No internet service,Two year,Yes,Credit card (automatic),104.96,4144.66,0
CUST-03410,Male,0,No,No,14,Yes,Yes,DSL,Yes,Yes,Yes,No,No,No,One year,Yes,Credit card (automatic),79.44,1173.77,0
CUST-03411,Male,0,Yes,No,3,Yes,Yes,Fiber optic,No,Yes,Yes,No,No,No,Month-to-month,No,Credit card (automatic),95.31,248.07,1
CUST-03412,Male,1,Yes,No,51,Yes,No,Fiber optic,No,No,Yes,No,No,Yes,Month-to-month,Yes,Mailed check,81.02,4230.99,1
CUST-03413,Male,0,Yes,No,17,No,No phone service,Fiber optic,Yes,No,No,No,No,No,One year,Yes,Mailed check,77.81,1331.82,0
CUST-03414,Male,0,Yes,No,52,Yes,No,No,No internet service,No internet service,No internet service,No internet service,No internet service,No internet service,Two year,No,Electronic check,71.17,3643.47,0
CUST-03415,Female,0,No,No,58,Yes,No,DSL,No,No,Yes,No,Yes,No,One year,No,Mailed check,104.29,5991.87,0
CUST-03416,Female,0,Yes,No,53,Yes,Yes,Fiber optic,No,No,Yes,No,No,No,Month-to-month,Yes,Electronic check,118.51,6354.69,1
CUST-03417,Male,0,Yes,Yes,40,Yes,Yes,No,No internet service,No internet service,No internet service,No internet service,No internet service,No internet service,Month-to-month,Yes,Credit card (automatic),51.44,2123.32,0
CUST-03418,Female,0,No,No,59,Yes,No,DSL,No,Yes,No,No,No,No,Two year,Yes,Mailed check,83.81,4999.62,0
CUST-03419,Male,0,No,No,3,Yes,No,Fiber optic,No,No,No,Yes,Yes,No,Month-to-month,No,Electronic check,40.62,94.8,0
CUST-03420,Male,0,No,No,38,Yes,No,DSL,No,Yes,No,No,Yes,No,Month-to-month,Yes,Credit card (automatic),117.06,4429.6,1
CUST-03421,Female,0,No,No,6,Yes,No,Fiber optic,No,No,No,Yes,Yes,No,One year,No,Electronic check,75.11,371.87,0
CUST-03422,Female,0,Yes,Yes,22,Yes,Yes,Fiber optic,No,No,No,No,No,Yes,Month-to-month,No,Credit card (automatic),72.56,1581.73,0
CUST-03423,Female,0,No,No,62,Yes,Yes,DSL,No,Yes,No,No,No,No,Month-to-month,No,Electronic check,50.15,3117.83,0
CUST-03424,Male,0,No,No,64,Yes,Yes,Fiber optic,No,No,No,Yes,No,Yes,Month-to-month,No,Bank transfer (automatic),73.25,4763.01,0
CUST-03425,Female,0,No,Yes,40,Yes,Yes,No,No internet service,No internet service,No internet service,No internet service,No internet service,No internet service,Two year,Yes,Bank transfer (automatic),73.67,2933.03,0
CUST-03426,Female,0,No,No,43,Yes,No,No,No internet service,No internet service,No internet service,No internet service,No internet service,No internet service,Month-to-month,Yes,Bank transfer (automatic),49.12,2095.47,0
CUST-03427,Female,0,Yes,No,44,Yes,Yes,Fiber optic,No,No,No,Yes,Yes,No,Two year,Yes,Mailed check,79.88,3529.19,0
CUST-03428,Female,1,No,No,68,No,No phone service,Fiber optic,No,No,Yes,No,No,Yes,Month-to-month,Yes,Electronic check,57.98,3985.17,1
CUST-03429,Female,0,Yes,No,50,Yes,Yes,No,No internet service,No internet service,No internet service,No internet service,No internet service,No internet service,Two year,No,Electronic check,87.81,4468.14,0
CUST-03430,Female,0,Yes,Yes,64,Yes,No,Fiber optic,No,Yes,No,Yes,Yes,Yes,Two year,Yes,Credit card (automatic),54.24,3436.39,0
CUST-03431,Female,0,Yes,No,53,Yes,No,Fiber optic,No,No,Yes,No,Yes,No,Month-to-month,No,Mailed check,81.29,4299.82,0
CUST-03432,Female,0,No,No,55,No,No phone service,Fiber optic,No,Yes,Yes,Yes,No,No,One year,No,Credit card (automatic),72.8,4010.85,0
CUST-03433,Female,0,Yes,Yes,71,Yes,Yes,Fiber optic,Yes,No,Yes,No,No,No,Month-to-month,Yes,Bank transfer (automatic),87.4,6192.09,0
CUST-03434,Male,1,No,No,39,Yes,No,DSL,No,No,No,No,Yes,No,Month-to-month,No,Bank transfer (automatic),79.56,3071.82,0
CUST-03435,Female,1,Yes,No,57,No,No phone service,DSL,Yes,No,No,Yes,Yes,No,One year,No,Credit card (automatic),80.29,4563.68,0
CUST-03436,Male,0,No,Yes,14,Yes,Yes,Fiber optic,Yes,No,No,No,No,Yes,Two year,Yes,Mailed check,53.45,687.39,0
CUST-03437,Male,0,Yes,No,18,Yes,Yes,Fiber optic,No,No,Yes,No,Yes,Yes,One year,Yes,Bank transfer (automatic),86.35,1523.99,0
CUST-03438,Female,0,No,No,9,Yes,Yes,No,No internet service,No internet service,No internet service,No internet service,No internet service,No internet service,Month-to-month,Yes,Credit card (automatic),78.43,644.22,0
CUST-03439,Female,0,No,No,15,Yes,Yes,Fiber optic,No,No,Yes,No,Yes,Yes,Month-to-month,Yes,Electronic check,88.01,1320.76,1
CUST-03440,Female,0,Yes,No,42,Yes,Yes,DSL,No,Yes,Yes,No,No,No,Two year,No,Credit card (automatic),75.2,3138.82,0
CUST-03441,Male,0,Yes,No,30,No,No phone service,Fiber optic,No,No,No,Yes,No,Yes,Month-to-month,No,Electronic check,69.68,2063.13,0
CUST-03442,Female,0,No,Yes,15,Yes,Yes,DSL,No,No,No,Yes,Yes,Yes,Month-to-month,Yes,Bank transfer (automatic),46.71,701.45,0
CUST-03443,Male,0,No,No,27,Yes,No,DSL,Yes,No,No,No,Yes,No,Month-to-month,Yes,Credit card (automatic),57.23,1421.54,0
CUST-03444,Female,0,No,Yes,61,Yes,No,DSL,No,No,Yes,No,Yes,No,Month-to-month,Yes,Bank transfer (automatic),66.64,4049.19,0
CUST-03445,Female,0,Yes,No,19,Yes,No,DSL,No,Yes,No,No,No,Yes,Month-to-month,No,Electronic check,96.67,1846.46,1
CUST-03446,Female,0,No,Yes,34,Yes,Yes,DSL,No,No,No,No,No,No,Two year,No,Mailed check,43.61,1531.48,0
CUST-03447,Female,0,Yes,No,58,Yes,No,DSL,Yes,No,No,No,Yes,No,Two year,Yes,Mailed check,44.57,2615.52,0
CUST-03448,Female,1,No,No,8,Yes,Yes,Fiber optic,No,No,Yes,Yes,Yes,Yes,One year,No,Mailed check,69.34,618.24,0
CUST-03449,Female,0,No,Yes,9,Yes,Yes,DSL,Yes,No,No,Yes,Yes,Yes,One year,No,Bank transfer (automatic),52.09,397.14,0
CUST-03450,Male,0,Yes,No,44,Yes,Yes,DSL,No,No,No,No,No,No,Month-to-month,Yes,Bank transfer (automatic),66.55,2980.52,0
CUST-03451,Male,0,No,Yes,14,Yes,No,No,No internet service,No internet service,No internet service,No internet service,No internet service,No internet service,Month-to-month,Yes,Credit card (automatic),60.95,868.24,0
CUST-03452,Female,0,No,No,29,Yes,No,Fiber optic,No,No,No,Yes,Yes,No,One year,Yes,Electronic check,58.26,1662.69,0
CUST-03453,Female,0,No,No,47,Yes,Yes,DSL,No,No,No,No,No,No,Two year,Yes,Electronic check,57.45,2705.55,0
CUST-03454,Male,0,Yes,Yes,39,Yes,No,DSL,Yes,No,No,No,No,No,Month-to-month,Yes,Electronic check,52.12,2188.95,0
CUST-03455,Female,1,Yes,No,43,Yes,Yes,Fiber optic,No,No,No,No,Yes,No,Two year,Yes,Electronic check,66.74,2877.09,0
CUST-03456,Male,0,No,Yes,45,Yes,No,Fiber optic,No,No,Yes,No,Yes,No,Two year,No,Mailed check,39.69,1790.07,0
CUST-03457,Female,0,Yes,Yes,5,Yes,No,DSL,Yes,No,Yes,Yes,No,No,Month-to-month,Yes,Electronic check,85.84,472.15,0
CUST-03458,Female,0,Yes,No,23,Yes,Yes,DSL,No,No,No,No,No,No,Two year,Yes,Mailed check,51.09,1164.12,0
CUST-03459,Female,1,No,No,72,Yes,Yes,No,No internet service,No internet service,No internet service,No internet service,No internet service,No internet service,One year,Yes,Electronic check,91.33,6536.14,0
CUST-03460,Female,0,Yes,No,6,Yes,No,Fiber optic,No,No,No,Yes,Yes,No,Month-to-month,Yes,Mailed check,54.35,396.3,0
CUST-03461,Male,1,No,Yes,5,Yes,No,Fiber optic,No,No,Yes,No,No,Yes,Month-to-month,No,Bank transfer (automatic),96.63,411.18,1
CUST-03462,Male,1,Yes,No,32,Yes,Yes,DSL,No,Yes,No,No,No,Yes,One year,Yes,Bank transfer (automatic),75.45,2416.56,0
CUST-03463,Female,0,Yes,No,37,Yes,No,DSL,No,No,Yes,Yes,Yes,No,Two year,No,Bank transfer (automatic),48.22,1780.9,0
CUST-03464,Female,0,No,Yes,43,Yes,Yes,Fiber optic,Yes,No,No,No,No,Yes,Month-to-month,Yes,Mailed check,118.75,5064.6,1
CUST-03465,Male,1,No,No,16,Yes,No,No,No internet service,No internet service,No internet service,No internet service,No internet service,No internet service,Month-to-month,Yes,Mailed check,61.78,922.59,0
CUST-03466,Female,0,No,No,30,Yes,Yes,DSL,No,No,Yes,No,Yes,Yes,One year,No,Electronic check,60.25,1801.13,0
CUST-03467,Male,0,No,No,36,Yes,No,No,No internet service,No internet service,No internet service,No internet service,No internet service,No internet service,Month-to-month,No,Electronic check,62.79,2278.75,0
CUST-03468,Female,0,No,Yes,10,No,No phone service,DSL,No,No,No,No,No,No,Two year,No,Credit card (automatic),81.34,865.78,0
CUST-03469,Female,0,Yes,No,4,Yes,No,Fiber optic,No,No,No,Yes,Yes,No,Two year,No,Bank transfer (automatic),34.24,98.39,0
CUST-03470,Male,0,Yes,Yes,63,Yes,No,DSL,No,No,Yes,No,Yes,Yes,One year,No,Electronic check,82.15,5136.23,0
CUST-03471,Male,0,Yes,No,2,Yes,No,Fiber optic,No,Yes,No,No,No,Yes,Month-to-month,No,Credit card (automatic),28.15,132.61,0
CUST-03472,Female,0,No,No,55,Yes,Yes,Fiber optic,No,Yes,No,No,No,No,Two year,Yes,Bank transfer (automatic),75.8,4145.61,0
CUST-03473,Female,0,Yes,No,62,Yes,Yes,Fiber optic,Yes,No,No,Yes,Yes,No,Two year,No,Bank transfer (automatic),106.78,6603.67,0
CUST-03474,Female,0,Yes,No,37,Yes,Yes,Fiber optic,No,Yes,No,No,No,No,Month-to-month,Yes,Mailed check,61.27,2327.93,0
CUST-03475,Female,1,Yes,No,53,Yes,Yes,Fiber optic,No,No,Yes,No,Yes,No,One year,Yes,Electronic check,99.55,5193.85,1
CUST-03476,Female,0,Yes,No,1,Yes,No,Fiber optic,Yes,No,Yes,No,No,Yes,Month-to-month,Yes,Electronic check,28.4,0.0,0
CUST-03477,Female,0,Yes,No,1,Yes,Yes,DSL,No,No,Yes,No,No,No,Month-to-month,No,Mailed check,54.6,124.2,0
CUST-03478,Female,0,No,Yes,11,Yes,Yes,Fiber optic,Yes,Yes,No,No,Yes,No,Month-to-month,No,Bank transfer (automatic),40.92,420.04,0
CUST-03479,Female,0,Yes,No,39,Yes,No,DSL,No,Yes,No,Yes,Yes,No,Month-to-month,No,Credit card (automatic),118.75,4604.55,0
CUST-03480,Male,1,No,No,1,Yes,No,Fiber optic,No,Yes,Yes,No,No,Yes,Two year,Yes,Bank transfer (automatic),59.94,37.45,0
CUST-03481,Male,0,No,No,56,Yes,No,No,No internet service,No internet service,No internet service,No internet service,No internet service,No internet service,Month-to-month,Yes,Mailed check,61.52,3429.11,0
CUST-03482,Female,0,Yes,No,46,Yes,Yes,DSL,Yes,No,No,No,Yes,Yes,One year,Yes,Bank transfer (automatic),69.94,3194.28,0
CUST-03483,Male,1,No,No,35,No,No phone service,No,No internet service,No internet service,No internet service,No internet service,No internet service,No internet service,Two year,Yes,Electronic check,75.03,2633.17,0
CUST-03484,Female,1,Yes,No,3,Yes,No,No,No internet service,No internet service,No internet service,No internet service,No internet service,No internet service,One year,No,Credit card (automatic),61.14,246.06,0
CUST-03485,Female,0,No,No,23,Yes,No,Fiber optic,No,No,No,Yes,No,No,Two year,Yes,Electronic check,43.42,958.48,0
CUST-03486,Female,0,No,No,61,Yes,Yes,DSL,No,No,No,No,Yes,No,Two year,Yes,Bank transfer (automatic),112.21,6815.25,0
CUST-03487,Male,0,No,Yes,1,No,No phone service,Fiber optic,No,Yes,No,No,No,Yes,One year,Yes,Electronic check,97.34,98.94,1
CUST-03488,Male,0,No,No,14,Yes,No,No,No internet service,No internet service,No internet service,No internet service,No internet service,No internet service,One year,No,Electronic check,80.27,1202.36,0
CUST-03489,Male,0,Yes,No,48,Yes,No,DSL,No,Yes,No,Yes,Yes,Yes,Month-to-month,Yes,Bank transfer (automatic),83.66,4000.91,0
CUST-03490,Male,0,Yes,No,34,Yes,Yes,No,No internet service,No internet service,No internet service,No internet service,No internet service,No internet service,Month-to-month,Yes,Bank transfer (automatic),80.11,2678.79,0
CUST-03491,Male,0,No,No,46,Yes,No,No,No internet service,No internet service,No internet service,No internet service,No internet service,No internet service,Month-to-month,Yes,Electronic check,64.97,2887.65,0
CUST-03492,Female,0,Yes,Yes,23,Yes,No,Fiber optic,Yes,No,No,No,Yes,No,Month-to-month,No,Bank transfer (automatic),59.06,1320.33,0
CUST-03493,Female,0,Yes,No,59,Yes,No,No,No internet service,No internet service,No internet service,No internet service,No internet service,No internet service,Month-to-month,No,Electronic check,118.04,6920.98,1
CUST-03494,Female,1,Yes,No,47,Yes,No,Fiber optic,No,Yes,Yes,No,Yes,Yes,Two year,No,Credit card (automatic),92.16,4271.94,0
CUST-03495,Female,0,No,No,22,No,No phone service,Fiber optic,Yes,Yes,Yes,Yes,No,No,Two year,No,Bank transfer (automatic),39.81,879.34,0
CUST-03496,Male,1,Yes,No,11,Yes,No,DSL,Yes,No,No,No,Yes,Yes,Month-to-month,Yes,Electronic check,60.24,649.49,1
CUST-03497,Female,1,No,No,40,Yes,No,DSL,No,No,No,No,No,Yes,Month-to-month,Yes,Electronic check,87.75,3581.3,1
CUST-03498,Female,0,Yes,Yes,28,Yes,No,Fiber optic,No,Yes,No,No,No,No,Two year,No,Electronic check,83.09,2337.29,0
CUST-03499,Male,0,Yes,Yes,69,Yes,No,DSL,No,No,Yes,No,Yes,No,One year,No,Electronic check,92.78,6452.25,0
CUST-03500,Female,0,No,Yes,50,Yes,No,Fiber optic,No,Yes,Yes,Yes,No,No,Two year,Yes,Mailed check,39.79,1980.94,0
CUST-03501,Male,0,Yes,No,22,Yes,No,No,No internet service,No internet service,No internet service,No internet service,No internet service,No internet service,Month-to-month,Yes,Electronic check,81.06,1739.4,1
CUST-03502,Female,0,No,No,30,Yes,No,DSL,No,Yes,Yes,No,No,No,Month-to-month,Yes,Mailed check,102.05,3092.44,1
CUST-03503,Female,0,Yes,No,20,Yes,Yes,DSL,No,No,Yes,No,No,No,Month-to-month,No,Electronic check,35.15,646.56,0
CUST-03504,Male,1,Yes,No,23,No,No phone service,Fiber optic,No,No,No,No,No,No,Month-to-month,No,Bank transfer (automatic),116.68,2741.51,1
CUST-03505,Female,0,Yes,No,71,Yes,No,DSL,Yes,No,No,Yes,No,Yes,Two year,No,Mailed check,88.11,6218.42,0
CUST-03506,Female,0,No,No,8,Yes,No,No,No internet service,No internet service,No internet service,No internet service,No internet service,No internet service,Month-to-month,No,Bank transfer (automatic),73.85,627.82,0
CUST-03507,Female,0,No,No,21,Yes,No,Fiber optic,No,No,Yes,No,No,Yes,Month-to-month,Yes,Credit card (automatic),49.13,1050.54,0
CUST-03508,Male,0,No,No,3,Yes,Yes,Fiber optic,No,No,Yes,No,Yes,No,One year,No,Mailed check,54.5,114.95,0
CUST-03509,Female,1,Yes,Yes,2,Yes,Yes,DSL,No,No,No,No,No,No,Month-to-month,Yes,Electronic check,60.84,182.21,1
CUST-03510,Male,0,No,No,27,Yes,No,DSL,Yes,No,No,Yes,Yes,No,Month-to-month,No,Credit card (automatic),38.1,1124.72,0
CUST-03511,Male,0,Yes,No,14,Yes,No,DSL,No,No,No,Yes,Yes,No,Two year,Yes,Electronic check,64.07,859.51,0
CUST-03512,Male,0,No,No,7,Yes,Yes,DSL,Yes,No,No,No,No,Yes,Two year,Yes,Credit card (automatic),48.67,307.96,0
CUST-03513,Female,0,No,No,47,Yes,No,Fiber optic,No,Yes,Yes,No,Yes,Yes,Two year,Yes,Electronic check,93.6,4402.64,0
CUST-03514,Female,0,No,No,51,Yes,No,Fiber optic,No,No,Yes,Yes,Yes,Yes,One year,Yes,Bank transfer (automatic),18.25,974.13,0
CUST-03515,Female,0,Yes,No,54,Yes,No,DSL,No,No,No,No,No,No,One year,No,Mailed check,71.32,3912.5,0
CUST-03516,Female,0,No,No,36,Yes,No,DSL,No,No,No,No,No,Yes,Month-to-month,Yes,Credit card (automatic),50.81,1811.25,0
CUST-03517,Male,1,Yes,No,3,Yes,Yes,Fiber optic,Yes,No,No,No,No,Yes,Month-to-month,Yes,Bank transfer (automatic),70.48,218.33,1
CUST-03518,Male,1,No,No,54,Yes,No,No,No internet service,No internet service,No internet service,No internet service,No internet service,No internet service,Month-to-month,Yes,Electronic check,118.75,6394.91,1
CUST-03519,Male,0,Yes,Yes,11,Yes,No,Fiber optic,No,No,No,No,No,Yes,One year,No,Bank transfer (automatic),113.38,1226.53,0
CUST-03520,Male,1,Yes,No,18,Yes,No,DSL,No,No,Yes,No,Yes,Yes,Month-to-month,Yes,Electronic check,60.13,1055.76,1
CUST-03521,Male,0,Yes,Yes,56,Yes,No,No,No internet service,No internet service,No internet service,No internet service,No internet service,No internet service,Two year,Yes,Electronic check,73.14,4027.66,0
CUST-03522,Male,0,Yes,No,36,Yes,Yes,No,No internet service,No internet service,No internet service,No internet service,No internet service,No internet service,One year,Yes,Electronic check,54.05,1988.96,0
CUST-03523,Male,0,Yes,No,6,Yes,No,DSL,No,No,Yes,No,No,No,Month-to-month,Yes,Electronic check,67.06,407.46,1
CUST-03524,Male,0,No,No,54,Yes,No,Fiber optic,No,No,Yes,No,No,No,Month-to-month,Yes,Bank transfer (automatic),95.9,5254.89,1
CUST-03525,Male,0,No,No,27,Yes,No,Fiber optic,No,Yes,No,No,No,No,One year,Yes,Credit card (automatic),40.91,1145.79,0
CUST-03526,Male,0,No,No,36,Yes,No,No,No internet service,No internet service,No internet service,No internet service,No internet service,No internet service,Two year,Yes,Bank transfer (automatic),114.17,4090.11,0
CUST-03527,Female,0,No,Yes,60,Yes,No,Fiber optic,No,Yes,No,No,Yes,Yes,Two year,Yes,Bank transfer (automatic),101.19,6014.34,0
CUST-03528,Female,0,Yes,Yes,38,No,No phone service,No,No internet service,No internet service,No internet service,No internet service,No internet service,No internet service,One year,Yes,Bank transfer (automatic),97.05,3781.27,0
CUST-03529,Female,0,No,No,22,Yes,No,DSL,Yes,No,No,Yes,Yes,No,Month-to-month,Yes,Credit card (automatic),82.62,1732.71,0
CUST-03530,Male,0,Yes,No,51,Yes,No,DSL,Yes,Yes,No,No,No,No,Two year,Yes,Electronic check,54.49,2761.9,0
CUST-03531,Male,1,No,Yes,10,Yes,Yes,Fiber optic,Yes,Yes,No,No,Yes,Yes,One year,No,Bank transfer (automatic),96.69,950.59,0
CUST-03532,Female,0,Yes,Yes,65,No,No phone service,Fiber optic,No,No,Yes,Yes,Yes,No,Two year,No,Electronic check,71.03,4584.6,0
CUST-03533,Male,0,Yes,No,12,Yes,No,Fiber optic,No,No,Yes,No,No,No,Month-to-month,Yes,Mailed check,29.45,310.83,0
CUST-03534,Male,0,Yes,No,40,Yes,No,No,No internet service,No internet service,No internet service,No internet service,No internet service,No internet service,One year,Yes,Electronic check,77.55,3040.94,0
CUST-03535,Male,0,Yes,No,48,No,No phone service,Fiber optic,No,No,No,No,No,Yes,Two year,No,Electronic check,47.69,2252.84,0
CUST-03536,Male,0,Yes,No,14,Yes,No,Fiber optic,Yes,No,No,No,No,Yes,Month-to-month,Yes,Electronic check,56.82,792.92,0
CUST-03537,Male,0,Yes,Yes,55,Yes,No,Fiber optic,No,No,No,Yes,No,Yes,One year,No,Credit card (automatic),95.31,5257.33,0
CUST-03538,Male,1,No,No,53,No,No phone service,Fiber optic,No,No,No,No,Yes,No,Month-to-month,No,Electronic check,74.37,3915.36,1
CUST-03539,Female,0,No,Yes,30,Yes,Yes,Fiber optic,No,No,Yes,No,Yes,Yes,Month-to-month,Yes,Bank transfer (automatic),73.23,2170.39,1
CUST-03540,Male,1,Yes,No,60,Yes,Yes,Fiber optic,No,Yes,No,Yes,No,No,Month-to-month,No,Credit card (automatic),107.54,6400.28,0
CUST-03541,Male,0,Yes,No,57,Yes,No,Fiber optic,Yes,Yes,Yes,No,No,No,Two year,Yes,Mailed check,21.51,1234.45,0
CUST-03542,Female,0,No,No,59,Yes,Yes,DSL,Yes,No,No,Yes,No,Yes,Month-to-month,No,Bank transfer (automatic),106.32,6275.29,0
CUST-03543,Male,0,Yes,No,52,Yes,No,DSL,No,No,Yes,No,No,No,Two year,Yes,Electronic check,80.91,4226.3,0
CUST-03544,Male,0,No,No,60,Yes,No,No,No internet service,No internet service,No internet service,No internet service,No internet service,No internet service,One year,Yes,Mailed check,76.6,4568.94,0
CUST-03545,Female,0,Yes,No,41,Yes,No,DSL,No,Yes,No,No,No,Yes,Month-to-month,Yes,Credit card (automatic),74.75,3019.21,0
CUST-03546,Male,0,No,No,28,Yes,No,DSL,No,No,Yes,Yes,No,Yes,Month-to-month,Yes,Electronic check,89.88,2515.66,1
CUST-03547,Male,0,No,No,26,Yes,Yes,Fiber optic,No,Yes,No,No,Yes,No,Month-to-month,Yes,Electronic check,99.26,2606.79,1
CUST-03548,Female,0,No,No,43,Yes,Yes,DSL,Yes,No,No,No,Yes,No,Two year,Yes,Electronic check,70.06,2968.23,0
CUST-03549,Male,0,No,No,4,Yes,No,Fiber optic,No,No,No,No,Yes,No,Month-to-month,No,Mailed check,67.2,237.42,1
CUST-03550,Female,0,Yes,Yes,51,Yes,No,DSL,No,No,Yes,Yes,Yes,Yes,Month-to-month,Yes,Bank transfer (automatic),92.31,4646.58,0
CUST-03551,Female,1,Yes,No,52,Yes,Yes,DSL,No,Yes,Yes,Yes,Yes,Yes,Month-to-month,No,Credit card (automatic),24.77,1229.45,0
CUST-03552,Male,0,No,No,51,Yes,Yes,No,No internet service,No internet service,No internet service,No internet service,No internet service,No internet service,Month-to-month,No,Electronic check,74.62,3778.29,0
CUST-03553,Female,0,No,No,37,Yes,Yes,Fiber optic,No,Yes,Yes,No,No,No,One year,Yes,Electronic check,87.59,3198.76,0
CUST-03554,Female,0,Yes,No,43,Yes,No,DSL,No,No,No,No,No,No,Month-to-month,Yes,Electronic check,63.64,2776.54,0
CUST-03555,Male,0,No,No,52,Yes,Yes,Fiber optic,No,Yes,Yes,Yes,Yes,No,Month-to-month,No,Credit card (automatic),57.26,2979.02,0
CUST-03556,Female,0,Yes,No,1,Yes,Yes,Fiber optic,No,No,No,No,No,Yes,Month-to-month,No,Electronic check,66.33,129.59,0
CUST-03557,Male,0,Yes,Yes,53,Yes,No,Fiber optic,No,Yes,Yes,No,No,Yes,Month-to-month,Yes,Electronic check,62.74,3388.98,1
CUST-03558,Female,0,No,No,34,Yes,Yes,Fiber optic,Yes,No,No,No,Yes,Yes,One year,Yes,Bank transfer (automatic),68.58,2332.48,0
CUST-03559,Male,0,Yes,No,45,Yes,No,DSL,Yes,No,No,No,Yes,No,One year,Yes,Electronic check,64.45,2800.06,0
CUST-03560,Male,0,Yes,No,71,Yes,Yes,Fiber optic,Yes,No,No,No,Yes,No,One year,Yes,Electronic check,118.75,8451.17,0
CUST-03561,Male,0,Yes,No,54,Yes,No,Fiber optic,Yes,Yes,No,No,No,Yes,Month-to-month,Yes,Electronic check,49.01,2703.75,0
CUST-03562,Female,1,Yes,No,71,Yes,Yes,DSL,No,No,Yes,No,No,Yes,Month-to-month,Yes,Credit card (automatic),100.73,7183.45,0
CUST-03563,Male,0,No,Yes,10,Yes,Yes,Fiber optic,No,No,No,No,No,Yes,Two year,Yes,Electronic check,56.71,584.54,0
CUST-03564,Male,1,No,No,28,Yes,No,Fiber optic,No,Yes,No,No,Yes,No,Month-to-month,No,Electronic check,82.03,2284.44,1
CUST-03565,Male,0,Yes,Yes,68,Yes,Yes,Fiber optic,No,Yes,Yes,No,Yes,No,Month-to-month,No,Bank transfer (automatic),95.62,6443.26,0
CUST-03566,Female,0,Yes,No,62,No,No phone service,DSL,No,No,Yes,Yes,No,No,Month-to-month,No,Electronic check,116.87,7277.22,0
CUST-03567,Female,1,Yes,No,46,Yes,Yes,No,No internet service,No internet service,No internet service,No internet service,No internet service,No internet service,Month-to-month,Yes,Bank transfer (automatic),86.21,3955.9,0
CUST-03568,Female,1,Yes,No,6,Yes,Yes,No,No internet service,No internet service,No internet service,No internet service,No internet service,No internet service,One year,No,Mailed check,60.92,381.13,0
CUST-03569,Female,0,No,No,63,Yes,No,Fiber optic,No,No,No,No,Yes,No,Month-to-month,Yes,Electronic check,80.39,5035.22,0
CUST-03570,Female,0,No,No,63,Yes,No,Fiber optic,No,No,No,No,Yes,No,Month-to-month,No,Mailed check,118.75,7581.22,0
CUST-03571,Male,0,Yes,Yes,11,Yes,No,Fiber optic,No,No,Yes,No,Yes,No,One year,No,Credit card (automatic),75.61,843.66,0
CUST-03572,Female,0,Yes,No,11,No,No phone service,DSL,No,No,No,No,No,No,Two year,Yes,Credit card (automatic),38.83,408.14,0
CUST-03573,Female,0,No,Yes,35,Yes,No,Fiber optic,No,No,No,No,Yes,No,Month-to-month,No,Credit card (automatic),65.28,2227.98,0
CUST-03574,Female,0,No,No,28,Yes,Yes,Fiber optic,No,Yes,Yes,No,Yes,No,Month-to-month,Yes,Credit card (automatic),63.66,1712.55,0
CUST-03575,Female,1,No,Yes,10,Yes,No,Fiber optic,No,No,Yes,No,No,No,Month-to-month,Yes,Credit card (automatic),89.64,927.43,1
CUST-03576,Male,0,No,No,52,Yes,Yes,DSL,No,Yes,Yes,No,Yes,No,Month-to-month,Yes,Electronic check,46.67,2397.73,0
CUST-03577,Male,0,Yes,No,69,No,No phone service,DSL,Yes,Yes,No,Yes,No,No,Month-to-month,No,Bank transfer (automatic),66.89,4592.91,0
CUST-03578,Female,0,Yes,No,46,Yes,Yes,Fiber optic,Yes,Yes,No,No,No,Yes,Month-to-month,No,Mailed check,81.73,3732.44,0
CUST-03579,Female,0,No,Yes,32,Yes,No,DSL,Yes,No,No,No,No,No,Month-to-month,No,Mailed check,67.43,2103.16,0
CUST-03580,Female,0,No,No,66,Yes,Yes,Fiber optic,Yes,No,No,No,Yes,No,One year,No,Credit card (automatic),81.44,5360.53,0
CUST-03581,Female,0,Yes,No,42,Yes,No,Fiber optic,No,No,No,No,No,Yes,Month-to-month,No,Electronic check,79.52,3342.66,1
CUST-03582,Female,0,Yes,No,17,Yes,Yes,DSL,Yes,Yes,No,No,No,No,Two year,Yes,Electronic check,77.72,1270.91,0
CUST-03583,Male,1,Yes,Yes,52,No,No phone service,Fiber optic,No,No,No,Yes,No,Yes,Month-to-month,Yes,Credit card (automatic),54.05,2827.2,0
CUST-03584,Female,0,No,No,38,Yes,No,Fiber optic,Yes,No,No,Yes,No,No,One year,No,Bank transfer (automatic),95.22,3557.18,0
CUST-03585,Male,0,Yes,No,71,Yes,No,Fiber optic,No,No,No,No,Yes,No,Two year,Yes,Electronic check,66.48,4698.03,0
CUST-03586,Male,0,Yes,Yes,33,Yes,No,DSL,Yes,No,No,No,No,No,Two year,Yes,Electronic check,74.29,2469.8,0
CUST-03587,Male,1,No,No,36,Yes,Yes,DSL,No,No,No,No,Yes,No,Month-to-month,No,Mailed check,44.7,1608.52,0
CUST-03588,Female,0,Yes,No,40,No,No phone service,No,No internet service,No internet service,No internet service,No internet service,No internet service,No internet service,Month-to-month,Yes,Bank transfer (automatic),76.55,2979.94,0
CUST-03589,Male,0,Yes,No,48,No,No phone service,Fiber optic,No,Yes,No,No,No,No,Two year,Yes,Bank transfer (automatic),81.42,3768.85,0
CUST-03590,Male,0,Yes,Yes,9,Yes,No,Fiber optic,No,No,No,No,No,No,Month-to-month,No,Mailed check,72.16,677.79,1
CUST-03591,Female,1,Yes,Yes,39,Yes,No,DSL,Yes,No,No,No,No,No,Two year,Yes,Electronic check,55.91,2215.0,0
CUST-03592,Male,0,Yes,Yes,17,Yes,No,DSL,No,No,No,No,No,No,One year,Yes,Bank transfer (automatic),100.56,1731.39,0
CUST-03593,Female,0,No,No,24,Yes,No,Fiber optic,No,No,Yes,No,Yes,Yes,Two year,Yes,Credit card (automatic),87.92,2098.72,0
CUST-03594,Female,1,No,No,40,Yes,No,No,No internet service,No internet service,No internet service,No internet service,No internet service,No internet service,One year,No,Mailed check,72.08,2870.8,0
CUST-03595,Female,0,Yes,No,35,Yes,Yes,No,No internet service,No internet service,No internet service,No internet service,No internet service,No internet service,Two year,Yes,Electronic check,71.16,2485.27,0
CUST-03596,Female,0,Yes,No,1,Yes,Yes,No,No internet service,No internet service,No internet service,No internet service,No internet service,No internet service,Month-to-month,No,Bank transfer (automatic),51.69,80.95,0
CUST-03597,Male,0,No,Yes,48,Yes,Yes,DSL,No,No,Yes,No,Yes,No,Month-to-month,No,Electronic check,61.1,2926.13,0
CUST-03598,Female,0,Yes,Yes,66,No,No phone service,No,No internet service,No internet service,No internet service,No internet service,No internet service,No internet service,Month-to-month,No,Bank transfer (automatic),115.59,7647.64,0
CUST-03599,Male,0,Yes,No,52,Yes,No,No,No internet service,No internet service,No internet service,No internet service,No internet service,No internet service,Month-to-month,No,Electronic check,68.26,3615.23,0
CUST-03600,Female,0,No,Yes,18,Yes,Yes,DSL,No,Yes,No,No,No,No,Month-to-month,No,Mailed check,118.75,2089.15,1
CUST-03601,Male,0,Yes,No,25,Yes,No,Fiber optic,Yes,No,Yes,No,Yes,Yes,Two year,Yes,Bank transfer (automatic),44.48,1102.73,0
CUST-03602,Female,0,Yes,No,53,Yes,No,Fiber optic,Yes,No,No,No,Yes,No,One year,No,Mailed check,86.58,4545.82,0
CUST-03603,Male,1,Yes,Yes,50,Yes,No,DSL,No,No,Yes,Yes,No,Yes,One year,Yes,Credit card (automatic),82.6,4110.33,0
CUST-03604,Male,0,Yes,No,24,Yes,No,Fiber optic,No,Yes,No,No,No,Yes,Month-to-month,Yes,Mailed check,74.24,1776.7,1
CUST-03605,Male,0,Yes,No,16,Yes,No,No,No internet service,No internet service,No internet service,No internet service,No internet service,No internet service,Two year,No,Electronic check,32.42,474.74,0
CUST-03606,Male,0,Yes,No,60,Yes,Yes,No,No internet service,No internet service,No internet service,No internet service,No internet service,No internet service,Month-to-month,Yes,Mailed check,44.05,2561.8,0
CUST-03607,Female,0,Yes,No,45,Yes,No,No,No internet service,No internet service,No internet service,No internet service,No internet service,No internet service,Month-to-month,Yes,Credit card (automatic),81.14,3585.97,0
CUST-03608,Male,0,No,Yes,54,Yes,Yes,Fiber optic,No,No,No,Yes,Yes,No,One year,No,Credit card (automatic),51.9,2824.78,0
CUST-03609,Female,0,Yes,No,49,Yes,No,Fiber optic,Yes,No,Yes,No,No,No,Two year,Yes,Electronic check,107.03,5211.05,0
CUST-03610,Female,1,Yes,No,10,Yes,Yes,Fiber optic,No,No,No,Yes,No,No,Month-to-month,Yes,Electronic check,65.79,646.96,0
CUST-03611,Female,0,No,No,11,Yes,Yes,Fiber optic,No,Yes,No,No,No,No,Month-to-month,No,Mailed check,77.9,859.37,0
CUST-03612,Male,1,No,Yes,39,Yes,No,DSL,Yes,No,No,Yes,Yes,Yes,Month-to-month,Yes,Bank transfer (automatic),74.41,2947.35,0
CUST-03613,Male,1,Yes,No,47,Yes,No,Fiber optic,No,No,Yes,No,No,No,Month-to-month,No,Credit card (automatic),74.82,3502.35,0
CUST-03614,Female,0,Yes,No,55,Yes,No,DSL,No,Yes,Yes,No,Yes,Yes,Two year,Yes,Bank transfer (automatic),115.66,6373.62,0
CUST-03615,Male,0,Yes,No,7,Yes,Yes,DSL,No,Yes,No,No,No,No,One year,No,Credit card (automatic),98.08,629.96,0
CUST-03616,Male,1,No,No,13,Yes,Yes,DSL,No,No,No,Yes,No,No,Month-to-month,Yes,Bank transfer (automatic),75.66,975.54,0
CUST-03617,Female,1,Yes,No,55,Yes,Yes,No,No internet service,No internet service,No internet service,No internet service,No internet service,No internet service,Month-to-month,Yes,Electronic check,94.51,5149.17,1
CUST-03618,Female,0,Yes,No,53,Yes,No,DSL,Yes,Yes,Yes,Yes,No,No,Month-to-month,Yes,Credit card (automatic),106.69,5647.51,0
CUST-03619,Female,0,Yes,No,16,Yes,No,Fiber optic,No,No,No,Yes,Yes,Yes,One year,No,Electronic check,57.28,922.86,0
CUST-03620,Male,0,Yes,Yes,44,Yes,Yes,No,No internet service,No internet service,No internet service,No internet service,No internet service,No internet service,Two year,Yes,Mailed check,37.24,1626.85,0
CUST-03621,Female,1,Yes,No,4,Yes,No,Fiber optic,Yes,No,Yes,No,No,Yes,One year,No,Credit card (automatic),84.38,316.36,0
CUST-03622,Male,0,Yes,No,2,Yes,Yes,DSL,Yes,No,No,No,No,Yes,Month-to-month,Yes,Credit card (automatic),101.43,216.32,1
CUST-03623,Male,0,No,No,8,Yes,No,Fiber optic,No,No,No,No,No,No,Month-to-month,No,Electronic check,28.24,205.76,0
CUST-03624,Female,1,No,No,19,Yes,Yes,DSL,Yes,No,No,No,No,Yes,Two year,Yes,Mailed check,57.48,1071.41,0
CUST-03625,Male,0,Yes,No,20,Yes,No,DSL,Yes,No,No,Yes,No,Yes,Month-to-month,Yes,Mailed check,66.74,1282.16,0
CUST-03626,Male,0,Yes,No,32,Yes,No,No,No internet service,No internet service,No internet service,No internet service,No internet service,No internet service,Month-to-month,No,Mailed check,49.88,1621.45,0
CUST-03627,Male,0,Yes,Yes,4,Yes,Yes,DSL,No,No,Yes,No,Yes,No,Month-to-month,No,Bank transfer (automatic),66.94,265.65,0
CUST-03628,Female,1,Yes,Yes,23,Yes,Yes,Fiber optic,No,No,Yes,No,No,Yes,Month-to-month,No,Credit card (automatic),45.36,1019.3,0
CUST-03629,Female,0,No,No,62,Yes,Yes,Fiber optic,Yes,No,Yes,No,No,No,Two year,Yes,Credit card (automatic),70.63,4327.13,0
CUST-03630,Female,0,No,No,25,Yes,Yes,DSL,No,Yes,No,No,No,No,Month-to-month,No,Bank transfer (automatic),90.96,2390.84,0
CUST-03631,Female,0,Yes,No,32,No,No phone service,Fiber optic,No,No,Yes,No,Yes,Yes,One year,Yes,Electronic check,22.71,575.89,0
CUST-03632,Male,0,Yes,No,17,Yes,Yes,DSL,No,Yes,No,No,No,Yes,Month-to-month,No,Electronic check,46.08,745.44,0
CUST-03633,Male,0,Yes,No,17,Yes,Yes,DSL,Yes,No,No,Yes,Yes,No,Month-to-month,Yes,Bank transfer (automatic),107.38,1801.34,0
CUST-03634,Male,0,No,No,37,Yes,Yes,Fiber optic,No,No,No,No,No,Yes,One year,Yes,Bank transfer (automatic),54.53,2063.64,0
CUST-03635,Male,0,No,Yes,32,Yes,Yes,DSL,No,No,No,No,Yes,Yes,Two year,No,Electronic check,18.25,568.27,0
CUST-03636,Female,0,No,No,26,Yes,Yes,Fiber optic,Yes,Yes,Yes,No,Yes,No,Month-to-month,Yes,Electronic check,77.89,2034.24,1
CUST-03637,Female,0,No,No,48,Yes,Yes,DSL,Yes,No,Yes,No,No,No,One year,No,Electronic check,74.8,3568.34,0
CUST-03638,Male,0,Yes,No,49,No,No phone service,Fiber optic,Yes,Yes,No,No,No,Yes,Two year,No,Mailed check,80.51,4037.17,0
CUST-03639,Male,0,No,No,14,Yes,No,Fiber optic,No,No,No,Yes,No,Yes,Two year,No,Electronic check,73.38,1047.09,0
CUST-03640,Male,0,No,No,51,Yes,No,Fiber optic,No,No,Yes,No,Yes,Yes,Month-to-month,Yes,Mailed check,108.91,5521.89,1
CUST-03641,Male,0,Yes,No,67,Yes,Yes,No,No internet service,No internet service,No internet service,No internet service,No internet service,No internet service,Month-to-month,No,Mailed check,61.73,4171.1,0
CUST-03642,Female,0,Yes,No,18,Yes,Yes,Fiber optic,Yes,No,No,Yes,No,No,One year,Yes,Mailed check,70.15,1250.33,0
CUST-03643,Male,0,No,No,24,Yes,Yes,No,No internet service,No internet service,No internet service,No internet service,No internet service,No internet service,One year,No,Bank transfer (automatic),62.52,1591.81,0
CUST-03644,Male,0,No,No,24,Yes,No,DSL,No,Yes,Yes,No,No,Yes,Month-to-month,Yes,Mailed check,90.24,2233.33,1
CUST-03645,Female,0,No,No,32,Yes,No,No,No internet service,No internet service,No internet service,No internet service,No internet service,No internet service,Month-to-month,Yes,Mailed check,93.88,3018.88,0
CUST-03646,Male,0,No,No,59,Yes,Yes,Fiber optic,No,Yes,No,No,No,No,One year,Yes,Bank transfer (automatic),87.5,5150.66,0
CUST-03647,Female,0,No,Yes,36,Yes,No,Fiber optic,No,No,No,No,Yes,Yes,Month-to-month,No,Electronic check,118.75,4243.25,1
CUST-03648,Male,0,No,No,42,Yes,No,No,No internet service,No internet service,No internet service,No internet service,No internet service,No internet service,Month-to-month,No,Mailed check,89.67,3810.24,0
CUST-03649,Female,0,Yes,Yes,8,Yes,No,Fiber optic,No,No,No,No,Yes,Yes,One year,No,Electronic check,102.49,892.51,1
CUST-03650,Female,0,No,No,13,Yes,Yes,No,No internet service,No internet service,No internet service,No internet service,No internet service,No internet service,One year,Yes,Electronic check,49.67,631.12,0
CUST-03651,Female,0,Yes,No,2,Yes,Yes,Fiber optic,No,No,No,No,Yes,No,Month-to-month,Yes,Electronic check,52.82,128.1,1
CUST-03652,Male,0,Yes,Yes,68,Yes,Yes,Fiber optic,No,No,Yes,No,No,No,Two year,Yes,Electronic check,118.75,8100.27,0
CUST-03653,Female,0,Yes,No,55,Yes,Yes,Fiber optic,No,Yes,Yes,No,Yes,Yes,Month-to-month,Yes,Mailed check,43.79,2452.95,0
CUST-03654,Male,0,No,No,25,Yes,No,DSL,Yes,No,Yes,No,Yes,No,Month-to-month,No,Mailed check,92.67,2277.82,0
CUST-03655,Male,0,No,No,52,Yes,Yes,Fiber optic,Yes,No,Yes,No,Yes,No,Two year,Yes,Bank transfer (automatic),109.39,5710.48,0
CUST-03656,Male,0,No,No,40,Yes,No,No,No internet service,No internet service,No internet service,No internet service,No internet service,No internet service,Month-to-month,Yes,Bank transfer (automatic),104.94,4309.79,1
CUST-03657,Male,0,Yes,No,20,Yes,Yes,Fiber optic,No,No,Yes,Yes,No,No,Month-to-month,No,Mailed check,32.89,662.6,0
CUST-03658,Female,0,Yes,No,38,Yes,Yes,Fiber optic,No,No,No,No,No,No,Month-to-month,No,Electronic check,66.51,2550.06,1
CUST-03659,Female,0,Yes,No,22,Yes,Yes,Fiber optic,No,No,No,No,No,Yes,Month-to-month,No,Electronic check,88.61,1968.36,1
CUST-03660,Female,1,Yes,No,57,Yes,Yes,DSL,Yes,No,No,No,Yes,No,Month-to-month,Yes,Bank transfer (automatic),96.47,5526.47,0
CUST-03661,Female,0,No,Yes,68,Yes,No,DSL,No,No,No,No,No,No,Two year,Yes,Electronic check,79.22,5329.09,0
CUST-03662,Female,0,Yes,No,28,Yes,No,DSL,No,No,No,No,No,Yes,Month-to-month,Yes,Bank transfer (automatic),56.49,1684.1,0
CUST-03663,Male,0,No,No,61,Yes,No,DSL,No,No,No,No,Yes,No,Month-to-month,No,Bank transfer (automatic),71.64,4375.04,0
CUST-03664,Male,0,No,No,52,Yes,No,Fiber optic,No,No,No,No,No,No,Two year,Yes,Electronic check,61.77,3239.27,0
CUST-03665,Female,0,Yes,Yes,44,Yes,Yes,No,No internet service,No internet service,No internet service,No internet service,No internet service,No internet service,Month-to-month,Yes,Mailed check,45.04,1986.16,0
CUST-03666,Male,0,No,No,26,Yes,No,DSL,Yes,No,No,No,No,No,One year,Yes,Electronic check,66.13,1766.55,0
CUST-03667,Female,0,Yes,No,33,Yes,Yes,DSL,No,Yes,No,No,No,Yes,Month-to-month,No,Bank transfer (automatic),118.75,3893.66,1
CUST-03668,Male,0,Yes,No,13,Yes,No,DSL,No,Yes,No,No,No,No,Two year,Yes,Electronic check,64.83,777.43,0
CUST-03669,Male,0,No,No,40,Yes,No,DSL,No,No,Yes,No,Yes,No,Month-to-month,Yes,Electronic check,37.74,1503.72,0
CUST-03670,Male,0,No,No,59,Yes,Yes,Fiber optic,No,Yes,No,Yes,No,No,One year,Yes,Credit card (automatic),69.23,4108.54,0
CUST-03671,Male,1,Yes,No,41,Yes,No,DSL,No,No,No,No,Yes,No,Two year,Yes,Mailed check,118.75,4851.42,0
CUST-03672,Male,0,Yes,No,50,No,No phone service,DSL,No,No,No,No,Yes,No,Month-to-month,Yes,Electronic check,37.12,1822.43,0
CUST-03673,Female,0,Yes,No,10,Yes,Yes,No,No internet service,No internet service,No internet service,No internet service,No internet service,No internet service,Two year,Yes,Bank transfer (automatic),71.37,731.12,0
CUST-03674,Male,0,Yes,No,34,Yes,Yes,DSL,Yes,No,Yes,Yes,No,No,One year,No,Mailed check,93.17,3121.4,0
CUST-03675,Female,0,No,Yes,18,Yes,Yes,Fiber optic,No,Yes,No,Yes,Yes,No,Two year,No,Electronic check,43.98,840.61,0
CUST-03676,Male,0,No,No,64,No,No phone service,Fiber optic,No,Yes,No,No,No,Yes,Two year,No,Credit card (automatic),83.66,5338.62,0
CUST-03677,Male,0,Yes,No,60,Yes,Yes,DSL,No,No,No,No,Yes,Yes,Month-to-month,Yes,Mailed check,55.5,3354.87,0
CUST-03678,Male,0,No,No,46,Yes,No,No,No internet service,No internet service,No internet service,No internet service,No internet service,No internet service,One year,No,Electronic check,45.74,2045.98,0
CUST-03679,Female,0,Yes,No,13,Yes,No,Fiber optic,Yes,No,No,Yes,No,No,Two year,Yes,Credit card (automatic),87.37,1203.48,0
CUST-03680,Male,0,Yes,No,66,Yes,No,DSL,Yes,Yes,No,Yes,No,No,Month-to-month,No,Electronic check,118.75,7860.94,0
CUST-03681,Female,0,No,Yes,51,Yes,Yes,DSL,No,No,No,No,Yes,Yes,One year,No,Electronic check,67.41,3468.59,0
CUST-03682,Male,0,No,No,31,Yes,No,Fiber optic,Yes,Yes,No,No,No,No,Month-to-month,Yes,Electronic check,88.82,2688.89,1
CUST-03683,Female,0,No,No,9,Yes,Yes,Fiber optic,No,No,Yes,Yes,Yes,Yes,One year,Yes,Electronic check,83.34,712.58,0
CUST-03684,Male,0,Yes,Yes,16,Yes,No,Fiber optic,No,No,No,No,No,No,One year,No,Electronic check,76.57,1235.07,0
CUST-03685,Female,0,No,Yes,39,Yes,No,DSL,No,Yes,No,Yes,Yes,Yes,One year,No,Bank transfer (automatic),58.2,2215.66,0
CUST-03686,Female,0,Yes,Yes,67,Yes,No,DSL,Yes,No,No,Yes,No,No,Two year,Yes,Bank transfer (automatic),53.97,3584.64,0
CUST-03687,Female,0,No,No,62,Yes,No,No,No internet service,No internet service,No internet service,No internet service,No internet service,No internet service,Month-to-month,Yes,Bank transfer (automatic),58.68,3675.91,0
CUST-03688,Male,0,No,Yes,14,Yes,No,No,No internet service,No internet service,No internet service,No internet service,No internet service,No internet service,One year,No,Mailed check,67.48,914.43,0
CUST-03689,Male,0,Yes,No,38,Yes,Yes,Fiber optic,No,Yes,No,No,Yes,Yes,Month-to-month,No,Mailed check,64.8,2481.09,0
CUST-03690,Male,0,No,No,56,Yes,No,DSL,Yes,No,No,Yes,No,No,Two year,No,Mailed check,49.05,2705.45,0
CUST-03691,Female,0,Yes,No,9,Yes,Yes,No,No internet service,No internet service,No internet service,No internet service,No internet service,No internet service,Two year,No,Credit card (automatic),66.12,625.12,0
CUST-03692,Female,0,Yes,No,70,No,No phone service,Fiber optic,Yes,Yes,Yes,No,No,No,Two year,No,Electronic check,63.83,4412.06,0
CUST-03693,Female,0,No,No,16,Yes,Yes,No,No internet service,No internet service,No internet service,No internet service,No internet service,No internet service,Two year,No,Credit card (automatic),86.15,1408.09,0
CUST-03694,Male,0,Yes,No,16,Yes,No,DSL,No,Yes,Yes,No,Yes,Yes,Two year,No,Electronic check,62.45,1107.37,0
CUST-03695,Male,0,No,No,15,Yes,Yes,Fiber optic,No,Yes,Yes,No,No,No,Two year,Yes,Electronic check,93.18,1370.95,1
CUST-03696,Male,0,Yes,No,2,Yes,No,No,No internet service,No internet service,No internet service,No internet service,No internet service,No internet service,Month-to-month,No,Electronic check,76.02,118.98,1
CUST-03697,Female,1,No,No,50,Yes,No,DSL,Yes,No,No,No,No,No,Month-to-month,No,Mailed check,64.53,3283.46,0
CUST-03698,Female,0,Yes,No,45,Yes,No,Fiber optic,No,No,No,No,No,Yes,Two year,Yes,Credit card (automatic),72.16,3250.44,0
CUST-03699,Female,0,Yes,Yes,54,Yes,No,Fiber optic,No,No,No,No,No,No,One year,Yes,Electronic check,74.12,3944.0,0
CUST-03700,Male,0,Yes,No,25,Yes,Yes,DSL,Yes,Yes,Yes,Yes,No,Yes,Two year,No,Mailed check,77.63,1957.72,0
CUST-03701,Female,1,No,No,30,Yes,No,Fiber optic,No,No,Yes,No,No,No,One year,Yes,Electronic check,83.19,2506.53,1
CUST-03702,Female,0,No,No,71,Yes,No,DSL,Yes,Yes,No,No,Yes,No,Month-to-month,Yes,Bank transfer (automatic),68.6,4838.97,0
CUST-03703,Male,0,No,No,18,Yes,No,Fiber optic,No,Yes,No,Yes,No,No,Two year,No,Mailed check,66.54,1164.16,0
CUST-03704,Female,0,Yes,No,67,Yes,Yes,No,No internet service,No internet service,No internet service,No internet service,No internet service,No internet service,One year,Yes,Bank transfer (automatic),82.16,5548.15,0
CUST-03705,Female,0,Yes,Yes,14,No,No phone service,No,No internet service,No internet service,No internet service,No internet service,No internet service,No internet service,One year,Yes,Credit card (automatic),18.25,206.1,0
CUST-03706,Female,0,Yes,No,57,Yes,No,No,No internet service,No internet service,No internet service,No internet service,No internet service,No internet service,Month-to-month,No,Electronic check,91.74,5160.65,0
CUST-03707,Female,0,No,No,29,Yes,Yes,Fiber optic,No,Yes,Yes,Yes,No,No,One year,Yes,Credit card (automatic),50.18,1416.47,0
CUST-03708,Male,0,Yes,No,47,No,No phone service,Fiber optic,No,No,Yes,No,No,Yes,Month-to-month,Yes,Mailed check,69.3,3300.38,0
CUST-03709,Male,0,No,No,55,Yes,Yes,Fiber optic,No,No,No,Yes,Yes,No,Two year,Yes,Credit card (automatic),60.7,3325.43,0
CUST-03710,Female,0,No,No,41,Yes,Yes,DSL,Yes,No,No,Yes,Yes,Yes,Two year,No,Electronic check,94.41,3842.59,0
CUST-03711,Male,0,Yes,No,23,Yes,Yes,DSL,No,No,No,Yes,No,Yes,Month-to-month,Yes,Credit card (automatic),98.81,2269.21,0
CUST-03712,Female,0,Yes,No,51,Yes,No,Fiber optic,No,Yes,No,Yes,Yes,Yes,Month-to-month,Yes,Electronic check,74.28,3812.65,1
CUST-03713,Female,0,No,No,42,Yes,No,DSL,No,Yes,No,No,Yes,No,Month-to-month,Yes,Bank transfer (automatic),73.35,3157.44,0
CUST-03714,Female,0,Yes,No,33,Yes,Yes,No,No internet service,No internet service,No internet service,No internet service,No internet service,No internet service,One year,Yes,Credit card (automatic),73.61,2446.68,0
CUST-03715,Female,1,Yes,Yes,59,Yes,Yes,Fiber optic,No,No,No,No,Yes,Yes,Two year,No,Credit card (automatic),77.8,4688.2,0
CUST-03716,Male,1,Yes,No,2,Yes,No,DSL,No,No,No,No,Yes,Yes,Month-to-month,No,Mailed check,95.3,227.17,1
CUST-03717,Male,0,No,No,67,Yes,Yes,Fiber optic,No,No,Yes,No,No,No,Month-to-month,Yes,Electronic check,118.75,7941.37,1
CUST-03718,Male,0,No,Yes,10,Yes,No,No,No internet service,No internet service,No internet service,No internet service,No internet service,No internet service,Two year,No,Bank transfer (automatic),67.09,715.45,0
CUST-03719,Male,1,Yes,Yes,12,Yes,Yes,No,No internet service,No internet service,No internet service,No internet service,No internet service,No internet service,Month-to-month,Yes,Bank transfer (automatic),85.88,1062.41,1
CUST-03720,Male,0,Yes,No,49,Yes,No,DSL,No,Yes,No,No,Yes,No,Month-to-month,Yes,Mailed check,55.64,2784.47,0
CUST-03721,Male,0,Yes,No,18,Yes,No,Fiber optic,Yes,Yes,No,No,Yes,No,Month-to-month,Yes,Credit card (automatic),53.62,1002.01,0
CUST-03722,Female,0,No,No,43,Yes,No,Fiber optic,Yes,No,Yes,No,Yes,No,Two year,No,Electronic check,50.47,2175.91,0
CUST-03723,Female,0,Yes,No,32,Yes,No,Fiber optic,No,Yes,No,No,Yes,Yes,Month-to-month,Yes,Bank transfer (automatic),107.93,3429.71,1
CUST-03724,Male,0,Yes,No,37,Yes,Yes,Fiber optic,No,No,No,Yes,Yes,No,Month-to-month,No,Mailed check,92.73,3437.75,0
CUST-03725,Male,1,No,Yes,2,Yes,Yes,DSL,No,Yes,No,No,No,Yes,Two year,Yes,Electronic check,60.66,47.22,0
CUST-03726,Female,0,No,Yes,64,No,No phone service,Fiber optic,No,Yes,No,Yes,No,Yes,Month-to-month,Yes,Electronic check,84.21,5381.29,1
CUST-03727,Male,0,No,Yes,34,Yes,No,DSL,Yes,Yes,No,No,No,Yes,One year,No,Bank transfer (automatic),93.83,3131.24,0
CUST-03728,Male,0,No,Yes,35,Yes,Yes,DSL,No,No,No,Yes,No,Yes,Month-to-month,Yes,Electronic check,104.76,3689.51,1
CUST-03729,Male,0,Yes,Yes,37,Yes,No,DSL,No,No,No,No,No,No,One year,No,Bank transfer (automatic),85.35,3199.66,0
CUST-03730,Female,0,Yes,No,38,Yes,No,DSL,No,Yes,Yes,No,No,Yes,Month-to-month,No,Credit card (automatic),77.58,2963.82,0
CUST-03731,Male,0,Yes,No,24,No,No phone service,Fiber optic,No,Yes,No,No,Yes,No,One year,Yes,Electronic check,106.31,2543.31,1
CUST-03732,Female,0,Yes,No,63,No,No phone service,DSL,No,Yes,No,Yes,Yes,No,Month-to-month,No,Bank transfer (automatic),51.16,3208.82,0
CUST-03733,Male,0,No,No,12,Yes,No,Fiber optic,No,Yes,No,No,No,No,One year,No,Bank transfer (automatic),23.62,343.49,0
CUST-03734,Female,0,No,No,67,Yes,Yes,Fiber optic,Yes,No,No,Yes,Yes,Yes,One year,No,Mailed check,110.71,7466.9,0
CUST-03735,Male,0,No,No,69,Yes,No,No,No internet service,No internet service,No internet service,No internet service,No internet service,No internet service,Two year,Yes,Bank transfer (automatic),68.35,4663.08,0
CUST-03736,Male,1,Yes,No,0,Yes,Yes,Fiber optic,Yes,No,Yes,Yes,No,No,Month-to-month,No,Bank transfer (automatic),103.42,0.0,1
CUST-03737,Female,0,No,No,71,Yes,No,No,No internet service,No internet service,No internet service,No internet service,No internet service,No internet service,One year,No,Credit card (automatic),118.75,8447.51,0
CUST-03738,Female,0,No,Yes,53,Yes,Yes,DSL,No,Yes,No,Yes,Yes,No,Two year,No,Bank transfer (automatic),118.75,6283.48,0
CUST-03739,Female,0,Yes,No,8,Yes,Yes,Fiber optic,Yes,No,No,No,No,No,Month-to-month,Yes,Bank transfer (automatic),18.25,77.71,0
CUST-03740,Female,0,No,No,35,Yes,Yes,DSL,No,No,Yes,No,Yes,No,Month-to-month,No,Bank transfer (automatic),94.89,3218.42,0
CUST-03741,Female,0,Yes,No,36,No,No phone service,Fiber optic,No,No,No,Yes,Yes,Yes,One year,No,Mailed check,62.28,2250.69,0
CUST-03742,Female,0,Yes,No,58,Yes,No,Fiber optic,No,No,Yes,Yes,Yes,Yes,Month-to-month,Yes,Electronic check,61.75,3496.84,0
CUST-03743,Female,0,No,No,20,Yes,Yes,Fiber optic,Yes,Yes,No,No,No,No,Month-to-month,No,Electronic check,82.08,1615.42,1
CUST-03744,Male,0,No,No,19,Yes,No,DSL,Yes,Yes,No,No,No,Yes,Month-to-month,No,Mailed check,56.97,1116.65,0
CUST-03745,Male,0,Yes,Yes,0,Yes,No,DSL,No,No,Yes,Yes,No,Yes,Two year,No,Bank transfer (automatic),88.73,0.0,0
CUST-03746,Male,0,Yes,No,58,Yes,No,Fiber optic,No,Yes,No,No,Yes,Yes,Month-to-month,Yes,Electronic check,111.09,6413.39,1
CUST-03747,Female,0,No,Yes,27,Yes,Yes,No,No internet service,No internet service,No internet service,No internet service,No internet service,No internet service,Month-to-month,No,Mailed check,68.7,1899.67,0
CUST-03748,Male,0,No,No,70,Yes,Yes,DSL,No,No,No,No,No,No,Month-to-month,No,Electronic check,88.7,6235.3,0
CUST-03749,Male,0,No,Yes,55,Yes,Yes,No,No internet service,No internet service,No internet service,No internet service,No internet service,No internet service,Two year,No,Bank transfer (automatic),66.19,3616.05,0
CUST-03750,Female,0,Yes,No,8,Yes,No,DSL,Yes,No,No,No,No,No,Month-to-month,Yes,Bank transfer (automatic),82.81,738.54,0
CUST-03751,Female,0,Yes,Yes,64,No,No phone service,Fiber optic,No,No,No,Yes,Yes,No,Month-to-month,Yes,Mailed check,114.32,7340.85,0
CUST-03752,Female,0,Yes,No,35,Yes,No,No,No internet service,No internet service,No internet service,No internet service,No internet service,No internet service,Two year,Yes,Mailed check,85.11,2939.86,0
CUST-03753,Male,0,Yes,Yes,33,Yes,Yes,DSL,No,No,No,Yes,No,No,One year,No,Credit card (automatic),71.61,2260.48,0
CUST-03754,Female,0,Yes,Yes,31,Yes,No,Fiber optic,No,Yes,No,No,Yes,Yes,Two year,No,Credit card (automatic),107.07,3330.36,0
CUST-03755,Male,1,Yes,No,65,Yes,Yes,DSL,No,No,Yes,No,No,No,Month-to-month,Yes,Bank transfer (automatic),68.85,4450.0,0
CUST-03756,Male,1,No,Yes,24,Yes,Yes,Fiber optic,No,No,Yes,No,No,Yes,Month-to-month,Yes,Electronic check,63.78,1531.77,1
CUST-03757,Male,0,Yes,Yes,50,Yes,No,Fiber optic,No,No,No,No,No,Yes,Two year,Yes,Electronic check,60.34,3005.16,0
CUST-03758,Male,0,No,Yes,62,Yes,No,Fiber optic,No,No,No,No,No,Yes,Two year,No,Electronic check,39.39,2332.27,0
CUST-03759,Male,0,Yes,No,44,Yes,No,No,No internet service,No internet service,No internet service,No internet service,No internet service,No internet service,One year,Yes,Bank transfer (automatic),54.61,2388.23,0
CUST-03760,Female,0,Yes,No,25,Yes,Yes,DSL,No,Yes,No,No,Yes,No,Two year,Yes,Bank transfer (automatic),74.85,1816.12,0
CUST-03761,Male,0,Yes,Yes,20,Yes,No,Fiber optic,Yes,No,Yes,No,Yes,Yes,Two year,Yes,Bank transfer (automatic),78.51,1544.79,0
CUST-03762,Female,0,Yes,Yes,50,Yes,No,Fiber optic,No,Yes,Yes,Yes,No,No,Month-to-month,No,Electronic check,52.75,2608.55,0
CUST-03763,Female,0,Yes,No,23,Yes,Yes,No,No internet service,No internet service,No internet service,No internet service,No internet service,No internet service,Two year,Yes,Electronic check,60.44,1393.31,0
CUST-03764,Male,1,No,No,11,Yes,Yes,DSL,No,No,No,No,No,No,Month-to-month,No,Bank transfer (automatic),24.21,281.3,0
CUST-03765,Female,0,No,No,10,Yes,No,No,No internet service,No internet service,No internet service,No internet service,No internet service,No internet service,Two year,Yes,Mailed check,118.75,1210.57,0
CUST-03766,Male,0,Yes,No,26,Yes,No,Fiber optic,No,No,No,No,No,No,Month-to-month,Yes,Mailed check,110.28,2747.39,1
CUST-03767,Female,0,Yes,No,22,Yes,No,Fiber optic,No,No,Yes,No,No,No,Month-to-month,Yes,Mailed check,55.16,1284.58,0
CUST-03768,Male,0,No,No,32,No,No phone service,Fiber optic,No,No,No,No,Yes,Yes,One year,Yes,Bank transfer (automatic),77.88,2410.56,0
CUST-03769,Male,0,No,No,37,Yes,Yes,No,No internet service,No internet service,No internet service,No internet service,No internet service,No internet service,Two year,Yes,Bank transfer (automatic),53.15,1965.88,0
CUST-03770,Male,0,Yes,No,54,Yes,No,Fiber optic,No,Yes,No,Yes,No,Yes,Month-to-month,Yes,Electronic check,103.11,5526.51,1
CUST-03771,Female,0,No,No,69,Yes,No,Fiber optic,Yes,No,No,No,Yes,No,Month-to-month,Yes,Electronic check,95.66,6615.32,1
CUST-03772,Female,0,No,No,41,Yes,No,Fiber optic,No,Yes,Yes,No,No,No,One year,Yes,Bank transfer (automatic),42.84,1664.97,0
CUST-03773,Male,0,No,No,28,Yes,No,Fiber optic,No,No,No,No,No,Yes,Month-to-month,No,Credit card (automatic),49.54,1464.58,0
CUST-03774,Female,0,No,No,33,Yes,No,DSL,No,Yes,Yes,Yes,No,No,Month-to-month,No,Credit card (automatic),72.84,2385.75,0
CUST-03775,Female,1,No,No,56,Yes,Yes,No,No internet service,No internet service,No internet service,No internet service,No internet service,No internet service,Month-to-month,Yes,Electronic check,112.39,6318.87,1
CUST-03776,Female,0,No,No,2,Yes,Yes,DSL,Yes,No,Yes,Yes,Yes,No,Month-to-month,Yes,Electronic check,60.8,81.57,0
CUST-03777,Female,1,Yes,Yes,5,Yes,Yes,No,No internet service,No internet service,No internet service,No internet service,No internet service,No internet service,One year,No,Mailed check,103.38,599.94,0
CUST-03778,Female,0,No,No,47,Yes,No,Fiber optic,No,No,No,No,Yes,No,Month-to-month,Yes,Mailed check,84.3,3893.5,0
CUST-03779,Female,0,No,No,63,Yes,Yes,Fiber optic,No,No,Yes,No,No,No,Two year,No,Electronic check,57.94,3518.67,0
CUST-03780,Female,0,No,No,12,Yes,No,Fiber optic,Yes,Yes,No,Yes,Yes,No,Month-to-month,No,Bank transfer (automatic),61.21,802.67,0
CUST-03781,Male,0,No,No,35,Yes,Yes,Fiber optic,No,Yes,No,No,No,Yes,Two year,Yes,Electronic check,90.67,3114.64,1
CUST-03782,Male,1,Yes,Yes,69,Yes,Yes,Fiber optic,No,Yes,No,No,Yes,No,One year,No,Electronic check,100.61,6938.59,0
CUST-03783,Male,0,Yes,Yes,32,Yes,No,No,No internet service,No internet service,No internet service,No internet service,No internet service,No internet service,Month-to-month,Yes,Bank transfer (automatic),97.74,3205.6,1
CUST-03784,Female,0,Yes,No,56,Yes,No,DSL,No,No,No,Yes,Yes,No,Month-to-month,Yes,Bank transfer (automatic),83.13,4635.02,0
CUST-03785,Female,0,Yes,No,54,Yes,Yes,No,No internet service,No internet service,No internet service,No internet service,No internet service,No internet service,Month-to-month,Yes,Bank transfer (automatic),88.64,4799.57,0
CUST-03786,Male,0,Yes,No,12,Yes,No,Fiber optic,No,Yes,No,No,Yes,No,Month-to-month,No,Credit card (automatic),118.75,1465.75,1
CUST-03787,Female,0,No,Yes,50,Yes,Yes,No,No internet service,No internet service,No internet service,No internet service,No internet service,No internet service,Month-to-month,Yes,Electronic check,118.75,5939.0,1
CUST-03788,Male,0,Yes,No,52,Yes,Yes,DSL,Yes,No,Yes,Yes,No,No,One year,Yes,Bank transfer (automatic),78.41,4142.38,0
CUST-03789,Male,0,No,No,35,Yes,Yes,DSL,No,Yes,No,No,Yes,No,Two year,No,Electronic check,30.66,1108.37,0
CUST-03790,Female,0,No,No,4,Yes,No,Fiber optic,No,No,Yes,No,No,Yes,Month-to-month,Yes,Electronic check,73.79,250.46,1
CUST-03791,Male,1,Yes,No,24,Yes,Yes,DSL,Yes,Yes,No,No,No,Yes,Month-to-month,Yes,Mailed check,76.23,1866.11,0
CUST-03792,Male,0,Yes,No,36,Yes,No,No,No internet service,No internet service,No internet service,No internet service,No internet service,No internet service,Two year,Yes,Electronic check,43.44,1562.12,0
CUST-03793,Female,0,No,No,18,Yes,No,DSL,No,No,No,No,Yes,Yes,One year,No,Mailed check,75.62,1359.68,0
CUST-03794,Female,0,No,No,34,Yes,Yes,DSL,No,No,No,No,No,No,Month-to-month,No,Electronic check,48.6,1669.02,0
CUST-03795,Male,0,No,Yes,33,No,No phone service,DSL,No,No,No,Yes,Yes,Yes,Month-to-month,No,Bank transfer (automatic),84.0,2818.03,0
CUST-03796,Female,0,No,No,53,Yes,Yes,DSL,No,Yes,Yes,No,No,Yes,Month-to-month,Yes,Electronic check,92.24,4840.59,0
CUST-03797,Female,0,No,No,45,Yes,No,Fiber optic,No,Yes,No,No,Yes,Yes,Month-to-month,Yes,Electronic check,89.42,4089.17,1
CUST-03798,Male,0,No,No,5,Yes,No,Fiber optic,Yes,No,Yes,No,No,Yes,Two year,Yes,Bank transfer (automatic),95.42,539.3,0
CUST-03799,Male,0,No,No,0,Yes,No,Fiber optic,Yes,No,Yes,No,No,No,One year,No,Mailed check,81.73,0.0,0
CUST-03800,Female,0,No,No,70,Yes,Yes,DSL,No,Yes,Yes,Yes,No,No,Two year,No,Mailed check,99.44,7048.73,0
CUST-03801,Male,0,No,No,33,Yes,Yes,DSL,No,Yes,No,No,No,No,Two year,Yes,Mailed check,106.88,3518.37,0
CUST-03802,Female,0,Yes,No,55,Yes,Yes,DSL,Yes,No,Yes,No,No,Yes,Month-to-month,Yes,Electronic check,66.59,3690.81,0
CUST-03803,Female,0,No,No,25,No,No phone service,Fiber optic,Yes,No,No,Yes,Yes,No,Month-to-month,Yes,Mailed check,69.87,1723.67,0
CUST-03804,Female,1,Yes,No,41,No,No phone service,Fiber optic,No,No,Yes,Yes,No,No,Two year,No,Bank transfer (automatic),66.81,2780.18,0
CUST-03805,Male,0,No,Yes,37,Yes,No,Fiber optic,No,No,No,No,No,No,Month-to-month,No,Credit card (automatic),56.51,2068.62,0
CUST-03806,Female,1,Yes,No,25,Yes,No,No,No internet service,No internet service,No internet service,No internet service,No internet service,No internet service,Month-to-month,Yes,Bank transfer (automatic),66.01,1658.24,0
CUST-03807,Male,0,Yes,No,58,Yes,No,No,No internet service,No internet service,No internet service,No internet service,No internet service,No internet service,Month-to-month,No,Electronic check,98.93,5607.0,1
CUST-03808,Male,0,Yes,Yes,23,Yes,Yes,Fiber optic,No,No,No,No,Yes,Yes,Month-to-month,Yes,Electronic check,91.37,2077.92,1
CUST-03809,Male,0,Yes,Yes,20,Yes,Yes,Fiber optic,No,No,No,No,Yes,No,Month-to-month,Yes,Electronic check,30.42,580.14,1
CUST-03810,Male,0,Yes,No,59,No,No phone service,No,No internet service,No internet service,No internet service,No internet service,No internet service,No internet service,Month-to-month,Yes,Electronic check,118.75,6911.68,1
CUST-03811,Female,0,No,No,19,Yes,Yes,Fiber optic,No,Yes,Yes,Yes,Yes,Yes,Month-to-month,Yes,Mailed check,93.82,1821.0,1
CUST-03812,Male,0,Yes,No,5,Yes,No,DSL,No,Yes,No,Yes,No,Yes,Month-to-month,Yes,Electronic check,76.39,362.67,1
CUST-03813,Male,1,Yes,Yes,66,Yes,Yes,Fiber optic,No,Yes,No,No,No,No,Month-to-month,Yes,Bank transfer (automatic),44.64,2855.34,0
CUST-03814,Female,0,Yes,Yes,9,Yes,No,No,No internet service,No internet service,No internet service,No internet service,No internet service,No internet service,Month-to-month,No,Electronic check,41.62,404.66,0
CUST-03815,Male,0,No,No,11,Yes,No,No,No internet service,No internet service,No internet service,No internet service,No internet service,No internet service,Month-to-month,Yes,Credit card (automatic),109.1,1254.57,1
CUST-03816,Female,0,Yes,Yes,21,Yes,Yes,DSL,No,Yes,Yes,No,Yes,No,One year,Yes,Bank transfer (automatic),98.03,2051.91,0
CUST-03817,Male,0,Yes,Yes,61,Yes,No,No,No internet service,No internet service,No internet service,No internet service,No internet service,No internet service,Two year,Yes,Credit card (automatic),106.69,6432.61,0
CUST-03818,Female,0,Yes,Yes,60,Yes,No,No,No internet service,No internet service,No internet service,No internet service,No internet service,No internet service,Two year,No,Credit card (automatic),75.02,4407.0,0
CUST-03819,Female,0,No,Yes,16,Yes,Yes,DSL,No,Yes,No,No,Yes,No,Two year,Yes,Bank transfer (automatic),104.89,1617.01,0
CUST-03820,Male,0,Yes,Yes,9,Yes,No,No,No internet service,No internet service,No internet service,No internet service,No internet service,No internet service,One year,Yes,Electronic check,37.01,291.6,0
CUST-03821,Male,0,Yes,No,11,Yes,Yes,No,No internet service,No internet service,No internet service,No internet service,No internet service,No internet service,Two year,No,Electronic check,40.69,533.08,0
CUST-03822,Male,1,Yes,Yes,39,Yes,No,DSL,Yes,Yes,No,No,No,Yes,Two year,Yes,Electronic check,100.63,3914.36,0
CUST-03823,Female,0,No,No,22,Yes,Yes,Fiber optic,Yes,No,No,Yes,No,Yes,One year,Yes,Mailed check,50.12,1039.01,0
CUST-03824,Male,0,Yes,No,39,Yes,Yes,DSL,No,No,No,No,No,No,One year,Yes,Mailed check,74.42,2871.63,0
CUST-03825,Male,1,No,No,49,Yes,No,Fiber optic,No,Yes,No,No,No,No,Month-to-month,Yes,Bank transfer (automatic),32.43,1642.6,0
CUST-03826,Male,0,Yes,No,9,Yes,No,No,No internet service,No internet service,No internet service,No internet service,No internet service,No internet service,Month-to-month,Yes,Electronic check,18.25,192.01,0
CUST-03827,Male,0,Yes,No,3,Yes,Yes,Fiber optic,Yes,Yes,No,No,Yes,Yes,Month-to-month,No,Bank transfer (automatic),44.88,136.97,0
CUST-03828,Female,0,Yes,No,0,Yes,Yes,Fiber optic,No,No,Yes,No,No,Yes,One year,Yes,Electronic check,60.53,0.0,0
CUST-03829,Female,0,Yes,No,42,Yes,Yes,No,No internet service,No internet service,No internet service,No internet service,No internet service,No internet service,Month-to-month,No,Credit card (automatic),52.71,2214.0,0
CUST-03830,Male,0,Yes,No,4,Yes,Yes,No,No internet service,No internet service,No internet service,No internet service,No internet service,No internet service,Two year,Yes,Electronic check,86.07,352.07,0
CUST-03831,Male,0,Yes,No,33,Yes,No,DSL,No,No,Yes,No,Yes,No,Month-to-month,Yes,Mailed check,99.86,3285.67,0
CUST-03832,Female,0,Yes,No,65,Yes,No,No,No internet service,No internet service,No internet service,No internet service,No internet service,No internet service,Month-to-month,Yes,Mailed check,94.28,6133.31,0
CUST-03833,Female,0,No,Yes,23,Yes,No,DSL,No,No,No,Yes,No,No,Month-to-month,Yes,Mailed check,44.28,1003.41,0
CUST-03834,Male,0,No,No,13,Yes,No,DSL,No,No,No,Yes,No,Yes,One year,Yes,Electronic check,84.92,1061.18,0
CUST-03835,Male,1,Yes,No,40,Yes,No,Fiber optic,No,No,No,No,No,Yes,Month-to-month,No,Credit card (automatic),44.85,1780.82,0
CUST-03836,Male,0,No,No,41,Yes,No,Fiber optic,No,Yes,No,No,Yes,Yes,Month-to-month,Yes,Mailed check,118.75,4885.26,1
CUST-03837,Female,0,No,Yes,12,Yes,No,Fiber optic,No,No,No,No,No,Yes,One year,Yes,Mailed check,72.89,838.3,0
CUST-03838,Male,0,No,No,28,Yes,Yes,DSL,Yes,No,Yes,No,No,No,Two year,Yes,Electronic check,52.49,1490.77,0
CUST-03839,Female,1,Yes,No,64,Yes,No,DSL,No,Yes,No,Yes,Yes,Yes,One year,Yes,Bank transfer (automatic),80.21,5174.92,0
CUST-03840,Female,0,No,Yes,45,Yes,No,No,No internet service,No internet service,No internet service,No internet service,No internet service,No internet service,Month-to-month,No,Electronic check,80.46,3637.76,0
CUST-03841,Female,0,Yes,No,33,Yes,No,DSL,No,No,No,No,Yes,No,One year,Yes,Electronic check,92.27,3016.83,0
CUST-03842,Male,1,Yes,No,62,Yes,No,DSL,No,No,Yes,No,No,Yes,One year,Yes,Mailed check,31.41,1952.22,0
CUST-03843,Male,0,Yes,No,3,Yes,Yes,No,No internet service,No internet service,No internet service,No internet service,No internet service,No internet service,Month-to-month,No,Credit card (automatic),53.01,166.7,0
CUST-03844,Male,1,Yes,No,27,No,No phone service,Fiber optic,No,Yes,Yes,No,No,No,Month-to-month,Yes,Electronic check,85.79,2326.29,1
CUST-03845,Male,0,Yes,No,0,Yes,No,Fiber optic,No,Yes,No,No,Yes,No,Two year,Yes,Electronic check,89.47,0.0,1
CUST-03846,Female,0,Yes,No,35,Yes,Yes,DSL,No,No,No,No,No,No,Two year,No,Bank transfer (automatic),118.75,4098.35,0
CUST-03847,Female,1,No,No,12,Yes,Yes,No,No internet service,No internet service,No internet service,No internet service,No internet service,No internet service,Month-to-month,Yes,Bank transfer (automatic),106.13,1283.9,1
CUST-03848,Female,0,Yes,No,4,Yes,Yes,No,No internet service,No internet service,No internet service,No internet service,No internet service,No internet service,One year,Yes,Credit card (automatic),53.34,193.35,0
CUST-03849,Female,0,No,No,13,Yes,No,DSL,No,No,No,Yes,Yes,Yes,Month-to-month,Yes,Mailed check,116.16,1447.8,1
CUST-03850,Male,0,Yes,No,31,Yes,No,Fiber optic,No,Yes,Yes,No,No,No,One year,No,Mailed check,88.8,2689.9,0
CUST-03851,Male,1,Yes,No,49,Yes,No,DSL,Yes,Yes,No,Yes,Yes,No,Month-to-month,Yes,Mailed check,110.97,5481.4,0
CUST-03852,Male,0,No,Yes,26,Yes,Yes,No,No internet service,No internet service,No internet service,No internet service,No internet service,No internet service,Month-to-month,No,Mailed check,85.28,2147.07,0
CUST-03853,Female,0,No,Yes,34,Yes,No,DSL,No,Yes,No,No,Yes,Yes,Month-to-month,No,Credit card (automatic),110.65,3777.04,1
CUST-03854,Female,0,Yes,No,2,Yes,No,Fiber optic,No,No,No,Yes,No,No,One year,No,Mailed check,97.35,201.27,0
CUST-03855,Female,0,Yes,No,3,Yes,Yes,Fiber optic,No,No,Yes,No,Yes,No,Month-to-month,No,Electronic check,84.22,209.76,1
CUST-03856,Male,0,No,No,6,Yes,Yes,Fiber optic,Yes,No,Yes,No,No,Yes,Month-to-month,No,Electronic check,59.87,401.02,1
CUST-03857,Male,0,Yes,Yes,2,Yes,No,No,No internet service,No internet service,No internet service,No internet service,No internet service,No internet service,One year,Yes,Credit card (automatic),59.24,59.4,0
CUST-03858,Female,0,No,No,58,Yes,Yes,Fiber optic,Yes,No,No,No,No,No,Two year,No,Mailed check,54.31,3122.53,0
CUST-03859,Male,0,No,No,0,Yes,Yes,No,No internet service,No internet service,No internet service,No internet service,No internet service,No internet service,Two year,No,Electronic check,68.14,0.0,0
CUST-03860,Female,0,Yes,No,27,Yes,Yes,Fiber optic,No,No,No,No,No,No,Month-to-month,Yes,Electronic check,101.43,2776.85,1
CUST-03861,Female,0,Yes,Yes,58,Yes,Yes,DSL,No,Yes,No,Yes,No,Yes,One year,No,Electronic check,92.58,5428.82,0
CUST-03862,Female,0,Yes,No,52,Yes,No,Fiber optic,No,No,No,No,Yes,No,Two year,Yes,Bank transfer (automatic),57.84,3020.11,0
CUST-03863,Male,1,Yes,Yes,9,Yes,No,Fiber optic,No,No,No,No,Yes,Yes,Two year,No,Bank transfer (automatic),95.45,986.01,0
CUST-03864,Male,0,No,Yes,70,Yes,No,Fiber optic,Yes,No,Yes,Yes,No,No,Month-to-month,No,Electronic check,50.32,3544.69,0
CUST-03865,Male,0,No,No,2,Yes,No,No,No internet service,No internet service,No internet service,No internet service,No internet service,No internet service,Month-to-month,No,Credit card (automatic),78.59,188.79,0
CUST-03866,Male,0,No,Yes,6,Yes,No,Fiber optic,Yes,No,No,Yes,No,No,Two year,No,Bank transfer (automatic),105.7,684.53,0
CUST-03867,Male,0,No,Yes,8,Yes,No,No,No internet service,No internet service,No internet service,No internet service,No internet service,No internet service,Month-to-month,No,Bank transfer (automatic),41.71,300.06,0
CUST-03868,Female,0,Yes,No,68,Yes,Yes,Fiber optic,Yes,No,No,No,No,No,One year,Yes,Bank transfer (automatic),83.71,5712.7,0
CUST-03869,Female,0,No,Yes,12,Yes,No,DSL,No,No,No,No,No,Yes,Two year,No,Bank transfer (automatic),54.2,602.05,0
CUST-03870,Male,0,Yes,No,39,Yes,Yes,DSL,Yes,Yes,No,No,Yes,No,One year,No,Mailed check,116.13,4463.16,0
CUST-03871,Male,1,No,Yes,61,Yes,No,No,No internet service,No internet service,No internet service,No internet service,No internet service,No internet service,One year,No,Mailed check,118.75,7298.36,0
CUST-03872,Male,0,Yes,No,61,Yes,No,DSL,No,Yes,No,No,No,No,Month-to-month,No,Electronic check,92.35,5590.85,0
CUST-03873,Male,0,No,No,9,Yes,Yes,DSL,No,No,No,No,Yes,Yes,Month-to-month,No,Mailed check,93.21,848.06,1
CUST-03874,Female,0,No,Yes,10,Yes,Yes,DSL,No,No,No,No,Yes,No,One year,Yes,Mailed check,105.55,1137.08,0
CUST-03875,Male,1,Yes,No,61,Yes,Yes,Fiber optic,No,No,Yes,No,Yes,No,One year,Yes,Credit card (automatic),97.6,5863.05,0
CUST-03876,Male,0,Yes,No,55,Yes,Yes,Fiber optic,Yes,No,Yes,No,No,Yes,Month-to-month,No,Electronic check,57.05,3170.31,0
CUST-03877,Male,0,Yes,Yes,48,Yes,No,DSL,No,Yes,No,No,No,Yes,Month-to-month,No,Bank transfer (automatic),65.55,3145.31,0
CUST-03878,Female,0,Yes,No,15,Yes,No,Fiber optic,No,No,No,No,Yes,No,Month-to-month,Yes,Electronic check,60.78,908.18,0
CUST-03879,Female,0,No,Yes,72,Yes,No,Fiber optic,No,Yes,Yes,Yes,No,Yes,One year,Yes,Credit card (automatic),36.68,2643.94,0
CUST-03880,Male,0,No,Yes,8,No,No phone service,Fiber optic,Yes,Yes,No,No,No,No,Month-to-month,No,Bank transfer (automatic),95.56,765.36,1
CUST-03881,Female,0,Yes,Yes,32,Yes,Yes,No,No internet service,No internet service,No internet service,No internet service,No internet service,No internet service,Month-to-month,No,Mailed check,43.15,1406.96,0
CUST-03882,Female,0,Yes,No,34,Yes,Yes,Fiber optic,Yes,Yes,Yes,No,No,No,Month-to-month,Yes,Electronic check,95.44,3192.39,1
CUST-03883,Female,0,No,No,38,No,No phone service,Fiber optic,Yes,No,No,Yes,Yes,No,One year,Yes,Electronic check,57.11,2195.29,0
CUST-03884,Male,0,Yes,No,24,Yes,No,DSL,Yes,No,No,No,No,No,Month-to-month,No,Bank transfer (automatic),67.78,1570.34,0
CUST-03885,Female,0,Yes,No,55,No,No phone service,No,No internet service,No internet service,No internet service,No internet service,No internet service,No internet service,Month-to-month,No,Bank transfer (automatic),91.59,5142.64,0
CUST-03886,Female,0,No,No,47,Yes,Yes,DSL,No,No,Yes,No,No,No,Month-to-month,No,Credit card (automatic),114.72,5386.59,0
CUST-03887,Female,0,No,No,9,Yes,No,Fiber optic,No,Yes,Yes,No,No,Yes,Two year,No,Bank transfer (automatic),92.99,845.88,0
CUST-03888,Female,0,Yes,No,40,Yes,No,No,No internet service,No internet service,No internet service,No internet service,No internet service,No internet service,Month-to-month,Yes,Electronic check,72.61,2992.94,1
CUST-03889,Female,0,Yes,No,58,Yes,No,No,No internet service,No internet service,No internet service,No internet service,No internet service,No internet service,Month-to-month,Yes,Bank transfer (automatic),77.2,4438.87,0
CUST-03890,Male,0,No,Yes,27,Yes,No,No,No internet service,No internet service,No internet service,No internet service,No internet service,No internet service,Month-to-month,Yes,Credit card (automatic),44.32,1196.08,0
CUST-03891,Female,0,No,No,40,Yes,No,No,No internet service,No internet service,No internet service,No internet service,No internet service,No internet service,Month-to-month,Yes,Credit card (automatic),91.47,3588.3,0
CUST-03892,Female,0,No,No,65,Yes,Yes,No,No internet service,No internet service,No internet service,No internet service,No internet service,No internet service,One year,Yes,Bank transfer (automatic),76.98,4955.19,0
CUST-03893,Female,1,Yes,No,50,Yes,No,Fiber optic,No,No,Yes,Yes,No,Yes,Month-to-month,Yes,Electronic check,53.68,2612.8,0
CUST-03894,Male,0,No,No,61,Yes,Yes,DSL,No,Yes,Yes,No,Yes,Yes,Two year,Yes,Mailed check,97.93,6013.64,0
CUST-03895,Female,0,No,No,29,Yes,No,No,No internet service,No internet service,No internet service,No internet service,No internet service,No internet service,One year,No,Mailed check,109.51,3204.26,0
CUST-03896,Female,0,No,No,39,Yes,No,No,No internet service,No internet service,No internet service,No internet service,No internet service,No internet service,Two year,Yes,Mailed check,70.96,2745.58,0
CUST-03897,Male,0,No,No,39,Yes,No,DSL,Yes,No,No,No,Yes,Yes,Month-to-month,Yes,Electronic check,61.35,2367.32,0
CUST-03898,Female,0,Yes,No,68,Yes,Yes,Fiber optic,No,No,No,Yes,No,Yes,Month-to-month,Yes,Electronic check,64.99,4467.85,0
CUST-03899,Female,0,No,Yes,61,Yes,Yes,DSL,Yes,No,Yes,No,Yes,Yes,One year,Yes,Mailed check,88.51,5398.86,0
CUST-03900,Female,1,Yes,No,14,Yes,No,No,No internet service,No internet service,No internet service,No internet service,No internet service,No internet service,Month-to-month,No,Bank transfer (automatic),42.13,546.46,0
CUST-03901,Male,0,Yes,No,2,Yes,Yes,Fiber optic,No,No,Yes,No,No,No,Month-to-month,Yes,Electronic check,72.17,198.0,1
CUST-03902,Male,1,No,No,23,No,No phone service,DSL,No,Yes,No,No,No,No,Month-to-month,No,Electronic check,63.04,1442.85,1
CUST-03903,Female,0,No,No,40,Yes,Yes,DSL,Yes,No,Yes,No,No,No,Month-to-month,No,Bank transfer (automatic),88.19,3561.46,0
CUST-03904,Male,0,No,No,62,Yes,No,No,No internet service,No internet service,No internet service,No internet service,No internet service,No internet service,Month-to-month,No,Bank transfer (automatic),93.16,5779.51,0
CUST-03905,Female,0,Yes,Yes,47,Yes,Yes,Fiber optic,No,Yes,No,No,Yes,No,Month-to-month,Yes,Mailed check,48.46,2381.51,0
CUST-03906,Female,0,Yes,No,60,No,No phone service,Fiber optic,Yes,No,No,Yes,Yes,No,Month-to-month,No,Electronic check,95.03,5691.46,0
CUST-03907,Female,0,No,No,47,Yes,Yes,Fiber optic,No,No,Yes,No,No,Yes,Two year,Yes,Mailed check,87.97,4034.17,0
CUST-03908,Male,0,Yes,No,46,Yes,No,DSL,Yes,No,No,No,Yes,Yes,One year,No,Credit card (automatic),71.62,3283.13,0
CUST-03909,Female,0,No,No,55,No,No phone service,DSL,No,No,No,No,Yes,No,Month-to-month,No,Electronic check,66.88,3691.72,0
CUST-03910,Male,1,Yes,Yes,7,Yes,No,Fiber optic,No,No,Yes,No,No,No,Two year,No,Electronic check,60.35,445.44,0
CUST-03911,Male,0,No,No,17,Yes,No,Fiber optic,No,Yes,No,No,Yes,No,Two year,Yes,Bank transfer (automatic),68.08,1197.8,0
CUST-03912,Male,0,Yes,No,22,Yes,Yes,Fiber optic,No,No,No,No,No,No,One year,Yes,Mailed check,49.77,1065.9,0
CUST-03913,Male,1,No,No,68,Yes,No,Fiber optic,No,No,Yes,No,No,Yes,One year,Yes,Bank transfer (automatic),62.34,4317.32,0
CUST-03914,Female,0,No,No,64,Yes,No,DSL,No,No,Yes,No,No,Yes,Month-to-month,Yes,Bank transfer (automatic),84.0,5424.24,0
CUST-03915,Female,0,Yes,No,45,Yes,Yes,No,No internet service,No internet service,No internet service,No internet service,No internet service,No internet service,Two year,No,Electronic check,61.96,2794.75,0
CUST-03916,Male,0,No,No,65,Yes,No,DSL,Yes,Yes,No,No,No,No,Month-to-month,Yes,Electronic check,100.98,6529.0,0
CUST-03917,Female,0,No,No,68,Yes,No,DSL,No,Yes,Yes,No,No,No,One year,No,Electronic check,76.16,5275.28,0
CUST-03918,Male,0,No,No,21,No,No phone service,DSL,No,Yes,Yes,No,Yes,Yes,Month-to-month,Yes,Electronic check,61.04,1318.3,0
CUST-03919,Female,0,No,No,64,Yes,Yes,DSL,No,Yes,No,Yes,Yes,Yes,Month-to-month,No,Electronic check,87.18,5554.91,0
CUST-03920,Female,0,Yes,No,11,Yes,No,DSL,No,No,No,No,Yes,Yes,Month-to-month,Yes,Credit card (automatic),61.38,745.28,0
CUST-03921,Female,0,Yes,No,18,No,No phone service,Fiber optic,No,No,Yes,No,Yes,No,Month-to-month,No,Electronic check,53.01,965.19,1
CUST-03922,Male,0,Yes,Yes,21,Yes,No,Fiber optic,No,Yes,No,No,No,Yes,One year,No,Electronic check,64.47,1429.33,0
CUST-03923,Female,0,Yes,No,54,Yes,No,DSL,No,No,No,No,Yes,No,Two year,Yes,Electronic check,26.44,1385.61,0
CUST-03924,Male,0,Yes,Yes,61,Yes,Yes,Fiber optic,Yes,No,Yes,No,No,No,Month-to-month,No,Electronic check,29.2,1771.18,0
CUST-03925,Female,0,No,Yes,50,Yes,Yes,No,No internet service,No internet service,No internet service,No internet service,No internet service,No internet service,One year,No,Electronic check,53.94,2766.1,0
CUST-03926,Male,0,Yes,No,47,Yes,No,DSL,No,Yes,Yes,Yes,Yes,No,One year,No,Electronic check,46.69,2160.99,0
CUST-03927,Female,0,Yes,No,16,Yes,No,No,No internet service,No internet service,No internet service,No internet service,No internet service,No internet service,Month-to-month,No,Mailed check,88.47,1402.85,0
CUST-03928,Female,0,Yes,No,12,Yes,Yes,DSL,No,No,No,No,No,Yes,Two year,No,Bank transfer (automatic),103.16,1101.03,0
CUST-03929,Female,0,No,Yes,27,Yes,No,DSL,No,Yes,No,No,No,Yes,Month-to-month,Yes,Electronic check,81.87,2231.1,1
CUST-03930,Male,1,No,No,66,Yes,No,Fiber optic,Yes,Yes,No,No,No,Yes,Two year,Yes,Mailed check,31.75,2153.21,0
CUST-03931,Female,0,Yes,No,4,Yes,No,DSL,No,Yes,No,No,Yes,Yes,Two year,No,Electronic check,35.31,95.18,0
CUST-03932,Male,0,No,No,59,Yes,Yes,No,No internet service,No internet service,No internet service,No internet service,No internet service,No internet service,Month-to-month,No,Bank transfer (automatic),86.95,5152.43,0
CUST-03933,Female,0,Yes,No,14,Yes,Yes,DSL,No,No,Yes,Yes,Yes,Yes,Two year,Yes,Electronic check,67.65,920.05,0
CUST-03934,Male,0,No,No,43,Yes,No,Fiber optic,Yes,No,Yes,No,No,Yes,One year,Yes,Bank transfer (automatic),29.56,1195.62,0
CUST-03935,Male,0,No,Yes,45,No,No phone service,Fiber optic,No,No,No,No,No,No,Two year,No,Mailed check,54.82,2450.63,0
CUST-03936,Female,0,Yes,No,28,No,No phone service,DSL,Yes,Yes,No,No,Yes,No,Month-to-month,No,Electronic check,47.02,1287.83,0
CUST-03937,Male,0,No,No,67,Yes,No,Fiber optic,Yes,No,Yes,No,Yes,No,Two year,No,Electronic check,115.73,7760.28,0
CUST-03938,Male,1,No,No,48,No,No phone service,Fiber optic,Yes,Yes,Yes,No,No,No,One year,Yes,Electronic check,94.3,4511.11,0
CUST-03939,Male,0,Yes,Yes,42,No,No phone service,Fiber optic,Yes,No,No,Yes,No,No,Month-to-month,Yes,Mailed check,68.65,2950.17,0
CUST-03940,Male,0,No,No,67,Yes,Yes,No,No internet service,No internet service,No internet service,No internet service,No internet service,No internet service,One year,Yes,Bank transfer (automatic),85.02,5668.46,0
CUST-03941,Female,0,Yes,No,19,Yes,Yes,DSL,Yes,Yes,No,No,No,No,One year,No,Credit card (automatic),76.28,1442.85,0
CUST-03942,Female,0,Yes,Yes,17,No,No phone service,Fiber optic,Yes,Yes,No,No,Yes,No,Month-to-month,No,Mailed check,74.34,1275.76,0
CUST-03943,Male,1,Yes,No,63,Yes,No,DSL,No,No,No,No,No,No,Two year,Yes,Credit card (automatic),118.75,7478.7,0
CUST-03944,Male,1,Yes,No,48,Yes,Yes,DSL,No,Yes,Yes,No,Yes,Yes,Month-to-month,Yes,Credit card (automatic),111.89,5343.94,1
CUST-03945,Male,0,Yes,No,41,Yes,No,DSL,No,Yes,No,No,No,Yes,Two year,Yes,Bank transfer (automatic),113.82,4669.19,0
CUST-03946,Male,1,No,No,11,Yes,No,No,No internet service,No internet service,No internet service,No internet service,No internet service,No internet service,Month-to-month,No,Mailed check,79.8,904.03,1
CUST-03947,Female,0,Yes,Yes,35,Yes,Yes,Fiber optic,No,Yes,Yes,Yes,Yes,Yes,Two year,Yes,Credit card (automatic),66.42,2369.63,0
CUST-03948,Female,1,Yes,No,7,Yes,No,DSL,No,No,No,No,Yes,No,Two year,No,Mailed check,39.96,173.83,0
CUST-03949,Male,0,No,No,27,Yes,No,DSL,No,Yes,Yes,No,No,No,Month-to-month,Yes,Mailed check,48.87,1344.82,0
CUST-03950,Male,0,No,No,59,Yes,No,DSL,Yes,No,No,Yes,No,No,One year,Yes,Bank transfer (automatic),103.55,6075.73,0
CUST-03951,Male,0,No,No,48,Yes,No,DSL,No,No,No,No,No,Yes,Month-to-month,No,Credit card (automatic),44.81,2208.78,0
CUST-03952,Female,0,No,Yes,37,Yes,Yes,Fiber optic,Yes,No,No,No,No,No,Month-to-month,Yes,Mailed check,70.65,2660.67,0
CUST-03953,Female,0,No,No,57,Yes,Yes,DSL,No,No,Yes,No,Yes,No,Month-to-month,Yes,Electronic check,43.29,2513.81,0
CUST-03954,Male,0,No,No,4,Yes,No,DSL,No,No,No,No,No,Yes,Month-to-month,No,Electronic check,68.12,243.3,1
CUST-03955,Male,0,No,Yes,45,Yes,No,Fiber optic,No,No,No,Yes,No,No,Two year,Yes,Electronic check,49.72,2167.75,0
CUST-03956,Female,0,No,No,1,No,No phone service,No,No internet service,No internet service,No internet service,No internet service,No internet service,No internet service,Month-to-month,No,Mailed check,86.74,150.29,1
CUST-03957,Female,0,Yes,No,24,Yes,Yes,Fiber optic,No,No,No,No,No,Yes,Month-to-month,Yes,Electronic check,67.23,1671.97,1
CUST-03958,Male,1,Yes,No,0,Yes,No,No,No internet service,No internet service,No internet service,No internet service,No internet service,No internet service,Month-to-month,Yes,Bank transfer (automatic),49.78,0.0,0
CUST-03959,Male,0,No,No,68,Yes,Yes,DSL,No,No,No,No,Yes,No,Two year,Yes,Mailed check,55.54,3845.48,0
CUST-03960,Male,1,Yes,No,39,Yes,Yes,Fiber optic,Yes,Yes,No,No,Yes,Yes,Month-to-month,Yes,Mailed check,78.76,3089.38,0
CUST-03961,Female,0,Yes,No,67,Yes,Yes,DSL,No,No,Yes,No,No,No,Month-to-month,Yes,Electronic check,80.57,5404.79,0
CUST-03962,Male,0,No,Yes,68,Yes,Yes,No,No internet service,No internet service,No internet service,No internet service,No internet service,No internet service,One year,No,Bank transfer (automatic),65.64,4422.4,0
CUST-03963,Male,0,No,No,68,Yes,Yes,No,No internet service,No internet service,No internet service,No internet service,No internet service,No internet service,Two year,Yes,Bank transfer (automatic),71.49,4912.04,0
CUST-03964,Female,0,Yes,Yes,15,Yes,No,Fiber optic,No,No,No,Yes,Yes,No,Two year,Yes,Bank transfer (automatic),59.76,873.4,0
CUST-03965,Male,0,No,No,53,No,No phone service,No,No internet service,No internet service,No internet service,No internet service,No internet service,No internet service,One year,Yes,Credit card (automatic),22.89,1189.94,0
CUST-03966,Female,0,No,Yes,62,Yes,No,Fiber optic,No,No,No,Yes,Yes,No,Month-to-month,No,Electronic check,77.64,4706.87,0
CUST-03967,Male,0,No,Yes,17,Yes,No,DSL,No,No,No,No,No,No,One year,No,Electronic check,33.47,531.79,0
CUST-03968,Male,0,No,Yes,16,Yes,No,Fiber optic,No,No,No,No,Yes,Yes,Two year,No,Mailed check,50.04,751.04,0
CUST-03969,Female,0,No,No,3,Yes,No,Fiber optic,Yes,No,Yes,No,No,No,Two year,Yes,Credit card (automatic),78.44,131.48,0
CUST-03970,Male,0,No,No,8,Yes,No,DSL,No,No,Yes,No,No,No,Month-to-month,Yes,Electronic check,65.12,598.9,0
CUST-03971,Female,0,Yes,No,30,No,No phone service,Fiber optic,No,No,No,No,No,No,Month-to-month,Yes,Bank transfer (automatic),112.37,3364.86,1
CUST-03972,Female,0,No,Yes,4,Yes,Yes,Fiber optic,No,Yes,No,No,Yes,Yes,Month-to-month,Yes,Electronic check,50.62,131.2,1
CUST-03973,Male,0,No,No,15,Yes,Yes,DSL,No,No,No,No,Yes,No,One year,No,Mailed check,61.8,878.81,0
CUST-03974,Female,0,No,No,41,Yes,Yes,Fiber optic,Yes,Yes,No,No,Yes,No,One year,Yes,Credit card (automatic),79.75,3240.71,0
CUST-03975,Male,0,No,No,40,Yes,No,Fiber optic,No,Yes,No,No,No,No,Month-to-month,Yes,Mailed check,74.63,2955.39,0
CUST-03976,Female,0,Yes,No,29,Yes,No,DSL,No,No,No,No,Yes,No,Month-to-month,Yes,Bank transfer (automatic),100.22,2946.41,1
CUST-03977,Male,0,No,No,25,Yes,Yes,Fiber optic,No,Yes,Yes,Yes,Yes,Yes,Two year,Yes,Mailed check,89.48,2223.54,0
CUST-03978,Female,0,Yes,No,48,Yes,No,No,No internet service,No internet service,No internet service,No internet service,No internet service,No internet service,Month-to-month,No,Bank transfer (automatic),111.37,5350.69,0
CUST-03979,Male,0,Yes,Yes,30,Yes,No,No,No internet service,No internet service,No internet service,No internet service,No internet service,No internet service,One year,No,Electronic check,33.77,999.86,0
CUST-03980,Male,0,Yes,Yes,49,Yes,Yes,Fiber optic,No,Yes,No,Yes,No,No,Month-to-month,Yes,Credit card (automatic),96.46,4784.68,0
CUST-03981,Female,0,Yes,No,14,Yes,No,DSL,Yes,Yes,No,No,Yes,No,One year,No,Mailed check,47.41,732.62,0
CUST-03982,Female,0,No,No,51,Yes,No,DSL,No,No,No,No,No,No,Month-to-month,Yes,Electronic check,88.2,4491.51,1
CUST-03983,Male,0,Yes,Yes,37,Yes,Yes,DSL,Yes,Yes,No,No,Yes,Yes,One year,No,Electronic check,69.04,2507.17,0
CUST-03984,Male,0,Yes,No,37,Yes,No,DSL,No,No,No,Yes,No,No,One year,Yes,Electronic check,57.92,2137.56,0
CUST-03985,Female,0,No,No,59,Yes,No,No,No internet service,No internet service,No internet service,No internet service,No internet service,No internet service,Two year,Yes,Electronic check,107.54,6189.36,0
CUST-03986,Female,0,Yes,No,19,Yes,No,No,No internet service,No internet service,No internet service,No internet service,No internet service,No internet service,Month-to-month,Yes,Electronic check,30.7,598.98,0
CUST-03987,Male,0,Yes,No,43,Yes,No,No,No internet service,No internet service,No internet service,No internet service,No internet service,No internet service,One year,No,Electronic check,118.75,5038.3,0
CUST-03988,Male,1,Yes,Yes,62,Yes,No,Fiber optic,No,No,Yes,No,No,No,Month-to-month,Yes,Mailed check,94.39,5841.13,0
CUST-03989,Male,0,Yes,No,49,Yes,Yes,DSL,No,Yes,Yes,Yes,Yes,No,Two year,No,Credit card (automatic),81.03,3994.05,0
CUST-03990,Female,0,Yes,Yes,21,Yes,No,Fiber optic,No,Yes,Yes,No,Yes,Yes,One year,Yes,Mailed check,69.2,1424.69,0
CUST-03991,Male,0,Yes,No,71,Yes,No,Fiber optic,No,No,No,No,Yes,Yes,One year,No,Mailed check,70.6,4990.68,0
CUST-03992,Male,0,No,Yes,53,Yes,No,Fiber optic,No,No,No,Yes,No,No,Month-to-month,Yes,Electronic check,89.07,4733.61,1
CUST-03993,Female,0,Yes,No,8,Yes,No,Fiber optic,No,No,No,Yes,Yes,No,Month-to-month,No,Electronic check,36.27,262.25,0
CUST-03994,Male,0,Yes,No,14,No,No phone service,Fiber optic,No,No,No,No,No,No,Month-to-month,Yes,Electronic check,18.25,301.72,0
CUST-03995,Female,0,No,No,47,Yes,Yes,Fiber optic,No,No,No,No,Yes,No,Month-to-month,No,Credit card (automatic),78.67,3736.14,0
CUST-03996,Male,0,Yes,Yes,19,Yes,No,Fiber optic,No,No,No,Yes,No,No,Month-to-month,Yes,Credit card (automatic),53.99,1054.18,0
CUST-03997,Male,0,No,Yes,34,Yes,No,No,No internet service,No internet service,No internet service,No internet service,No internet service,No internet service,Month-to-month,Yes,Bank transfer (automatic),51.82,1730.36,0
CUST-03998,Male,1,Yes,Yes,66,Yes,Yes,DSL,No,No,No,No,Yes,No,Month-to-month,Yes,Electronic check,39.78,2654.15,0
CUST-03999,Female,0,Yes,No,59,Yes,No,Fiber optic,No,No,No,Yes,No,Yes,Month-to-month,No,Mailed check,108.3,6352.55,0
CUST-04000,Male,1,No,No,33,Yes,No,DSL,Yes,No,No,No,Yes,Yes,Month-to-month,Yes,Mailed check,118.75,3914.39,1
CUST-04001,Female,1,Yes,No,72,Yes,Yes,DSL,No,No,No,Yes,Yes,Yes,Month-to-month,No,Credit card (automatic),78.71,5535.33,0
CUST-04002,Female,0,Yes,Yes,53,Yes,No,DSL,No,No,Yes,No,No,Yes,Two year,Yes,Bank transfer (automatic),73.47,3951.77,0
CUST-04003,Female,0,No,Yes,11,No,No phone service,DSL,Yes,No,Yes,No,No,No,Two year,Yes,Bank transfer (automatic),82.11,989.55,0
CUST-04004,Male,0,Yes,Yes,18,Yes,No,No,No internet service,No internet service,No internet service,No internet service,No internet service,No internet service,Month-to-month,Yes,Mailed check,81.58,1479.68,0
CUST-04005,Male,0,No,No,25,Yes,Yes,Fiber optic,Yes,No,No,No,No,Yes,One year,Yes,Bank transfer (automatic),60.47,1432.67,0
CUST-04006,Male,0,No,No,22,No,No phone service,No,No internet service,No internet service,No internet service,No internet service,No internet service,No internet service,One year,No,Bank transfer (automatic),103.38,2263.48,0
CUST-04007,Male,0,Yes,No,32,Yes,No,DSL,Yes,No,No,No,Yes,No,Month-to-month,Yes,Mailed check,102.75,3291.55,0
CUST-04008,Male,0,No,No,56,Yes,No,DSL,No,Yes,Yes,Yes,No,No,One year,Yes,Credit card (automatic),96.35,5396.4,0
CUST-04009,Female,0,Yes,Yes,29,Yes,No,Fiber optic,No,No,No,No,Yes,No,Two year,Yes,Electronic check,118.48,3562.97,1
CUST-04010,Male,0,No,Yes,22,Yes,No,DSL,No,No,No,No,No,Yes,One year,Yes,Credit card (automatic),92.41,2020.79,0
CUST-04011,Male,0,No,No,35,Yes,Yes,Fiber optic,Yes,Yes,No,Yes,No,Yes,Month-to-month,No,Bank transfer (automatic),58.46,2017.23,0
CUST-04012,Male,0,No,No,42,Yes,No,Fiber optic,No,No,No,No,No,Yes,Month-to-month,Yes,Mailed check,77.81,3276.17,1
CUST-04013,Female,0,Yes,No,65,Yes,Yes,No,No internet service,No internet service,No internet service,No internet service,No internet service,No internet service,Month-to-month,Yes,Credit card (automatic),102.53,6657.31,0
CUST-04014,Male,0,No,Yes,52,Yes,Yes,Fiber optic,No,No,No,No,No,No,One year,Yes,Credit card (automatic),50.93,2610.89,0
CUST-04015,Female,0,Yes,Yes,59,Yes,Yes,Fiber optic,Yes,Yes,Yes,No,No,Yes,One year,No,Mailed check,71.37,4122.74,0
CUST-04016,Male,0,Yes,Yes,36,Yes,No,DSL,No,No,No,No,Yes,Yes,Month-to-month,Yes,Credit card (automatic),35.42,1311.74,0
CUST-04017,Female,0,No,Yes,60,Yes,Yes,Fiber optic,No,Yes,Yes,Yes,No,No,Month-to-month,No,Electronic check,118.75,7081.79,1
CUST-04018,Female,0,Yes,Yes,52,Yes,Yes,Fiber optic,Yes,Yes,No,No,No,Yes,Month-to-month,No,Mailed check,87.4,4494.48,0
CUST-04019,Male,0,No,No,11,Yes,Yes,Fiber optic,Yes,No,No,No,Yes,No,Month-to-month,Yes,Electronic check,86.44,910.29,1
CUST-04020,Male,0,Yes,Yes,34,Yes,No,DSL,No,Yes,No,No,No,Yes,Month-to-month,No,Electronic check,37.01,1185.24,0
CUST-04021,Male,0,No,Yes,66,Yes,No,Fiber optic,No,No,No,No,No,Yes,Month-to-month,No,Credit card (automatic),106.97,7092.82,1
CUST-04022,Male,1,Yes,No,37,Yes,Yes,No,No internet service,No internet service,No internet service,No internet service,No internet service,No internet service,Month-to-month,No,Mailed check,82.92,3094.16,0
CUST-04023,Female,0,Yes,No,23,Yes,No,DSL,No,Yes,No,Yes,No,Yes,Month-to-month,Yes,Bank transfer (automatic),28.23,658.79,0
CUST-04024,Female,0,Yes,No,39,Yes,Yes,No,No internet service,No internet service,No internet service,No internet service,No internet service,No internet service,Month-to-month,No,Mailed check,86.84,3422.25,0
CUST-04025,Female,0,No,No,64,Yes,Yes,Fiber optic,No,Yes,No,Yes,No,Yes,One year,Yes,Mailed check,54.44,3505.74,0
CUST-04026,Female,0,Yes,No,56,No,No phone service,Fiber optic,Yes,No,No,Yes,No,No,Two year,Yes,Electronic check,79.19,4464.03,0
CUST-04027,Male,0,No,Yes,71,Yes,Yes,No,No internet service,No internet service,No internet service,No internet service,No internet service,No internet service,Two year,Yes,Bank transfer (automatic),98.68,7097.5,0
CUST-04028,Male,0,Yes,No,44,Yes,No,Fiber optic,Yes,No,Yes,No,Yes,Yes,Two year,Yes,Bank transfer (automatic),80.98,3612.21,0
CUST-04029,Female,1,Yes,Yes,71,Yes,Yes,No,No internet service,No internet service,No internet service,No internet service,No internet service,No internet service,Two year,Yes,Mailed check,33.76,2405.75,0
CUST-04030,Male,0,Yes,Yes,12,Yes,No,Fiber optic,No,Yes,No,No,No,No,One year,No,Credit card (automatic),78.28,892.67,0
CUST-04031,Female,0,Yes,No,5,Yes,No,DSL,Yes,No,No,Yes,No,No,Month-to-month,Yes,Electronic check,92.0,380.2,1
CUST-04032,Male,0,No,No,70,Yes,Yes,Fiber optic,No,No,No,No,No,Yes,Month-to-month,No,Bank transfer (automatic),74.71,5141.73,0
CUST-04033,Male,0,No,No,46,Yes,Yes,No,No internet service,No internet service,No internet service,No internet service,No internet service,No internet service,Month-to-month,Yes,Bank transfer (automatic),89.28,4154.2,0
CUST-04034,Female,0,Yes,No,43,Yes,No,No,No internet service,No internet service,No internet service,No internet service,No internet service,No internet service,One year,Yes,Mailed check,89.29,3811.57,0
CUST-04035,Male,0,No,No,31,Yes,Yes,DSL,No,No,No,No,No,No,Month-to-month,Yes,Credit card (automatic),23.77,740.83,0
CUST-04036,Female,0,No,No,2,Yes,Yes,DSL,Yes,No,No,No,Yes,No,Month-to-month,No,Mailed check,101.54,155.43,0
CUST-04037,Female,0,Yes,No,53,Yes,Yes,Fiber optic,No,No,No,Yes,Yes,No,One year,Yes,Credit card (automatic),63.37,3468.89,0
CUST-04038,Female,1,Yes,No,37,Yes,No,Fiber optic,Yes,No,No,No,No,No,Month-to-month,No,Bank transfer (automatic),57.03,2020.32,0
CUST-04039,Female,0,No,No,3,Yes,No,DSL,No,No,No,No,Yes,Yes,Month-to-month,No,Mailed check,53.04,166.05,0
CUST-04040,Female,0,Yes,Yes,16,No,No phone service,DSL,No,No,No,No,No,Yes,Two year,Yes,Electronic check,102.98,1629.75,1
CUST-04041,Female,0,Yes,No,36,Yes,Yes,Fiber optic,No,No,Yes,Yes,Yes,No,Month-to-month,Yes,Credit card (automatic),111.84,4027.16,0
CUST-04042,Male,0,Yes,No,35,Yes,Yes,Fiber optic,No,Yes,No,No,No,No,Month-to-month,Yes,Electronic check,86.67,3017.42,1
CUST-04043,Male,1,No,Yes,57,Yes,Yes,No,No internet service,No internet service,No internet service,No internet service,No internet service,No internet service,Month-to-month,Yes,Credit card (automatic),65.89,3711.16,0
CUST-04044,Female,0,Yes,No,40,Yes,No,No,No internet service,No internet service,No internet service,No internet service,No internet service,No internet service,One year,Yes,Mailed check,118.75,4694.1,0
CUST-04045,Male,0,Yes,No,7,Yes,No,DSL,Yes,No,Yes,No,No,No,Month-to-month,Yes,Bank transfer (automatic),70.52,596.06,0
CUST-04046,Male,0,Yes,Yes,66,Yes,Yes,No,No internet service,No internet service,No internet service,No internet service,No internet service,No internet service,Two year,No,Electronic check,62.85,4133.21,0
CUST-04047,Male,0,Yes,Yes,29,Yes,Yes,Fiber optic,No,No,No,No,No,Yes,Month-to-month,Yes,Mailed check,99.64,2906.67,1
CUST-04048,Female,0,Yes,No,51,Yes,Yes,No,No internet service,No internet service,No internet service,No internet service,No internet service,No internet service,Month-to-month,No,Electronic check,74.06,3697.36,0
CUST-04049,Female,1,No,No,24,No,No phone service,DSL,No,Yes,No,No,No,No,Month-to-month,No,Credit card (automatic),118.75,2744.15,1
CUST-04050,Male,0,Yes,No,51,Yes,No,DSL,Yes,Yes,No,No,No,Yes,One year,No,Electronic check,55.92,2818.09,0
CUST-04051,Female,0,No,Yes,58,Yes,Yes,Fiber optic,No,Yes,No,No,Yes,Yes,Two year,No,Mailed check,73.54,4308.97,0
CUST-04052,Female,0,Yes,Yes,29,Yes,Yes,No,No internet service,No internet service,No internet service,No internet service,No internet service,No internet service,Month-to-month,Yes,Electronic check,112.35,3259.57,1
CUST-04053,Female,0,No,No,66,Yes,Yes,No,No internet service,No internet service,No internet service,No internet service,No internet service,No internet service,Month-to-month,No,Credit card (automatic),91.37,6003.42,0
CUST-04054,Female,0,No,No,3,Yes,No,Fiber optic,Yes,No,No,No,No,Yes,Month-to-month,Yes,Mailed check,63.01,210.52,0
CUST-04055,Female,0,Yes,No,56,Yes,No,Fiber optic,Yes,No,Yes,Yes,No,No,Two year,No,Electronic check,54.71,3036.24,0
CUST-04056,Male,1,No,No,62,Yes,Yes,Fiber optic,No,No,No,Yes,No,Yes,Month-to-month,Yes,Mailed check,50.21,3181.85,0
CUST-04057,Female,1,Yes,No,31,Yes,Yes,No,No internet service,No internet service,No internet service,No internet service,No internet service,No internet service,One year,No,Electronic check,41.94,1371.02,0
CUST-04058,Male,0,No,Yes,50,Yes,Yes,Fiber optic,Yes,Yes,No,No,Yes,No,Month-to-month,No,Electronic check,101.24,5033.14,0
CUST-04059,Female,0,Yes,Yes,62,Yes,No,Fiber optic,No,Yes,Yes,No,No,No,One year,No,Mailed check,98.25,6052.66,0
CUST-04060,Female,0,No,No,0,Yes,No,DSL,Yes,No,No,Yes,Yes,No,Two year,Yes,Mailed check,83.03,0.0,0
CUST-04061,Male,1,No,No,18,Yes,No,Fiber optic,No,No,No,No,Yes,No,One year,Yes,Electronic check,44.87,828.99,0
CUST-04062,Male,1,No,No,34,No,No phone service,Fiber optic,No,No,No,Yes,Yes,No,Two year,Yes,Electronic check,67.45,2279.61,0
CUST-04063,Female,0,Yes,No,62,Yes,No,No,No internet service,No internet service,No internet service,No internet service,No internet service,No internet service,One year,No,Mailed check,86.76,5431.42,0
CUST-04064,Male,0,Yes,No,25,Yes,Yes,Fiber optic,No,No,No,No,No,Yes,Two year,No,Credit card (automatic),104.99,2638.03,0
CUST-04065,Female,0,No,Yes,12,Yes,No,Fiber optic,Yes,No,No,No,No,No,One year,Yes,Bank transfer (automatic),80.69,1022.69,0
CUST-04066,Male,0,No,Yes,22,Yes,No,No,No internet service,No internet service,No internet service,No internet service,No internet service,No internet service,One year,Yes,Electronic check,76.35,1623.59,0
CUST-04067,Male,0,No,Yes,34,Yes,No,DSL,No,No,No,No,Yes,No,Two year,Yes,Bank transfer (automatic),51.52,1722.05,0
CUST-04068,Female,0,Yes,Yes,11,Yes,Yes,DSL,No,No,No,No,Yes,Yes,Month-to-month,No,Electronic check,94.07,1061.43,1
CUST-04069,Female,0,No,No,8,Yes,Yes,Fiber optic,No,No,Yes,No,Yes,No,Month-to-month,Yes,Mailed check,64.15,515.85,0
CUST-04070,Female,0,Yes,Yes,66,Yes,Yes,DSL,Yes,Yes,No,Yes,Yes,No,Month-to-month,Yes,Bank transfer (automatic),43.92,2889.34,0
CUST-04071,Male,1,No,Yes,43,No,No phone service,DSL,No,No,No,Yes,Yes,No,Month-to-month,Yes,Mailed check,53.86,2290.02,0
CUST-04072,Female,0,Yes,No,60,Yes,No,No,No internet service,No internet service,No internet service,No internet service,No internet service,No internet service,Two year,Yes,Mailed check,95.42,5729.54,0
CUST-04073,Female,0,Yes,No,20,Yes,Yes,Fiber optic,Yes,No,No,No,No,No,Month-to-month,No,Credit card (automatic),90.68,1885.01,0
CUST-04074,Female,0,No,No,6,Yes,No,DSL,No,No,No,No,Yes,Yes,Month-to-month,No,Electronic check,18.25,9.04,0
CUST-04075,Female,0,Yes,No,10,Yes,No,DSL,No,No,Yes,Yes,Yes,Yes,Month-to-month,No,Electronic check,69.1,683.4,0
CUST-04076,Female,0,No,No,44,Yes,Yes,DSL,No,No,Yes,Yes,No,No,One year,No,Credit card (automatic),43.8,1921.78,0
CUST-04077,Male,0,No,No,31,Yes,Yes,Fiber optic,No,No,No,No,No,Yes,One year,Yes,Credit card (automatic),84.2,2555.83,0
CUST-04078,Male,0,Yes,Yes,35,Yes,No,DSL,No,No,Yes,No,Yes,No,One year,Yes,Mailed check,89.57,3127.15,0
CUST-04079,Female,0,Yes,Yes,36,Yes,No,No,No internet service,No internet service,No internet service,No internet service,No internet service,No internet service,One year,Yes,Mailed check,48.15,1651.43,0
CUST-04080,Male,0,No,No,40,Yes,Yes,Fiber optic,No,Yes,No,No,Yes,No,Month-to-month,Yes,Electronic check,75.8,3002.79,0
CUST-04081,Female,0,Yes,No,48,Yes,Yes,DSL,No,No,No,No,No,No,Two year,No,Credit card (automatic),97.57,4669.94,0
CUST-04082,Male,0,No,No,14,Yes,No,DSL,No,No,No,No,Yes,No,Month-to-month,No,Mailed check,97.54,1365.3,0
CUST-04083,Female,0,No,Yes,12,Yes,No,Fiber optic,Yes,Yes,No,No,No,Yes,Month-to-month,No,Mailed check,50.53,700.12,0
CUST-04084,Female,0,Yes,No,52,Yes,No,DSL,No,No,No,No,Yes,Yes,Two year,Yes,Electronic check,104.2,5377.59,0
CUST-04085,Male,0,Yes,No,32,Yes,No,Fiber optic,No,Yes,No,Yes,No,No,Month-to-month,Yes,Bank transfer (automatic),80.89,2522.25,0
CUST-04086,Male,0,Yes,No,71,Yes,No,No,No internet service,No internet service,No internet service,No internet service,No internet service,No internet service,One year,Yes,Bank transfer (automatic),67.52,4843.53,0
CUST-04087,Male,0,No,Yes,31,Yes,Yes,Fiber optic,No,Yes,Yes,No,Yes,No,Month-to-month,Yes,Electronic check,72.04,2010.09,1
CUST-04088,Female,1,Yes,No,47,Yes,No,DSL,Yes,No,No,No,No,No,Month-to-month,Yes,Credit card (automatic),96.53,4505.96,0
CUST-04089,Female,0,Yes,No,67,Yes,No,No,No internet service,No internet service,No internet service,No internet service,No internet service,No internet service,Month-to-month,Yes,Electronic check,98.88,6608.68,1
CUST-04090,Male,0,No,No,56,Yes,Yes,DSL,No,No,Yes,No,No,Yes,One year,Yes,Credit card (automatic),100.47,5579.26,0
CUST-04091,Female,0,No,Yes,61,No,No phone service,DSL,Yes,Yes,Yes,No,No,No,Month-to-month,No,Bank transfer (automatic),61.66,3756.52,0
CUST-04092,Male,0,Yes,No,1,Yes,Yes,DSL,Yes,Yes,No,No,No,No,Month-to-month,No,Credit card (automatic),75.74,43.31,0
CUST-04093,Male,0,Yes,Yes,15,Yes,Yes,No,No internet service,No internet service,No internet service,No internet service,No internet service,No internet service,One year,No,Bank transfer (automatic),66.09,904.28,0
CUST-04094,Female,0,No,Yes,7,Yes,No,No,No internet service,No internet service,No internet service,No internet service,No internet service,No internet service,One year,Yes,Mailed check,76.27,564.79,0
CUST-04095,Male,0,No,No,18,Yes,Yes,DSL,No,No,Yes,No,Yes,Yes,Month-to-month,No,Electronic check,59.83,1109.78,0
CUST-04096,Male,1,No,Yes,31,Yes,Yes,Fiber optic,No,No,Yes,Yes,Yes,Yes,Month-to-month,Yes,Bank transfer (automatic),113.99,3484.32,1
CUST-04097,Male,0,No,No,66,Yes,No,DSL,Yes,Yes,No,No,No,Yes,Two year,No,Electronic check,78.71,5167.8,0
CUST-04098,Male,0,No,No,31,Yes,Yes,Fiber optic,No,Yes,Yes,Yes,No,Yes,Month-to-month,Yes,Electronic check,70.83,2288.53,1
CUST-04099,Male,1,No,Yes,24,Yes,No,DSL,No,Yes,Yes,Yes,No,No,Two year,Yes,Electronic check,84.44,2048.98,0
CUST-04100,Male,0,No,No,52,Yes,Yes,DSL,No,No,No,No,No,No,Month-to-month,Yes,Bank transfer (automatic),104.95,5457.41,0
CUST-04101,Female,0,No,No,24,No,No phone service,No,No internet service,No internet service,No internet service,No internet service,No internet service,No internet service,Month-to-month,No,Bank transfer (automatic),74.46,1867.91,0
CUST-04102,Male,0,No,Yes,32,Yes,Yes,DSL,Yes,No,No,No,No,Yes,Month-to-month,No,Electronic check,66.64,2051.4,0
CUST-04103,Female,0,Yes,No,30,Yes,No,DSL,No,No,No,No,No,No,Month-to-month,Yes,Electronic check,96.42,2790.95,1
CUST-04104,Male,0,Yes,No,35,Yes,No,No,No internet service,No internet service,No internet service,No internet service,No internet service,No internet service,One year,Yes,Mailed check,118.4,4152.35,0
CUST-04105,Male,0,No,No,48,Yes,No,Fiber optic,Yes,No,No,No,Yes,Yes,One year,Yes,Electronic check,112.19,5427.13,0
CUST-04106,Female,0,Yes,Yes,43,Yes,No,Fiber optic,No,No,No,No,No,Yes,Month-to-month,Yes,Bank transfer (automatic),51.37,2123.38,0
CUST-04107,Female,0,No,No,47,Yes,Yes,No,No internet service,No internet service,No internet service,No internet service,No internet service,No internet service,Two year,Yes,Electronic check,95.85,4439.97,0
CUST-04108,Male,0,Yes,Yes,29,Yes,No,Fiber optic,No,No,No,No,Yes,Yes,Two year,Yes,Electronic check,72.28,2135.77,0
CUST-04109,Female,0,No,No,12,Yes,Yes,DSL,Yes,Yes,Yes,No,Yes,Yes,Month-to-month,No,Electronic check,103.51,1184.51,0
CUST-04110,Female,0,Yes,No,42,Yes,Yes,DSL,No,No,Yes,No,No,Yes,Month-to-month,Yes,Electronic check,118.75,4974.69,1
CUST-04111,Female,1,No,No,15,Yes,No,DSL,Yes,Yes,Yes,No,No,No,Month-to-month,Yes,Electronic check,18.25,284.24,0
CUST-04112,Female,0,No,No,25,Yes,Yes,DSL,No,No,No,No,No,No,One year,No,Credit card (automatic),73.81,1892.99,0
CUST-04113,Male,0,Yes,No,46,Yes,No,Fiber optic,Yes,No,No,Yes,Yes,No,One year,Yes,Bank transfer (automatic),64.97,2973.3,0
CUST-04114,Male,0,No,No,36,Yes,Yes,DSL,No,Yes,No,No,No,Yes,Month-to-month,No,Electronic check,57.23,2084.9,0
CUST-04115,Female,0,Yes,No,2,Yes,No,Fiber optic,No,Yes,Yes,No,No,No,One year,Yes,Mailed check,47.2,32.42,0
CUST-04116,Male,0,Yes,No,25,Yes,Yes,DSL,No,No,Yes,No,Yes,Yes,Two year,No,Electronic check,62.3,1586.94,0
CUST-04117,Female,0,Yes,Yes,14,Yes,No,Fiber optic,No,No,No,Yes,Yes,No,One year,Yes,Bank transfer (automatic),64.71,860.5,0
CUST-04118,Male,1,Yes,Yes,65,Yes,Yes,Fiber optic,Yes,No,No,No,No,No,One year,Yes,Credit card (automatic),70.26,4497.87,0
CUST-04119,Male,1,No,No,27,Yes,No,Fiber optic,Yes,No,No,No,No,No,Month-to-month,Yes,Mailed check,23.2,729.66,0
CUST-04120,Female,1,Yes,No,37,Yes,No,DSL,Yes,Yes,Yes,Yes,No,No,Month-to-month,Yes,Mailed check,78.34,2990.08,0
CUST-04121,Male,1,No,Yes,43,Yes,No,No,No internet service,No internet service,No internet service,No internet service,No internet service,No internet service,Two year,No,Mailed check,102.36,4408.89,0
CUST-04122,Female,0,Yes,Yes,52,Yes,No,Fiber optic,No,Yes,No,No,No,No,One year,No,Mailed check,63.28,3367.92,0
CUST-04123,Female,0,No,Yes,3,Yes,No,Fiber optic,Yes,No,Yes,No,No,Yes,One year,Yes,Electronic check,29.37,71.82,0
CUST-04124,Female,1,Yes,No,71,No,No phone service,Fiber optic,No,Yes,No,No,No,No,Month-to-month,No,Bank transfer (automatic),82.24,5832.24,0
CUST-04125,Female,0,No,No,43,Yes,No,Fiber optic,No,No,Yes,No,No,Yes,One year,No,Credit card (automatic),102.49,4398.24,0
CUST-04126,Female,1,No,No,45,Yes,Yes,DSL,Yes,No,Yes,No,No,No,One year,No,Bank transfer (automatic),80.17,3561.98,0
CUST-04127,Female,0,No,No,25,Yes,No,DSL,No,No,No,No,No,Yes,One year,Yes,Credit card (automatic),55.29,1265.04,0
CUST-04128,Female,0,Yes,No,12,Yes,No,Fiber optic,No,No,No,Yes,No,Yes,One year,Yes,Electronic check,45.44,529.82,0
CUST-04129,Male,0,No,No,68,Yes,No,Fiber optic,No,No,No,No,Yes,No,Two year,No,Bank transfer (automatic),97.09,6667.24,0
CUST-04130,Male,1,Yes,Yes,43,Yes,Yes,DSL,No,Yes,No,Yes,No,No,Month-to-month,No,Credit card (automatic),70.17,3031.1,0
CUST-04131,Male,0,Yes,Yes,52,Yes,No,DSL,Yes,No,No,No,No,No,Month-to-month,Yes,Electronic check,64.24,3381.21,0
CUST-04132,Male,0,Yes,No,50,Yes,Yes,DSL,No,No,Yes,Yes,Yes,No,Two year,Yes,Credit card (automatic),61.76,3107.65,0
CUST-04133,Female,0,Yes,No,12,Yes,No,No,No internet service,No internet service,No internet service,No internet service,No internet service,No internet service,Month-to-month,No,Electronic check,77.17,883.71,0
CUST-04134,Female,0,Yes,No,40,Yes,Yes,DSL,No,Yes,No,No,Yes,No,Two year,Yes,Credit card (automatic),78.48,3151.61,0
CUST-04135,Female,0,No,No,10,Yes,No,DSL,No,Yes,No,No,No,Yes,Month-to-month,Yes,Electronic check,72.75,710.88,1
CUST-04136,Male,0,Yes,No,36,Yes,No,Fiber optic,No,No,No,Yes,No,Yes,One year,No,Mailed check,50.88,1778.55,0
CUST-04137,Female,0,Yes,Yes,59,Yes,Yes,Fiber optic,Yes,No,No,No,Yes,Yes,Two year,Yes,Electronic check,52.56,3147.02,0
CUST-04138,Male,0,Yes,Yes,31,Yes,No,Fiber optic,No,Yes,Yes,No,Yes,No,One year,No,Electronic check,58.04,1733.98,0
CUST-04139,Female,0,No,No,44,Yes,Yes,Fiber optic,No,Yes,No,No,No,Yes,One year,Yes,Credit card (automatic),83.36,3634.89,0
CUST-04140,Female,0,No,No,17,Yes,No,Fiber optic,Yes,Yes,No,No,No,Yes,Month-to-month,Yes,Electronic check,86.1,1574.55,1
CUST-04141,Male,0,Yes,No,19,Yes,No,Fiber optic,No,Yes,Yes,No,Yes,No,Month-to-month,Yes,Bank transfer (automatic),109.3,2111.77,1
CUST-04142,Male,0,No,No,43,Yes,Yes,DSL,Yes,No,No,No,Yes,No,Two year,Yes,Credit card (automatic),55.06,2379.83,0
CUST-04143,Male,1,No,No,35,Yes,No,Fiber optic,No,No,Yes,Yes,No,No,Two year,Yes,Credit card (automatic),93.0,3146.33,0
CUST-04144,Female,0,Yes,No,68,Yes,No,No,No internet service,No internet service,No internet service,No internet service,No internet service,No internet service,Month-to-month,No,Credit card (automatic),36.45,2472.7,0
CUST-04145,Female,0,Yes,Yes,36,Yes,Yes,DSL,Yes,No,Yes,Yes,Yes,No,Two year,Yes,Credit card (automatic),83.75,2956.77,0
CUST-04146,Female,0,No,Yes,32,Yes,No,DSL,Yes,No,Yes,Yes,Yes,No,Month-to-month,No,Electronic check,36.63,1168.26,0
CUST-04147,Male,0,No,Yes,18,Yes,No,DSL,No,No,Yes,No,Yes,Yes,One year,Yes,Credit card (automatic),41.86,743.96,0
CUST-04148,Male,0,Yes,No,50,Yes,Yes,DSL,No,No,Yes,No,No,No,Month-to-month,Yes,Electronic check,95.77,4745.67,1
CUST-04149,Female,0,Yes,Yes,31,Yes,Yes,DSL,Yes,No,Yes,No,Yes,No,Month-to-month,No,Electronic check,78.13,2480.65,0
CUST-04150,Female,0,Yes,No,21,Yes,No,DSL,No,Yes,Yes,No,Yes,Yes,Month-to-month,No,Electronic check,64.99,1412.53,0
CUST-04151,Male,0,No,No,0,Yes,Yes,DSL,No,Yes,Yes,No,Yes,Yes,One year,Yes,Bank transfer (automatic),35.15,0.0,0
CUST-04152,Male,0,No,No,53,Yes,Yes,Fiber optic,Yes,Yes,Yes,Yes,No,No,One year,Yes,Electronic check,86.59,4667.97,0
CUST-04153,Female,0,Yes,Yes,19,Yes,Yes,DSL,No,Yes,No,No,No,No,Month-to-month,Yes,Electronic check,74.8,1363.72,1
CUST-04154,Male,0,Yes,Yes,57,Yes,No,Fiber optic,Yes,No,No,Yes,No,No,Month-to-month,No,Bank transfer (automatic),96.0,5555.21,0
CUST-04155,Male,0,No,No,34,Yes,No,No,No internet service,No internet service,No internet service,No internet service,No internet service,No internet service,Month-to-month,Yes,Mailed check,31.31,1054.0,0
CUST-04156,Male,0,No,Yes,69,Yes,Yes,Fiber optic,No,Yes,Yes,No,No,No,Month-to-month,Yes,Electronic check,95.09,6541.19,1
CUST-04157,Female,1,No,Yes,69,Yes,No,No,No internet service,No internet service,No internet service,No internet service,No internet service,No internet service,Two year,Yes,Mailed check,66.03,4630.52,0
CUST-04158,Female,0,No,Yes,60,Yes,No,Fiber optic,No,No,No,No,Yes,No,Two year,Yes,Electronic check,85.61,5128.39,0
CUST-04159,Female,0,No,Yes,62,Yes,No,Fiber optic,No,No,No,No,No,Yes,Two year,No,Mailed check,77.04,4831.36,0
CUST-04160,Female,0,Yes,Yes,60,Yes,No,DSL,No,Yes,No,No,No,No,Month-to-month,Yes,Mailed check,57.05,3357.94,0
CUST-04161,Female,1,Yes,No,56,Yes,No,No,No internet service,No internet service,No internet service,No internet service,No internet service,No internet service,Two year,Yes,Credit card (automatic),67.48,3780.3,0
CUST-04162,Male,0,Yes,No,2,Yes,Yes,No,No internet service,No internet service,No internet service,No internet service,No internet service,No internet service,Month-to-month,Yes,Credit card (automatic),48.35,120.43,0
CUST-04163,Female,0,No,No,44,Yes,Yes,DSL,Yes,No,No,Yes,Yes,Yes,One year,No,Electronic check,62.98,2830.94,0
CUST-04164,Male,0,Yes,Yes,14,No,No phone service,Fiber optic,No,No,No,Yes,No,Yes,One year,No,Electronic check,49.22,724.7,0
CUST-04165,Female,1,Yes,No,16,Yes,No,Fiber optic,No,No,No,No,No,No,Month-to-month,No,Credit card (automatic),82.26,1318.41,0
CUST-04166,Male,0,Yes,No,14,Yes,No,DSL,Yes,No,No,Yes,No,No,One year,Yes,Mailed check,50.45,729.98,0
CUST-04167,Male,1,Yes,Yes,4,Yes,Yes,Fiber optic,No,Yes,No,No,No,Yes,Month-to-month,Yes,Bank transfer (automatic),84.5,301.61,1
CUST-04168,Male,0,No,No,45,Yes,No,DSL,Yes,No,Yes,No,Yes,No,Month-to-month,Yes,Mailed check,118.75,5373.95,0
CUST-04169,Male,0,Yes,Yes,10,Yes,No,DSL,Yes,No,No,No,Yes,No,Month-to-month,No,Bank transfer (automatic),64.97,673.58,0
CUST-04170,Male,0,Yes,No,63,Yes,Yes,DSL,Yes,No,Yes,No,No,Yes,One year,Yes,Electronic check,39.2,2430.72,0
CUST-04171,Male,0,No,No,13,Yes,No,Fiber optic,No,No,Yes,No,No,No,Month-to-month,Yes,Bank transfer (automatic),118.75,1549.9,1
CUST-04172,Female,1,Yes,No,38,Yes,Yes,Fiber optic,Yes,No,No,Yes,No,No,Month-to-month,Yes,Credit card (automatic),84.0,3230.56,0
CUST-04173,Male,0,No,Yes,66,Yes,No,No,No internet service,No internet service,No internet service,No internet service,No internet service,No internet service,Two year,Yes,Electronic check,75.91,5132.25,0
CUST-04174,Female,0,No,No,54,Yes,No,Fiber optic,Yes,Yes,No,No,Yes,No,Two year,Yes,Mailed check,68.14,3738.84,0
CUST-04175,Female,0,No,Yes,41,Yes,No,DSL,No,No,No,Yes,Yes,No,Two year,No,Bank transfer (automatic),49.42,2037.47,0
CUST-04176,Female,0,No,No,4,Yes,Yes,DSL,No,No,No,Yes,Yes,Yes,One year,No,Credit card (automatic),62.09,262.59,0
CUST-04177,Female,0,Yes,No,51,Yes,No,No,No internet service,No internet service,No internet service,No internet service,No internet service,No internet service,Two year,No,Credit card (automatic),57.59,2929.83,0
CUST-04178,Female,0,No,Yes,21,Yes,Yes,Fiber optic,No,No,Yes,No,Yes,No,One year,Yes,Mailed check,53.65,1132.22,0
CUST-04179,Male,0,Yes,No,43,Yes,Yes,Fiber optic,No,Yes,No,No,Yes,No,Month-to-month,Yes,Bank transfer (automatic),90.62,3935.48,1
CUST-04180,Male,0,Yes,No,58,Yes,Yes,DSL,Yes,No,No,No,Yes,Yes,Month-to-month,Yes,Credit card (automatic),102.34,5973.3,0
CUST-04181,Male,0,Yes,No,24,Yes,Yes,Fiber optic,No,No,Yes,No,Yes,Yes,One year,Yes,Electronic check,67.69,1620.3,0
CUST-04182,Female,0,Yes,Yes,20,Yes,No,DSL,No,No,No,No,No,Yes,One year,No,Credit card (automatic),85.33,1651.63,0
CUST-04183,Female,0,No,No,63,Yes,Yes,DSL,No,No,Yes,Yes,Yes,Yes,Two year,Yes,Electronic check,118.75,7470.55,0
CUST-04184,Male,0,Yes,No,67,Yes,No,Fiber optic,No,Yes,No,No,Yes,No,Two year,Yes,Mailed check,58.29,3863.64,0
CUST-04185,Male,0,No,No,46,Yes,Yes,Fiber optic,No,No,No,No,Yes,No,One year,Yes,Credit card (automatic),35.54,1574.06,0
CUST-04186,Female,0,Yes,No,34,Yes,Yes,DSL,No,No,Yes,No,No,Yes,Month-to-month,Yes,Mailed check,95.54,3278.78,0
CUST-04187,Male,0,Yes,No,6,Yes,No,No,No internet service,No internet service,No internet service,No internet service,No internet service,No internet service,One year,Yes,Electronic check,52.49,332.21,0
CUST-04188,Female,0,No,No,55,Yes,Yes,Fiber optic,No,No,No,No,No,Yes,Month-to-month,Yes,Credit card (automatic),64.45,3498.81,0
CUST-04189,Female,1,Yes,Yes,51,Yes,Yes,DSL,No,Yes,Yes,No,Yes,Yes,Month-to-month,No,Mailed check,80.16,4071.93,0
CUST-04190,Female,0,No,No,45,Yes,Yes,No,No internet service,No internet service,No internet service,No internet service,No internet service,No internet service,One year,No,Electronic check,107.23,4840.69,0
CUST-04191,Female,1,Yes,No,8,Yes,No,DSL,Yes,No,No,Yes,Yes,No,Month-to-month,No,Electronic check,74.39,608.0,0
CUST-04192,Female,0,Yes,No,57,Yes,No,No,No internet service,No internet service,No internet service,No internet service,No internet service,No internet service,One year,Yes,Electronic check,24.93,1442.97,0
CUST-04193,Female,1,Yes,No,22,Yes,Yes,No,No internet service,No internet service,No internet service,No internet service,No internet service,No internet service,One year,No,Electronic check,82.01,1766.11,0
CUST-04194,Female,0,No,Yes,2,Yes,No,DSL,No,No,No,No,Yes,No,Month-to-month,Yes,Bank transfer (automatic),76.07,170.04,1
CUST-04195,Female,0,Yes,No,60,Yes,No,Fiber optic,No,No,No,No,No,Yes,Month-to-month,Yes,Bank transfer (automatic),56.83,3407.42,0
CUST-04196,Male,0,Yes,No,8,Yes,No,DSL,No,No,No,No,No,No,Month-to-month,No,Credit card (automatic),28.55,266.99,0
CUST-04197,Male,0,Yes,Yes,52,Yes,Yes,Fiber optic,No,No,No,No,No,No,Month-to-month,Yes,Mailed check,67.67,3572.58,0
CUST-04198,Male,1,No,No,67,Yes,No,Fiber optic,No,No,No,No,No,Yes,Month-to-month,Yes,Electronic check,21.73,1607.37,0
CUST-04199,Male,0,No,No,48,Yes,Yes,DSL,No,No,Yes,No,No,No,Month-to-month,Yes,Electronic check,32.0,1601.48,0
CUST-04200,Female,0,No,Yes,69,Yes,Yes,DSL,No,No,Yes,No,Yes,Yes,Two year,No,Electronic check,45.81,3167.19,0
CUST-04201,Female,1,Yes,Yes,47,Yes,Yes,Fiber optic,Yes,No,No,No,Yes,No,Month-to-month,Yes,Credit card (automatic),45.21,2122.98,0
CUST-04202,Male,0,No,No,6,Yes,No,Fiber optic,Yes,Yes,No,No,Yes,Yes,Month-to-month,Yes,Electronic check,92.81,510.06,1
CUST-04203,Male,0,No,No,30,Yes,No,Fiber optic,Yes,Yes,No,No,Yes,No,Two year,Yes,Mailed check,70.4,2066.44,0
CUST-04204,Female,0,No,Yes,55,Yes,No,Fiber optic,No,No,No,Yes,Yes,No,One year,Yes,Bank transfer (automatic),86.35,4762.83,0
CUST-04205,Male,1,No,No,60,Yes,No,Fiber optic,No,No,No,No,No,Yes,Month-to-month,Yes,Credit card (automatic),83.54,5027.53,1
CUST-04206,Male,0,No,No,4,Yes,No,No,No internet service,No internet service,No internet service,No internet service,No internet service,No internet service,One year,Yes,Electronic check,32.09,262.18,0
CUST-04207,Female,0,Yes,No,29,Yes,No,DSL,No,No,Yes,No,Yes,No,Month-to-month,No,Electronic check,59.94,1701.87,0
CUST-04208,Female,0,No,No,21,Yes,Yes,Fiber optic,No,Yes,No,No,Yes,Yes,Month-to-month,No,Electronic check,67.21,1369.83,1
CUST-04209,Male,0,No,No,16,Yes,Yes,Fiber optic,Yes,No,Yes,No,Yes,Yes,One year,No,Electronic check,68.9,1114.9,0
CUST-04210,Male,0,Yes,No,9,Yes,Yes,No,No internet service,No internet service,No internet service,No internet service,No internet service,No internet service,Month-to-month,No,Mailed check,83.23,723.88,0
CUST-04211,Male,1,Yes,Yes,70,Yes,Yes,Fiber optic,Yes,No,No,No,Yes,Yes,Two year,No,Bank transfer (automatic),102.85,7218.96,0
CUST-04212,Female,1,No,No,67,Yes,No,No,No internet service,No internet service,No internet service,No internet service,No internet service,No internet service,Month-to-month,No,Bank transfer (automatic),88.55,5909.16,0
CUST-04213,Female,0,Yes,No,41,No,No phone service,Fiber optic,No,No,Yes,No,Yes,No,One year,Yes,Electronic check,118.75,4854.48,1
CUST-04214,Male,0,No,Yes,26,Yes,No,Fiber optic,Yes,No,No,No,Yes,No,Two year,Yes,Bank transfer (automatic),84.57,2220.3,0
CUST-04215,Female,0,Yes,No,6,Yes,Yes,Fiber optic,No,No,No,Yes,Yes,No,Month-to-month,Yes,Electronic check,57.47,316.47,1
CUST-04216,Female,0,Yes,Yes,22,Yes,No,Fiber optic,Yes,No,No,No,Yes,No,One year,Yes,Credit card (automatic),105.16,2295.49,0
CUST-04217,Male,0,Yes,No,7,Yes,Yes,Fiber optic,Yes,Yes,No,Yes,Yes,No,Two year,Yes,Credit card (automatic),40.48,309.79,0
CUST-04218,Female,1,Yes,No,7,Yes,No,DSL,No,No,No,No,Yes,Yes,Two year,No,Mailed check,84.33,592.64,0
CUST-04219,Female,1,Yes,No,4,Yes,Yes,No,No internet service,No internet service,No internet service,No internet service,No internet service,No internet service,One year,No,Electronic check,66.8,235.21,0
CUST-04220,Male,0,Yes,Yes,70,Yes,No,No,No internet service,No internet service,No internet service,No internet service,No internet service,No internet service,Month-to-month,Yes,Credit card (automatic),58.27,4054.8,0
CUST-04221,Male,0,No,Yes,1,Yes,No,No,No internet service,No internet service,No internet service,No internet service,No internet service,No internet service,Month-to-month,Yes,Credit card (automatic),75.37,127.49,0
CUST-04222,Female,0,No,No,50,Yes,No,Fiber optic,No,Yes,Yes,Yes,Yes,No,Month-to-month,Yes,Electronic check,69.81,3506.02,0
CUST-04223,Female,0,Yes,No,65,Yes,Yes,DSL,No,Yes,No,No,Yes,No,One year,No,Mailed check,32.88,2119.13,0
CUST-04224,Female,0,Yes,No,11,Yes,Yes,Fiber optic,No,Yes,Yes,No,Yes,No,Month-to-month,No,Electronic check,76.13,880.72,1
CUST-04225,Female,1,No,Yes,46,Yes,Yes,Fiber optic,Yes,No,Yes,No,Yes,Yes,Two year,Yes,Electronic check,50.58,2348.49,0
CUST-04226,Female,1,No,Yes,54,No,No phone service,No,No internet service,No internet service,No internet service,No internet service,No internet service,No internet service,Month-to-month,No,Electronic check,80.56,4417.98,1
CUST-04227,Male,0,Yes,No,25,Yes,No,Fiber optic,No,No,No,No,Yes,No,Month-to-month,Yes,Bank transfer (automatic),70.29,1801.54,1
CUST-04228,Female,1,Yes,No,44,Yes,No,DSL,No,No,No,No,Yes,Yes,Month-to-month,Yes,Electronic check,86.87,3880.6,0
CUST-04229,Male,0,Yes,Yes,61,Yes,Yes,Fiber optic,No,No,No,Yes,No,Yes,Month-to-month,No,Electronic check,21.66,1304.25,0
CUST-04230,Male,0,Yes,No,69,Yes,No,Fiber optic,Yes,No,No,No,No,No,Month-to-month,No,Electronic check,54.81,3737.45,0
CUST-04231,Female,0,Yes,No,1,Yes,No,Fiber optic,Yes,No,No,No,No,No,Month-to-month,Yes,Electronic check,72.83,111.42,1
CUST-04232,Female,0,No,Yes,25,Yes,Yes,Fiber optic,No,Yes,Yes,Yes,No,Yes,Month-to-month,Yes,Bank transfer (automatic),118.75,3007.82,1
CUST-04233,Male,1,Yes,No,13,No,No phone service,DSL,No,No,No,No,Yes,No,Month-to-month,Yes,Bank transfer (automatic),75.28,973.41,1
CUST-04234,Female,0,No,No,56,Yes,No,DSL,No,Yes,Yes,No,No,No,Month-to-month,Yes,Mailed check,66.78,3687.51,0
CUST-04235,Male,0,No,No,31,Yes,No,Fiber optic,No,Yes,No,No,Yes,No,Month-to-month,No,Electronic check,96.13,2995.38,1
CUST-04236,Male,0,No,No,61,Yes,No,DSL,No,No,No,No,No,No,Two year,No,Bank transfer (automatic),63.75,3908.17,0
CUST-04237,Male,0,No,No,29,No,No phone service,Fiber optic,Yes,No,Yes,Yes,No,No,Month-to-month,No,Credit card (automatic),84.84,2392.47,0
CUST-04238,Female,0,Yes,Yes,12,Yes,Yes,Fiber optic,Yes,Yes,No,Yes,Yes,Yes,Month-to-month,Yes,Mailed check,72.97,894.35,0
CUST-04239,Female,0,Yes,No,39,Yes,No,No,No internet service,No internet service,No internet service,No internet service,No internet service,No internet service,Month-to-month,No,Electronic check,102.22,4044.11,1
CUST-04240,Male,0,Yes,No,30,Yes,Yes,No,No internet service,No internet service,No internet service,No internet service,No internet service,No internet service,Month-to-month,Yes,Bank transfer (automatic),90.71,2655.61,0
CUST-04241,Female,0,No,No,36,Yes,Yes,Fiber optic,No,No,No,No,Yes,No,Month-to-month,No,Electronic check,63.02,2295.18,1
CUST-04242,Male,0,No,Yes,44,Yes,No,Fiber optic,No,No,No,No,No,Yes,Two year,Yes,Electronic check,38.56,1762.16,0
CUST-04243,Female,0,No,No,58,Yes,No,Fiber optic,No,No,No,No,Yes,No,Month-to-month,Yes,Mailed check,51.33,3045.78,0
CUST-04244,Male,0,Yes,No,27,Yes,No,DSL,No,No,Yes,Yes,No,No,Month-to-month,Yes,Electronic check,81.16,2097.6,0
CUST-04245,Male,0,No,No,60,Yes,Yes,DSL,No,No,No,No,Yes,Yes,Month-to-month,Yes,Credit card (automatic),77.04,4676.78,0
CUST-04246,Female,1,Yes,No,18,Yes,Yes,Fiber optic,Yes,Yes,No,Yes,Yes,No,Month-to-month,No,Bank transfer (automatic),73.18,1301.56,0
CUST-04247,Male,0,Yes,No,42,Yes,No,No,No internet service,No internet service,No internet service,No internet service,No internet service,No internet service,Month-to-month,No,Electronic check,82.19,3430.5,1
CUST-04248,Male,0,No,Yes,58,Yes,No,DSL,No,Yes,Yes,No,No,No,Month-to-month,No,Credit card (automatic),57.58,3465.26,0
CUST-04249,Female,0,Yes,No,15,Yes,No,Fiber optic,No,No,Yes,No,Yes,No,Month-to-month,Yes,Mailed check,69.47,1053.05,1
CUST-04250,Female,0,No,No,68,Yes,No,Fiber optic,No,No,No,No,Yes,No,Month-to-month,No,Mailed check,79.19,5365.78,0
CUST-04251,Male,0,Yes,No,43,Yes,No,No,No internet service,No internet service,No internet service,No internet service,No internet service,No internet service,Month-to-month,Yes,Mailed check,40.03,1761.25,0
CUST-04252,Male,0,No,No,65,Yes,No,DSL,Yes,No,Yes,No,No,No,One year,Yes,Bank transfer (automatic),63.73,4226.73,0
CUST-04253,Male,0,Yes,No,9,Yes,Yes,DSL,No,No,No,No,No,No,Two year,Yes,Electronic check,81.04,738.03,0
CUST-04254,Female,0,No,No,46,Yes,No,No,No internet service,No internet service,No internet service,No internet service,No internet service,No internet service,Month-to-month,No,Credit card (automatic),93.86,4290.88,0
CUST-04255,Male,0,No,Yes,18,Yes,No,DSL,Yes,Yes,No,Yes,No,Yes,Month-to-month,Yes,Electronic check,52.31,946.14,0
CUST-04256,Female,0,No,No,50,No,No phone service,Fiber optic,No,No,No,No,Yes,Yes,One year,No,Bank transfer (automatic),89.43,4526.04,0
CUST-04257,Female,0,Yes,No,12,No,No phone service,Fiber optic,No,No,No,No,Yes,No,Month-to-month,No,Bank transfer (automatic),56.31,660.18,0
CUST-04258,Male,0,No,Yes,62,Yes,Yes,Fiber optic,No,No,Yes,No,Yes,Yes,One year,Yes,Credit card (automatic),56.63,3565.65,0
CUST-04259,Male,0,Yes,Yes,15,Yes,No,Fiber optic,No,No,No,No,No,Yes,Month-to-month,No,Mailed check,118.75,1774.23,1
CUST-04260,Male,0,Yes,Yes,52,Yes,Yes,No,No internet service,No internet service,No internet service,No internet service,No internet service,No internet service,One year,No,Bank transfer (automatic),66.85,3383.47,0
CUST-04261,Male,0,Yes,No,34,Yes,No,DSL,Yes,No,Yes,No,No,Yes,Month-to-month,No,Electronic check,37.85,1362.9,0
CUST-04262,Female,0,No,No,58,Yes,No,DSL,No,Yes,No,No,No,No,Month-to-month,Yes,Bank transfer (automatic),67.1,3908.56,0
CUST-04263,Male,0,Yes,Yes,38,Yes,Yes,Fiber optic,Yes,Yes,Yes,No,No,No,Two year,Yes,Bank transfer (automatic),68.62,2660.26,0
CUST-04264,Male,0,No,Yes,66,Yes,No,Fiber optic,Yes,Yes,No,No,Yes,No,Month-to-month,Yes,Mailed check,101.98,6745.8,0
CUST-04265,Female,0,No,No,72,Yes,Yes,Fiber optic,Yes,No,No,No,Yes,Yes,Month-to-month,Yes,Electronic check,71.03,5116.02,0
CUST-04266,Male,0,Yes,No,60,Yes,No,No,No internet service,No internet service,No internet service,No internet service,No internet service,No internet service,Two year,No,Mailed check,87.79,5304.24,0
CUST-04267,Female,0,No,Yes,49,Yes,No,No,No internet service,No internet service,No internet service,No internet service,No internet service,No internet service,One year,Yes,Electronic check,103.38,5057.92,0
CUST-04268,Male,0,Yes,No,52,Yes,No,DSL,No,Yes,No,No,No,Yes,One year,Yes,Bank transfer (automatic),62.64,3347.95,0
CUST-04269,Female,0,No,No,45,Yes,No,DSL,No,No,Yes,Yes,No,No,Month-to-month,Yes,Credit card (automatic),83.52,3756.88,0
CUST-04270,Female,0,Yes,No,51,Yes,No,DSL,No,No,No,No,Yes,No,Month-to-month,Yes,Bank transfer (automatic),75.51,3941.95,0
CUST-04271,Female,0,Yes,No,28,Yes,Yes,No,No internet service,No internet service,No internet service,No internet service,No internet service,No internet service,Month-to-month,No,Mailed check,79.52,2256.79,0
CUST-04272,Female,0,Yes,No,4,Yes,Yes,Fiber optic,No,No,No,No,Yes,Yes,One year,No,Credit card (automatic),73.08,173.26,0
CUST-04273,Male,0,Yes,Yes,66,Yes,No,Fiber optic,No,Yes,No,Yes,No,No,Month-to-month,No,Mailed check,82.82,5416.63,0
CUST-04274,Male,0,Yes,Yes,39,Yes,No,No,No internet service,No internet service,No internet service,No internet service,No internet service,No internet service,Month-to-month,Yes,Electronic check,68.28,2705.4,0
CUST-04275,Female,0,Yes,No,71,Yes,No,Fiber optic,Yes,No,Yes,No,Yes,No,One year,No,Bank transfer (automatic),80.49,5668.87,0
CUST-04276,Female,0,Yes,No,1,No,No phone service,DSL,No,Yes,Yes,No,Yes,No,One year,No,Mailed check,63.32,0.0,0
CUST-04277,Male,0,Yes,No,67,Yes,Yes,Fiber optic,Yes,No,Yes,No,No,Yes,Two year,Yes,Credit card (automatic),118.75,8020.46,0
CUST-04278,Male,0,Yes,No,61,Yes,No,Fiber optic,Yes,Yes,No,No,No,Yes,Month-to-month,No,Credit card (automatic),93.6,5630.19,0
CUST-04279,Male,0,No,Yes,57,Yes,Yes,Fiber optic,No,Yes,Yes,No,Yes,Yes,Month-to-month,No,Credit card (automatic),77.97,4483.19,0
CUST-04280,Male,0,No,No,68,Yes,No,Fiber optic,Yes,No,No,No,No,No,Two year,Yes,Electronic check,71.0,4809.84,0
CUST-04281,Male,0,No,No,57,Yes,No,DSL,No,No,No,No,No,No,One year,Yes,Electronic check,102.38,5870.78,0
CUST-04282,Female,1,No,No,34,Yes,No,DSL,No,No,No,No,No,No,Month-to-month,No,Bank transfer (automatic),54.34,1860.89,0
CUST-04283,Male,0,No,No,13,Yes,Yes,Fiber optic,Yes,No,No,No,No,No,One year,No,Electronic check,39.72,412.7,0
CUST-04284,Male,0,No,No,14,Yes,No,No,No internet service,No internet service,No internet service,No internet service,No internet service,No internet service,Month-to-month,No,Bank transfer (automatic),37.98,515.97,0
CUST-04285,Female,1,Yes,No,5,Yes,Yes,DSL,No,No,Yes,Yes,No,No,Month-to-month,Yes,Bank transfer (automatic),103.13,503.44,0
CUST-04286,Female,0,No,No,15,Yes,Yes,DSL,Yes,Yes,Yes,Yes,Yes,Yes,Month-to-month,Yes,Bank transfer (automatic),103.22,1568.75,0
CUST-04287,Female,0,Yes,No,45,Yes,No,Fiber optic,No,No,No,No,Yes,No,Month-to-month,No,Mailed check,80.25,3627.18,0
CUST-04288,Female,0,No,Yes,62,Yes,Yes,Fiber optic,No,No,No,No,No,No,Month-to-month,Yes,Bank transfer (automatic),64.6,3992.94,0
CUST-04289,Male,0,No,No,11,Yes,Yes,DSL,No,No,Yes,Yes,Yes,No,Month-to-month,No,Bank transfer (automatic),57.79,578.98,0
CUST-04290,Female,0,Yes,No,40,Yes,Yes,Fiber optic,No,No,No,No,No,No,Month-to-month,No,Bank transfer (automatic),118.75,4774.06,1
CUST-04291,Female,0,No,No,18,Yes,No,No,No internet service,No internet service,No internet service,No internet service,No internet service,No internet service,Month-to-month,Yes,Credit card (automatic),70.23,1307.7,0
CUST-04292,Male,0,Yes,No,1,Yes,No,Fiber optic,No,Yes,Yes,No,Yes,No,One year,Yes,Credit card (automatic),78.72,95.26,0
CUST-04293,Female,0,Yes,No,19,Yes,No,Fiber optic,No,No,No,Yes,No,No,Month-to-month,Yes,Electronic check,61.64,1160.19,1
CUST-04294,Female,0,Yes,No,8,Yes,No,No,No internet service,No internet service,No internet service,No internet service,No internet service,No internet service,Two year,Yes,Credit card (automatic),73.37,568.44,0
CUST-04295,Male,1,No,No,20,Yes,Yes,DSL,Yes,No,Yes,No,No,No,One year,Yes,Electronic check,82.22,1598.51,0
CUST-04296,Male,1,No,Yes,7,Yes,Yes,Fiber optic,Yes,No,No,Yes,Yes,Yes,Month-to-month,Yes,Mailed check,116.13,825.33,1
CUST-04297,Male,1,No,No,38,Yes,Yes,Fiber optic,Yes,No,No,No,No,Yes,Month-to-month,No,Credit card (automatic),73.1,2787.39,0
CUST-04298,Male,0,Yes,No,36,Yes,No,Fiber optic,Yes,No,No,No,Yes,No,Month-to-month,Yes,Bank transfer (automatic),87.92,3206.93,0
CUST-04299,Male,1,Yes,No,28,Yes,Yes,No,No internet service,No internet service,No internet service,No internet service,No internet service,No internet service,Month-to-month,Yes,Electronic check,64.96,1787.73,1
CUST-04300,Female,0,No,No,34,Yes,No,DSL,No,Yes,No,No,No,No,Month-to-month,Yes,Mailed check,79.38,2704.88,0
CUST-04301,Male,0,Yes,No,37,Yes,Yes,DSL,Yes,No,No,No,No,No,Month-to-month,No,Credit card (automatic),83.69,3030.73,0
CUST-04302,Female,0,No,No,34,Yes,No,No,No internet service,No internet service,No internet service,No internet service,No internet service,No internet service,Month-to-month,Yes,Mailed check,69.61,2349.77,0
CUST-04303,Female,1,Yes,No,67,Yes,No,DSL,No,Yes,Yes,No,Yes,No,One year,Yes,Credit card (automatic),85.23,5682.32,0
CUST-04304,Female,0,Yes,Yes,2,Yes,Yes,Fiber optic,No,Yes,Yes,No,No,No,Month-to-month,No,Bank transfer (automatic),52.55,157.98,0
CUST-04305,Female,0,Yes,No,11,Yes,No,Fiber optic,Yes,No,No,No,No,Yes,Two year,Yes,Credit card (automatic),84.1,1010.42,0
CUST-04306,Male,0,No,No,31,Yes,Yes,No,No internet service,No internet service,No internet service,No internet service,No internet service,No internet service,Month-to-month,Yes,Electronic check,75.7,2287.88,1
CUST-04307,Male,0,Yes,No,46,Yes,Yes,Fiber optic,No,No,No,No,No,Yes,One year,No,Mailed check,62.58,2924.06,0
CUST-04308,Female,0,Yes,Yes,62,Yes,Yes,Fiber optic,No,No,No,No,Yes,No,Month-to-month,Yes,Electronic check,75.68,4726.19,0
CUST-04309,Female,0,Yes,No,25,Yes,No,Fiber optic,No,No,Yes,No,Yes,No,Month-to-month,Yes,Mailed check,106.16,2626.55,1
CUST-04310,Female,0,Yes,No,42,Yes,Yes,No,No internet service,No internet service,No internet service,No internet service,No internet service,No internet service,Month-to-month,Yes,Electronic check,73.22,3037.65,1
CUST-04311,Male,0,Yes,No,43,No,No phone service,No,No internet service,No internet service,No internet service,No internet service,No internet service,No internet service,Month-to-month,Yes,Electronic check,86.66,3688.16,1
CUST-04312,Female,0,Yes,No,37,Yes,No,DSL,Yes,No,Yes,No,Yes,Yes,Month-to-month,No,Credit card (automatic),85.76,3154.25,0
CUST-04313,Male,0,No,Yes,28,Yes,Yes,No,No internet service,No internet service,No internet service,No internet service,No internet service,No internet service,Month-to-month,Yes,Bank transfer (automatic),88.38,2456.7,0
CUST-04314,Female,0,Yes,No,54,Yes,Yes,No,No internet service,No internet service,No internet service,No internet service,No internet service,No internet service,Month-to-month,Yes,Electronic check,49.88,2685.88,0
CUST-04315,Female,0,No,No,51,Yes,No,Fiber optic,No,No,Yes,No,No,No,One year,Yes,Mailed check,51.2,2585.7,0
CUST-04316,Male,0,No,No,18,Yes,Yes,Fiber optic,No,No,No,Yes,No,No,Month-to-month,Yes,Bank transfer (automatic),53.79,1008.52,0
CUST-04317,Female,0,Yes,Yes,34,Yes,Yes,Fiber optic,No,No,No,No,No,No,One year,Yes,Bank transfer (automatic),89.89,3081.7,0
CUST-04318,Male,0,Yes,No,47,Yes,No,Fiber optic,No,No,No,No,Yes,Yes,Month-to-month,Yes,Mailed check,83.08,3896.1,0
CUST-04319,Male,0,No,No,59,Yes,Yes,Fiber optic,No,Yes,No,No,Yes,No,Month-to-month,Yes,Bank transfer (automatic),83.49,4898.94,0
CUST-04320,Female,0,Yes,No,30,Yes,Yes,DSL,Yes,No,No,No,No,No,Month-to-month,Yes,Electronic check,71.14,2105.89,0
CUST-04321,Female,0,Yes,No,2,No,No phone service,DSL,Yes,No,No,No,No,Yes,Month-to-month,No,Mailed check,37.16,96.26,0
CUST-04322,Female,1,Yes,No,34,Yes,No,DSL,No,Yes,No,Yes,No,No,One year,No,Bank transfer (automatic),59.71,2032.95,0
CUST-04323,Female,0,No,No,51,Yes,Yes,No,No internet service,No internet service,No internet service,No internet service,No internet service,No internet service,Month-to-month,No,Mailed check,82.36,4210.3,0
CUST-04324,Female,0,No,Yes,70,Yes,Yes,Fiber optic,No,No,Yes,No,Yes,No,Month-to-month,Yes,Credit card (automatic),75.46,5325.12,0
CUST-04325,Female,0,No,Yes,50,Yes,Yes,Fiber optic,Yes,No,No,No,Yes,No,One year,Yes,Mailed check,81.41,4067.78,0
CUST-04326,Female,1,No,No,55,Yes,Yes,No,No internet service,No internet service,No internet service,No internet service,No internet service,No internet service,Two year,Yes,Electronic check,38.71,2197.56,0
CUST-04327,Male,0,Yes,Yes,20,Yes,No,Fiber optic,Yes,No,No,No,No,No,Month-to-month,Yes,Electronic check,72.45,1348.88,1
CUST-04328,Female,0,Yes,No,0,Yes,Yes,No,No internet service,No internet service,No internet service,No internet service,No internet service,No internet service,One year,Yes,Mailed check,18.25,0.0,0
CUST-04329,Male,0,Yes,Yes,52,No,No phone service,DSL,No,Yes,No,No,No,No,Month-to-month,No,Mailed check,44.62,2410.74,0
CUST-04330,Female,0,Yes,Yes,5,Yes,No,Fiber optic,Yes,No,No,No,No,No,One year,No,Electronic check,46.41,212.16,0
CUST-04331,Male,0,Yes,Yes,61,Yes,Yes,Fiber optic,No,Yes,No,Yes,Yes,Yes,Two year,Yes,Bank transfer (automatic),32.4,1991.21,0
CUST-04332,Male,0,Yes,No,46,Yes,Yes,DSL,No,No,No,No,No,No,One year,Yes,Electronic check,56.35,2654.76,0
CUST-04333,Male,0,Yes,No,49,Yes,Yes,DSL,No,No,Yes,No,No,Yes,One year,Yes,Electronic check,83.73,4119.93,0
CUST-04334,Female,0,Yes,No,30,Yes,Yes,Fiber optic,No,No,No,No,Yes,No,Month-to-month,Yes,Bank transfer (automatic),103.32,3145.25,1
CUST-04335,Male,0,Yes,No,63,Yes,No,No,No internet service,No internet service,No internet service,No internet service,No internet service,No internet service,Month-to-month,Yes,Credit card (automatic),65.36,4148.46,0
CUST-04336,Male,0,No,No,28,Yes,No,Fiber optic,No,No,No,No,No,No,One year,Yes,Electronic check,57.47,1658.31,0
CUST-04337,Female,0,No,No,14,Yes,Yes,Fiber optic,No,Yes,Yes,Yes,Yes,Yes,Month-to-month,Yes,Electronic check,68.94,989.81,1
CUST-04338,Female,1,No,No,57,Yes,No,Fiber optic,Yes,No,Yes,Yes,Yes,Yes,One year,No,Mailed check,71.22,4096.1,0
CUST-04339,Male,0,Yes,No,22,Yes,No,DSL,No,Yes,No,No,No,Yes,Month-to-month,Yes,Electronic check,47.73,1021.06,0
CUST-04340,Male,0,Yes,No,37,Yes,Yes,No,No internet service,No internet service,No internet service,No internet service,No internet service,No internet service,One year,Yes,Electronic check,88.68,3307.31,0
CUST-04341,Male,0,Yes,No,40,Yes,No,DSL,No,Yes,No,Yes,Yes,No,Month-to-month,Yes,Credit card (automatic),68.2,2725.98,0
CUST-04342,Male,0,Yes,No,14,Yes,No,Fiber optic,No,No,No,No,No,Yes,Two year,Yes,Credit card (automatic),55.47,772.23,0
CUST-04343,Female,1,Yes,No,2,Yes,Yes,DSL,No,Yes,No,Yes,No,Yes,Month-to-month,Yes,Bank transfer (automatic),56.06,28.16,0
CUST-04344,Female,0,No,No,0,Yes,No,Fiber optic,No,Yes,Yes,No,Yes,Yes,Month-to-month,Yes,Electronic check,118.75,0.0,1
CUST-04345,Female,0,No,Yes,10,Yes,No,No,No internet service,No internet service,No internet service,No internet service,No internet service,No internet service,Month-to-month,No,Electronic check,90.76,900.88,1
CUST-04346,Male,1,Yes,No,59,Yes,Yes,No,No internet service,No internet service,No internet service,No internet service,No internet service,No internet service,Month-to-month,Yes,Mailed check,69.71,4190.67,0
CUST-04347,Female,0,Yes,Yes,64,Yes,No,Fiber optic,No,Yes,No,No,Yes,No,Two year,Yes,Bank transfer (automatic),18.25,1154.03,0
CUST-04348,Female,1,Yes,No,3,No,No phone service,DSL,No,No,Yes,No,Yes,Yes,One year,No,Bank transfer (automatic),27.82,97.6,0
CUST-04349,Female,0,Yes,No,24,Yes,Yes,DSL,No,No,No,No,No,No,One year,Yes,Electronic check,75.5,1880.77,0
CUST-04350,Female,1,Yes,No,71,Yes,No,DSL,No,No,No,No,Yes,Yes,Month-to-month,No,Mailed check,72.59,5092.01,0
CUST-04351,Female,0,Yes,Yes,42,Yes,Yes,Fiber optic,No,No,Yes,No,No,No,Month-to-month,No,Electronic check,47.03,1956.11,0
CUST-04352,Female,0,Yes,Yes,39,Yes,No,Fiber optic,No,No,No,Yes,Yes,No,Two year,Yes,Credit card (automatic),72.12,2856.66,0
CUST-04353,Male,1,Yes,Yes,43,Yes,Yes,Fiber optic,No,No,Yes,No,No,No,Two year,Yes,Mailed check,57.35,2589.52,0
CUST-04354,Female,0,Yes,No,71,Yes,No,Fiber optic,No,No,No,No,No,No,Two year,Yes,Mailed check,63.83,4432.68,0
CUST-04355,Female,0,Yes,No,58,Yes,No,DSL,Yes,No,No,No,No,No,Month-to-month,No,Credit card (automatic),73.72,4269.9,0
CUST-04356,Female,0,Yes,No,22,No,No phone service,Fiber optic,Yes,No,No,No,No,Yes,Month-to-month,Yes,Credit card (automatic),47.65,1079.71,0
CUST-04357,Male,0,No,No,61,Yes,Yes,No,No internet service,No internet service,No internet service,No internet service,No internet service,No internet service,Two year,No,Mailed check,43.83,2715.68,0
CUST-04358,Female,0,Yes,No,22,Yes,Yes,Fiber optic,No,No,No,No,Yes,No,Two year,Yes,Bank transfer (automatic),39.2,974.71,0
CUST-04359,Female,1,No,No,57,Yes,Yes,No,No internet service,No internet service,No internet service,No internet service,No internet service,No internet service,Two year,No,Electronic check,67.79,3831.77,0
CUST-04360,Male,0,No,Yes,54,Yes,No,Fiber optic,Yes,No,Yes,No,No,No,One year,No,Electronic check,37.92,2035.93,0
CUST-04361,Male,0,No,Yes,32,Yes,Yes,Fiber optic,No,No,No,No,No,No,Month-to-month,Yes,Mailed check,118.75,3718.6,1
CUST-04362,Female,0,No,No,62,Yes,No,No,No internet service,No internet service,No internet service,No internet service,No internet service,No internet service,Month-to-month,Yes,Credit card (automatic),101.95,6327.31,0
CUST-04363,Female,0,No,No,59,No,No phone service,Fiber optic,Yes,Yes,No,No,Yes,No,One year,Yes,Bank transfer (automatic),96.19,5700.77,0
CUST-04364,Female,0,No,No,60,Yes,No,Fiber optic,Yes,No,No,No,Yes,Yes,Month-to-month,Yes,Mailed check,56.21,3477.2,0
CUST-04365,Male,0,Yes,No,60,Yes,No,Fiber optic,No,No,No,No,Yes,No,Two year,No,Bank transfer (automatic),57.13,3513.0,0
CUST-04366,Female,0,Yes,No,68,Yes,Yes,No,No internet service,No internet service,No internet service,No internet service,No internet service,No internet service,Month-to-month,Yes,Credit card (automatic),44.04,3070.53,0
CUST-04367,Male,0,No,No,20,No,No phone service,DSL,Yes,No,No,No,No,No,Month-to-month,No,Bank transfer (automatic),118.74,2340.03,0
CUST-04368,Male,0,No,Yes,2,No,No phone service,Fiber optic,No,No,No,No,Yes,No,Month-to-month,Yes,Mailed check,103.86,229.04,1
CUST-04369,Male,0,No,No,47,Yes,No,Fiber optic,Yes,No,No,No,No,No,Month-to-month,Yes,Credit card (automatic),93.34,4406.44,0
CUST-04370,Male,0,No,No,9,Yes,No,Fiber optic,No,No,No,No,Yes,Yes,One year,Yes,Electronic check,68.22,637.34,0
CUST-04371,Male,0,No,Yes,41,Yes,No,Fiber optic,No,No,Yes,No,Yes,Yes,One year,No,Mailed check,65.99,2703.46,0
CUST-04372,Male,0,No,No,65,Yes,No,Fiber optic,No,No,Yes,Yes,Yes,No,Month-to-month,No,Credit card (automatic),91.68,6015.75,0
CUST-04373,Male,0,No,No,45,Yes,No,DSL,No,Yes,No,Yes,No,No,One year,Yes,Bank transfer (automatic),116.19,5210.75,0
CUST-04374,Male,1,No,No,8,Yes,No,No,No internet service,No internet service,No internet service,No internet service,No internet service,No internet service,Month-to-month,No,Bank transfer (automatic),87.18,713.91,1
CUST-04375,Female,0,No,No,48,Yes,Yes,Fiber optic,No,Yes,Yes,Yes,Yes,No,Month-to-month,Yes,Electronic check,48.84,2416.98,0
CUST-04376,Female,0,No,No,3,Yes,No,No,No internet service,No internet service,No internet service,No internet service,No internet service,No internet service,Month-to-month,Yes,Mailed check,51.26,261.46,0
CUST-04377,Male,0,No,No,59,Yes,Yes,DSL,No,No,No,No,No,No,One year,Yes,Credit card (automatic),89.89,5262.07,0
CUST-04378,Female,0,No,No,28,Yes,No,Fiber optic,No,Yes,No,No,No,No,Two year,No,Electronic check,52.3,1491.93,0
CUST-04379,Male,1,Yes,Yes,46,Yes,No,Fiber optic,No,No,No,No,Yes,No,Month-to-month,Yes,Electronic check,64.62,2995.24,1
CUST-04380,Female,0,Yes,No,62,No,No phone service,Fiber optic,No,No,Yes,Yes,No,Yes,Month-to-month,Yes,Mailed check,116.37,7275.93,1
CUST-04381,Male,0,No,No,30,Yes,No,No,No internet service,No internet service,No internet service,No internet service,No internet service,No internet service,Two year,Yes,Electronic check,66.31,2070.98,0
CUST-04382,Male,0,No,Yes,50,Yes,No,DSL,Yes,Yes,No,No,No,Yes,Month-to-month,Yes,Bank transfer (automatic),37.55,1860.83,0
CUST-04383,Female,0,Yes,No,40,Yes,Yes,Fiber optic,No,No,No,No,No,Yes,Month-to-month,No,Electronic check,118.75,4746.22,1
CUST-04384,Female,0,Yes,No,35,Yes,Yes,Fiber optic,No,No,No,No,Yes,Yes,Two year,Yes,Mailed check,102.05,3575.41,0
CUST-04385,Female,0,No,No,39,Yes,No,Fiber optic,Yes,Yes,No,No,No,Yes,One year,Yes,Mailed check,73.83,2903.3,0
CUST-04386,Female,1,No,No,59,No,No phone service,Fiber optic,No,No,Yes,Yes,Yes,Yes,Month-to-month,No,Bank transfer (automatic),78.01,4643.93,0
CUST-04387,Female,1,No,No,14,Yes,No,DSL,Yes,No,No,No,No,No,Month-to-month,Yes,Electronic check,18.78,244.15,0
CUST-04388,Male,0,No,No,29,Yes,Yes,Fiber optic,Yes,No,Yes,No,No,No,One year,No,Mailed check,64.2,1954.65,0
CUST-04389,Male,0,Yes,No,29,Yes,Yes,DSL,No,No,Yes,No,No,No,Two year,No,Bank transfer (automatic),55.42,1515.72,0
CUST-04390,Male,0,Yes,No,26,Yes,No,Fiber optic,Yes,No,No,No,Yes,No,Month-to-month,Yes,Bank transfer (automatic),76.05,1917.59,0
CUST-04391,Male,1,Yes,No,39,Yes,No,DSL,No,No,Yes,No,No,No,One year,Yes,Credit card (automatic),116.11,4558.67,0
CUST-04392,Female,1,No,No,44,Yes,Yes,Fiber optic,Yes,No,No,Yes,No,Yes,Two year,Yes,Credit card (automatic),87.11,3824.63,0
CUST-04393,Female,0,Yes,Yes,46,Yes,Yes,Fiber optic,No,No,Yes,No,Yes,Yes,Month-to-month,No,Credit card (automatic),118.75,5434.2,1
CUST-04394,Male,0,No,No,55,Yes,Yes,No,No internet service,No internet service,No internet service,No internet service,No internet service,No internet service,Month-to-month,Yes,Credit card (automatic),42.73,2398.12,0
CUST-04395,Female,0,Yes,No,53,Yes,Yes,Fiber optic,No,No,No,No,Yes,No,Month-to-month,No,Electronic check,38.81,2097.56,0
CUST-04396,Female,0,No,No,8,Yes,Yes,DSL,No,No,Yes,Yes,No,Yes,One year,Yes,Bank transfer (automatic),102.16,879.74,0
CUST-04397,Male,0,No,No,64,Yes,No,Fiber optic,Yes,Yes,No,No,Yes,No,Two year,Yes,Electronic check,81.49,5163.58,0
CUST-04398,Male,0,Yes,No,69,Yes,No,Fiber optic,No,No,No,No,Yes,No,Month-to-month,No,Bank transfer (automatic),91.27,6338.26,0
CUST-04399,Male,0,No,No,0,Yes,Yes,DSL,No,No,Yes,No,Yes,No,Month-to-month,Yes,Credit card (automatic),69.33,0.0,0
CUST-04400,Male,0,Yes,No,12,Yes,Yes,Fiber optic,No,No,No,No,No,No,Two year,Yes,Electronic check,76.55,868.23,1
CUST-04401,Male,0,Yes,No,37,Yes,No,Fiber optic,No,Yes,Yes,No,No,No,Month-to-month,Yes,Bank transfer (automatic),92.34,3418.55,1
CUST-04402,Female,0,Yes,No,44,Yes,No,DSL,No,No,Yes,No,Yes,No,Month-to-month,Yes,Credit card (automatic),82.43,3675.36,0
CUST-04403,Male,0,Yes,No,39,Yes,Yes,DSL,No,No,No,No,No,Yes,One year,Yes,Mailed check,61.13,2451.18,0
CUST-04404,Male,0,No,No,14,Yes,Yes,DSL,No,Yes,Yes,No,No,No,Month-to-month,No,Mailed check,118.75,1655.16,0
CUST-04405,Female,0,No,No,49,No,No phone service,Fiber optic,No,Yes,No,No,Yes,No,Two year,No,Electronic check,79.16,3823.9,0
CUST-04406,Female,0,Yes,Yes,1,Yes,Yes,DSL,Yes,No,Yes,No,No,Yes,Month-to-month,No,Bank transfer (automatic),65.15,141.76,0
CUST-04407,Female,0,Yes,Yes,52,Yes,No,Fiber optic,No,No,Yes,No,No,No,Month-to-month,Yes,Electronic check,68.59,3568.67,1
CUST-04408,Male,0,No,Yes,25,Yes,No,DSL,Yes,No,Yes,Yes,No,Yes,Month-to-month,Yes,Bank transfer (automatic),81.99,1955.3,0
CUST-04409,Male,0,No,No,65,Yes,No,Fiber optic,No,No,No,No,Yes,No,One year,No,Credit card (automatic),72.96,4730.42,0
CUST-04410,Female,0,Yes,No,32,Yes,No,DSL,Yes,No,No,No,No,Yes,Two year,No,Mailed check,23.72,815.68,0
CUST-04411,Male,0,No,No,58,Yes,Yes,Fiber optic,No,No,No,No,Yes,Yes,One year,No,Bank transfer (automatic),71.7,4097.63,0
CUST-04412,Male,0,No,Yes,25,Yes,No,No,No internet service,No internet service,No internet service,No internet service,No internet service,No internet service,Month-to-month,Yes,Bank transfer (automatic),46.39,1165.61,0
CUST-04413,Female,0,No,No,20,Yes,Yes,Fiber optic,Yes,Yes,No,No,No,No,One year,Yes,Electronic check,79.47,1573.04,0
CUST-04414,Female,0,Yes,No,48,Yes,Yes,Fiber optic,No,No,No,No,No,No,Month-to-month,Yes,Credit card (automatic),75.91,3641.81,0
CUST-04415,Male,0,No,No,70,Yes,No,Fiber optic,No,Yes,No,No,Yes,Yes,Two year,Yes,Electronic check,63.13,4397.29,0
CUST-04416,Female,0,No,No,70,Yes,Yes,DSL,No,No,No,No,No,Yes,Month-to-month,No,Electronic check,103.25,7252.66,1
CUST-04417,Male,0,No,Yes,65,Yes,Yes,DSL,No,No,No,Yes,No,No,Month-to-month,Yes,Credit card (automatic),77.26,5010.77,0
CUST-04418,Male,0,No,No,36,Yes,No,DSL,Yes,No,No,Yes,No,No,Month-to-month,No,Bank transfer (automatic),65.58,2393.72,0
CUST-04419,Male,0,No,Yes,13,Yes,Yes,DSL,No,Yes,No,Yes,Yes,No,Month-to-month,No,Mailed check,62.75,797.37,0
CUST-04420,Male,0,Yes,No,71,Yes,No,DSL,No,Yes,No,No,Yes,No,One year,Yes,Electronic check,70.25,5043.68,0
CUST-04421,Male,1,No,No,6,Yes,Yes,Fiber optic,No,Yes,No,No,No,No,Month-to-month,Yes,Mailed check,83.5,501.65,1
CUST-04422,Female,0,No,No,37,Yes,No,DSL,No,No,No,No,No,Yes,Month-to-month,Yes,Credit card (automatic),55.65,1998.68,0
CUST-04423,Female,0,No,No,44,Yes,Yes,No,No internet service,No internet service,No internet service,No internet service,No internet service,No internet service,Month-to-month,Yes,Electronic check,77.87,3383.48,1
CUST-04424,Female,0,Yes,Yes,21,Yes,No,No,No internet service,No internet service,No internet service,No internet service,No internet service,No internet service,Month-to-month,Yes,Credit card (automatic),60.32,1208.82,0
CUST-04425,Male,1,Yes,No,43,Yes,Yes,No,No internet service,No internet service,No internet service,No internet service,No internet service,No internet service,Month-to-month,Yes,Electronic check,59.9,2520.65,0
CUST-04426,Male,0,No,No,34,No,No phone service,DSL,No,No,No,No,Yes,Yes,Month-to-month,Yes,Bank transfer (automatic),86.54,2876.7,0
CUST-04427,Male,0,No,Yes,59,Yes,No,No,No internet service,No internet service,No internet service,No internet service,No internet service,No internet service,One year,No,Bank transfer (automatic),54.82,3180.08,0
CUST-04428,Male,1,Yes,No,2,No,No phone service,No,No internet service,No internet service,No internet service,No internet service,No internet service,No internet service,Two year,Yes,Electronic check,83.3,166.33,1
CUST-04429,Male,0,No,No,66,Yes,Yes,No,No internet service,No internet service,No internet service,No internet service,No internet service,No internet service,Month-to-month,No,Electronic check,86.91,5772.98,0
CUST-04430,Female,0,Yes,No,71,Yes,Yes,Fiber optic,No,No,Yes,No,Yes,No,Two year,No,Electronic check,113.04,7958.21,0
CUST-04431,Female,0,No,No,54,Yes,No,Fiber optic,No,Yes,No,No,No,Yes,Month-to-month,No,Mailed check,33.53,1770.39,0
CUST-04432,Female,0,No,Yes,8,Yes,No,DSL,No,Yes,No,No,No,No,One year,Yes,Credit card (automatic),96.59,812.87,0
CUST-04433,Male,0,Yes,No,68,Yes,Yes,DSL,Yes,No,No,No,Yes,No,One year,Yes,Credit card (automatic),71.88,4879.94,0
CUST-04434,Female,0,No,No,27,Yes,No,DSL,Yes,No,No,No,No,Yes,Month-to-month,Yes,Electronic check,29.06,699.07,0
CUST-04435,Male,0,No,No,14,Yes,No,No,No internet service,No internet service,No internet service,No internet service,No internet service,No internet service,One year,No,Credit card (automatic),55.47,778.47,0
CUST-04436,Male,0,Yes,No,30,Yes,Yes,DSL,Yes,Yes,Yes,Yes,Yes,No,Two year,Yes,Electronic check,86.96,2626.9,0
CUST-04437,Male,0,No,No,58,Yes,Yes,DSL,No,Yes,Yes,No,No,Yes,Two year,Yes,Credit card (automatic),75.91,4418.49,0
CUST-04438,Female,0,Yes,Yes,53,Yes,No,No,No internet service,No internet service,No internet service,No internet service,No internet service,No internet service,One year,No,Bank transfer (automatic),111.06,5998.48,0
CUST-04439,Female,0,No,No,67,Yes,No,DSL,Yes,Yes,Yes,No,No,No,One year,Yes,Credit card (automatic),70.85,4709.29,0
CUST-04440,Male,0,Yes,No,46,Yes,Yes,No,No internet service,No internet service,No internet service,No internet service,No internet service,No internet service,Month-to-month,No,Mailed check,75.55,3530.31,0
CUST-04441,Female,0,Yes,No,41,Yes,Yes,Fiber optic,No,No,No,No,Yes,Yes,Month-to-month,Yes,Bank transfer (automatic),71.07,2912.65,0
CUST-04442,Female,0,Yes,No,22,Yes,Yes,DSL,No,Yes,No,No,No,Yes,Month-to-month,Yes,Bank transfer (automatic),47.52,1068.86,0
CUST-04443,Male,0,Yes,Yes,64,Yes,No,DSL,Yes,No,Yes,Yes,No,No,Month-to-month,Yes,Mailed check,78.17,4970.31,0
CUST-04444,Male,0,No,Yes,53,Yes,No,Fiber optic,No,No,No,Yes,Yes,No,Month-to-month,No,Credit card (automatic),71.88,3776.0,0
CUST-04445,Male,0,Yes,Yes,10,No,No phone service,No,No internet service,No internet service,No internet service,No internet service,No internet service,No internet service,One year,No,Electronic check,73.58,673.26,0
CUST-04446,Female,0,Yes,No,62,Yes,Yes,No,No internet service,No internet service,No internet service,No internet service,No internet service,No internet service,Month-to-month,Yes,Credit card (automatic),80.09,4892.18,0
CUST-04447,Male,1,No,No,21,Yes,Yes,DSL,Yes,Yes,No,Yes,No,Yes,One year,No,Credit card (automatic),72.96,1565.72,0
CUST-04448,Female,0,Yes,No,53,Yes,No,Fiber optic,No,Yes,No,No,No,No,One year,Yes,Bank transfer (automatic),79.77,4200.99,0
CUST-04449,Male,0,No,Yes,35,Yes,Yes,Fiber optic,No,No,No,Yes,No,No,One year,Yes,Electronic check,102.35,3709.5,0
CUST-04450,Female,0,No,Yes,57,Yes,No,Fiber optic,No,No,No,No,Yes,Yes,Two year,No,Electronic check,53.47,3024.11,0
CUST-04451,Male,0,No,No,19,Yes,No,DSL,Yes,No,Yes,No,No,No,Two year,No,Credit card (automatic),54.54,1069.9,0
CUST-04452,Female,0,Yes,No,15,Yes,No,DSL,No,Yes,No,Yes,No,No,One year,No,Bank transfer (automatic),107.5,1615.26,0
CUST-04453,Female,0,Yes,No,55,Yes,No,Fiber optic,No,Yes,Yes,No,No,No,Month-to-month,Yes,Credit card (automatic),109.41,5926.29,1
CUST-04454,Female,0,No,No,49,Yes,Yes,Fiber optic,Yes,No,Yes,No,No,No,One year,No,Mailed check,83.28,4013.42,0
CUST-04455,Female,1,Yes,No,65,Yes,No,DSL,No,No,Yes,No,No,Yes,Month-to-month,Yes,Credit card (automatic),118.75,7643.22,1
CUST-04456,Male,0,Yes,Yes,12,Yes,No,No,No internet service,No internet service,No internet service,No internet service,No internet service,No internet service,One year,Yes,Credit card (automatic),83.89,1080.13,0
CUST-04457,Female,0,Yes,Yes,14,Yes,No,Fiber optic,No,No,Yes,Yes,No,Yes,Month-to-month,Yes,Credit card (automatic),118.75,1727.43,1
CUST-04458,Male,1,Yes,Yes,72,Yes,Yes,Fiber optic,No,No,No,No,No,No,Two year,Yes,Electronic check,116.49,8483.67,1
CUST-04459,Male,0,No,Yes,26,Yes,Yes,Fiber optic,Yes,Yes,No,No,Yes,No,One year,Yes,Mailed check,114.3,2860.78,0
CUST-04460,Female,0,No,Yes,7,Yes,No,Fiber optic,Yes,No,No,No,No,No,Month-to-month,Yes,Electronic check,42.26,227.35,0
CUST-04461,Male,0,No,No,69,Yes,No,Fiber optic,No,Yes,No,No,No,No,Month-to-month,Yes,Bank transfer (automatic),96.29,6674.25,0
CUST-04462,Female,0,No,No,49,Yes,No,No,No internet service,No internet service,No internet service,No internet service,No internet service,No internet service,Two year,No,Bank transfer (automatic),74.72,3622.9,0
CUST-04463,Female,0,Yes,No,66,Yes,No,Fiber optic,Yes,No,No,No,No,No,Month-to-month,No,Electronic check,45.71,3051.57,0
CUST-04464,Male,0,Yes,No,25,Yes,No,Fiber optic,No,Yes,No,Yes,No,Yes,Month-to-month,No,Electronic check,106.88,2649.73,1
CUST-04465,Female,0,No,No,35,No,No phone service,Fiber optic,No,No,Yes,No,Yes,Yes,Month-to-month,Yes,Bank transfer (automatic),104.72,3637.81,0
CUST-04466,Male,1,Yes,Yes,20,Yes,No,Fiber optic,No,No,No,No,Yes,No,One year,Yes,Mailed check,69.15,1292.2,0
CUST-04467,Male,1,Yes,No,51,Yes,No,DSL,No,Yes,Yes,No,No,No,Month-to-month,Yes,Mailed check,61.64,3114.8,0
CUST-04468,Male,1,No,No,10,Yes,No,DSL,Yes,No,No,Yes,Yes,Yes,Month-to-month,Yes,Mailed check,72.84,746.93,0
CUST-04469,Female,0,No,No,7,Yes,No,Fiber optic,No,No,No,No,No,No,Month-to-month,No,Mailed check,25.61,129.87,0
CUST-04470,Female,0,Yes,No,56,Yes,Yes,Fiber optic,No,Yes,No,No,Yes,No,Month-to-month,Yes,Electronic check,44.1,2473.03,0
CUST-04471,Female,0,No,Yes,45,Yes,Yes,Fiber optic,No,No,No,No,Yes,No,Two year,No,Mailed check,68.76,3041.86,0
CUST-04472,Female,0,No,No,1,Yes,No,Fiber optic,No,No,No,No,No,Yes,Month-to-month,Yes,Electronic check,85.53,46.81,1
CUST-04473,Male,1,Yes,Yes,63,Yes,Yes,DSL,Yes,No,Yes,Yes,Yes,No,Month-to-month,No,Electronic check,74.12,4634.31,0
CUST-04474,Male,0,No,No,51,Yes,No,Fiber optic,No,No,No,No,No,No,One year,No,Bank transfer (automatic),63.19,3245.92,0
CUST-04475,Female,1,Yes,No,64,Yes,No,Fiber optic,No,Yes,No,No,Yes,No,Two year,No,Bank transfer (automatic),58.19,3767.07,0
CUST-04476,Female,0,No,Yes,10,Yes,Yes,Fiber optic,No,No,No,No,No,No,Two year,No,Electronic check,118.75,1279.41,1
CUST-04477,Male,1,No,Yes,5,Yes,No,DSL,Yes,No,No,No,Yes,No,Month-to-month,Yes,Electronic check,43.85,258.21,0
CUST-04478,Male,1,No,Yes,63,Yes,Yes,DSL,No,Yes,No,No,Yes,No,Month-to-month,Yes,Electronic check,33.05,2100.34,0
CUST-04479,Female,0,Yes,Yes,54,Yes,No,DSL,Yes,No,Yes,No,No,No,Two year,No,Mailed check,63.11,3496.68,0
CUST-04480,Female,0,Yes,No,43,Yes,Yes,Fiber optic,No,No,Yes,Yes,Yes,No,Month-to-month,Yes,Mailed check,88.92,3837.29,0
CUST-04481,Male,0,Yes,No,13,Yes,No,Fiber optic,Yes,No,No,No,No,Yes,One year,Yes,Credit card (automatic),74.51,999.35,0
CUST-04482,Male,0,No,Yes,4,Yes,No,Fiber optic,No,No,No,No,Yes,Yes,Month-to-month,Yes,Electronic check,51.78,254.94,0
CUST-04483,Female,0,Yes,No,24,Yes,No,Fiber optic,No,No,No,No,Yes,No,Month-to-month,Yes,Mailed check,78.14,1884.04,1
CUST-04484,Female,0,Yes,No,49,Yes,No,No,No internet service,No internet service,No internet service,No internet service,No internet service,No internet service,Two year,No,Mailed check,104.53,5118.56,0
CUST-04485,Male,1,Yes,Yes,72,Yes,No,Fiber optic,No,Yes,Yes,No,Yes,Yes,One year,No,Credit card (automatic),85.1,6118.87,0
CUST-04486,Female,0,Yes,Yes,70,Yes,No,DSL,No,Yes,Yes,Yes,Yes,No,Month-to-month,No,Electronic check,83.57,5821.26,0
CUST-04487,Male,0,Yes,No,1,No,No phone service,DSL,Yes,No,Yes,No,No,No,Month-to-month,No,Electronic check,74.07,49.26,1
CUST-04488,Male,0,No,Yes,9,Yes,Yes,DSL,No,Yes,No,No,No,Yes,Month-to-month,Yes,Mailed check,52.6,526.5,0
CUST-04489,Female,0,Yes,No,1,Yes,No,No,No internet service,No internet service,No internet service,No internet service,No internet service,No internet service,Month-to-month,No,Bank transfer (automatic),81.37,26.53,0
CUST-04490,Female,0,Yes,Yes,59,Yes,Yes,No,No internet service,No internet service,No internet service,No internet service,No internet service,No internet service,Two year,Yes,Credit card (automatic),104.24,6157.05,0
CUST-04491,Male,0,No,No,44,Yes,No,DSL,Yes,Yes,Yes,No,No,No,One year,No,Electronic check,109.92,4835.29,0
CUST-04492,Female,0,No,No,7,Yes,Yes,Fiber optic,Yes,No,No,Yes,Yes,Yes,Month-to-month,No,Electronic check,81.71,500.71,0
CUST-04493,Female,0,Yes,No,57,Yes,Yes,No,No internet service,No internet service,No internet service,No internet service,No internet service,No internet service,Month-to-month,Yes,Electronic check,78.28,4503.87,1
CUST-04494,Female,0,Yes,No,6,Yes,Yes,Fiber optic,No,No,Yes,No,No,No,Two year,No,Electronic check,117.75,639.68,1
CUST-04495,Female,0,No,No,71,Yes,Yes,Fiber optic,Yes,Yes,No,No,No,No,Month-to-month,No,Credit card (automatic),82.87,5846.51,0
CUST-04496,Female,0,Yes,Yes,20,Yes,No,DSL,Yes,Yes,No,No,Yes,Yes,Month-to-month,No,Mailed check,60.67,1209.12,0
CUST-04497,Female,0,No,No,46,Yes,Yes,DSL,No,No,No,No,Yes,No,Month-to-month,Yes,Electronic check,59.16,2795.86,0
CUST-04498,Male,0,Yes,No,0,Yes,No,Fiber optic,Yes,Yes,Yes,No,No,No,Month-to-month,Yes,Mailed check,49.91,0.0,0
CUST-04499,Male,1,Yes,No,11,Yes,Yes,Fiber optic,No,No,Yes,No,No,No,Month-to-month,No,Credit card (automatic),58.95,664.0,0
CUST-04500,Male,0,Yes,No,47,Yes,No,Fiber optic,No,No,No,No,Yes,No,Two year,Yes,Bank transfer (automatic),118.75,5648.83,0
CUST-04501,Female,0,No,Yes,3,Yes,No,DSL,No,Yes,Yes,Yes,No,Yes,Month-to-month,No,Mailed check,51.5,141.29,0
CUST-04502,Female,0,No,No,33,Yes,Yes,No,No internet service,No internet service,No internet service,No internet service,No internet service,No internet service,One year,Yes,Bank transfer (automatic),112.75,3820.66,0
CUST-04503,Male,0,Yes,No,31,Yes,Yes,No,No internet service,No internet service,No internet service,No internet service,No internet service,No internet service,One year,No,Bank transfer (automatic),69.17,2169.45,0
CUST-04504,Male,1,No,No,2,Yes,Yes,DSL,No,No,Yes,No,No,No,Month-to-month,Yes,Electronic check,96.33,199.34,1
CUST-04505,Female,0,Yes,No,67,Yes,Yes,DSL,No,No,Yes,No,No,Yes,Two year,Yes,Electronic check,52.34,3416.94,0
CUST-04506,Male,0,Yes,Yes,56,Yes,Yes,Fiber optic,No,No,Yes,Yes,Yes,Yes,Month-to-month,Yes,Credit card (automatic),77.33,4379.28,0
CUST-04507,Female,0,No,No,23,Yes,Yes,DSL,No,No,No,No,Yes,Yes,Two year,Yes,Electronic check,32.79,781.04,0
CUST-04508,Male,0,Yes,No,32,Yes,Yes,DSL,No,No,No,No,Yes,Yes,Month-to-month,No,Mailed check,75.0,2388.87,0
CUST-04509,Female,0,No,No,2,Yes,No,DSL,No,No,No,No,No,Yes,Two year,No,Credit card (automatic),89.95,154.65,0
CUST-04510,Female,0,No,No,3,Yes,Yes,No,No internet service,No internet service,No internet service,No internet service,No internet service,No internet service,One year,No,Mailed check,94.58,384.41,0
CUST-04511,Male,0,No,No,29,Yes,No,No,No internet service,No internet service,No internet service,No internet service,No internet service,No internet service,Month-to-month,Yes,Mailed check,73.91,2103.55,0
CUST-04512,Male,0,No,Yes,69,Yes,No,DSL,No,No,No,Yes,Yes,No,Month-to-month,Yes,Bank transfer (automatic),70.62,4890.22,0
CUST-04513,Male,0,Yes,No,48,Yes,Yes,No,No internet service,No internet service,No internet service,No internet service,No internet service,No internet service,Month-to-month,No,Electronic check,78.85,3786.53,0
CUST-04514,Female,0,Yes,No,29,Yes,No,Fiber optic,No,No,No,No,No,No,Month-to-month,Yes,Mailed check,59.73,1766.59,0
CUST-04515,Female,0,Yes,No,71,Yes,Yes,DSL,No,Yes,Yes,Yes,No,No,One year,Yes,Electronic check,65.53,4556.51,0
CUST-04516,Male,0,Yes,No,15,Yes,Yes,No,No internet service,No internet service,No internet service,No internet service,No internet service,No internet service,Month-to-month,Yes,Electronic check,61.88,961.83,1
CUST-04517,Female,0,Yes,No,52,Yes,No,Fiber optic,No,No,Yes,No,No,Yes,One year,No,Mailed check,82.92,4391.83,0
CUST-04518,Female,0,Yes,Yes,5,Yes,Yes,No,No internet service,No internet service,No internet service,No internet service,No internet service,No internet service,Month-to-month,No,Bank transfer (automatic),106.6,437.89,1
CUST-04519,Male,0,No,Yes,23,Yes,Yes,Fiber optic,Yes,No,No,No,No,Yes,Month-to-month,No,Credit card (automatic),105.67,2382.99,0
CUST-04520,Male,0,Yes,No,27,Yes,Yes,Fiber optic,No,No,Yes,Yes,No,Yes,One year,Yes,Mailed check,65.78,1804.32,0
CUST-04521,Female,0,No,No,20,Yes,No,DSL,No,No,No,No,No,Yes,Two year,Yes,Electronic check,52.39,1041.11,0
CUST-04522,Female,0,No,No,7,No,No phone service,Fiber optic,No,No,No,No,Yes,Yes,Month-to-month,No,Credit card (automatic),52.65,402.53,0
CUST-04523,Female,1,No,No,35,Yes,No,Fiber optic,No,Yes,Yes,Yes,No,Yes,Month-to-month,No,Electronic check,37.89,1363.37,0
CUST-04524,Female,0,Yes,No,8,Yes,No,No,No internet service,No internet service,No internet service,No internet service,No internet service,No internet service,Month-to-month,Yes,Bank transfer (automatic),89.31,725.74,1
CUST-04525,Female,0,Yes,No,39,Yes,Yes,Fiber optic,No,No,No,No,No,No,Month-to-month,Yes,Bank transfer (automatic),40.58,1670.76,0
CUST-04526,Male,0,Yes,No,50,No,No phone service,DSL,No,No,Yes,No,No,No,One year,Yes,Electronic check,20.5,1062.62,0
CUST-04527,Female,1,Yes,No,0,Yes,Yes,DSL,No,Yes,No,No,No,Yes,Month-to-month,No,Electronic check,88.22,0.0,1
CUST-04528,Female,0,Yes,Yes,62,No,No phone service,No,No internet service,No internet service,No internet service,No internet service,No internet service,No internet service,Two year,Yes,Mailed check,95.75,5971.54,0
CUST-04529,Female,1,No,No,67,Yes,No,Fiber optic,Yes,No,No,Yes,No,Yes,Month-to-month,Yes,Credit card (automatic),52.28,3501.13,0
CUST-04530,Male,1,Yes,No,25,Yes,Yes,DSL,No,No,No,No,Yes,No,Month-to-month,No,Bank transfer (automatic),81.04,2053.38,0
CUST-04531,Male,0,No,No,39,Yes,Yes,No,No internet service,No internet service,No internet service,No internet service,No internet service,No internet service,Month-to-month,Yes,Bank transfer (automatic),42.45,1713.96,0
CUST-04532,Male,1,No,Yes,2,Yes,Yes,No,No internet service,No internet service,No internet service,No internet service,No internet service,No internet service,Month-to-month,Yes,Bank transfer (automatic),67.84,216.45,1
CUST-04533,Male,0,Yes,No,8,Yes,No,Fiber optic,No,Yes,No,No,Yes,Yes,One year,Yes,Mailed check,80.08,644.85,0
CUST-04534,Male,1,Yes,No,31,Yes,No,DSL,Yes,No,Yes,No,Yes,Yes,Two year,No,Mailed check,91.65,2883.07,0
CUST-04535,Female,0,No,Yes,66,Yes,Yes,Fiber optic,No,Yes,Yes,No,No,Yes,Month-to-month,Yes,Electronic check,89.07,5824.61,1
CUST-04536,Female,0,Yes,No,3,Yes,Yes,Fiber optic,Yes,No,No,Yes,Yes,Yes,Month-to-month,Yes,Credit card (automatic),23.06,46.0,0
CUST-04537,Male,0,No,No,5,Yes,Yes,No,No internet service,No internet service,No internet service,No internet service,No internet service,No internet service,Two year,No,Bank transfer (automatic),78.25,363.12,0
CUST-04538,Female,0,Yes,No,72,No,No phone service,No,No internet service,No internet service,No internet service,No internet service,No internet service,No internet service,Month-to-month,Yes,Electronic check,118.75,8601.71,1
CUST-04539,Male,0,No,Yes,25,Yes,No,Fiber optic,No,No,No,No,No,No,Two year,Yes,Electronic check,83.29,2168.61,1
CUST-04540,Male,0,Yes,Yes,1,Yes,Yes,No,No internet service,No internet service,No internet service,No internet service,No internet service,No internet service,One year,Yes,Electronic check,35.51,194.97,0
CUST-04541,Male,0,Yes,No,65,Yes,Yes,DSL,No,Yes,No,Yes,Yes,No,Month-to-month,Yes,Electronic check,61.27,4025.61,0
CUST-04542,Female,0,No,No,2,Yes,Yes,DSL,Yes,No,No,No,Yes,No,Month-to-month,Yes,Electronic check,57.49,171.19,0
CUST-04543,Male,0,Yes,Yes,34,Yes,No,Fiber optic,No,No,No,No,No,Yes,One year,Yes,Bank transfer (automatic),18.25,533.98,0
CUST-04544,Male,0,Yes,Yes,58,Yes,No,No,No internet service,No internet service,No internet service,No internet service,No internet service,No internet service,Two year,No,Mailed check,80.57,4583.66,0
CUST-04545,Male,0,Yes,No,37,No,No phone service,DSL,No,No,Yes,No,Yes,Yes,Month-to-month,Yes,Credit card (automatic),66.38,2412.62,0
CUST-04546,Female,0,Yes,Yes,32,Yes,No,DSL,Yes,Yes,No,Yes,Yes,No,Month-to-month,Yes,Electronic check,66.86,2076.81,0
CUST-04547,Male,0,No,No,14,Yes,Yes,No,No internet service,No internet service,No internet service,No internet service,No internet service,No internet service,One year,No,Bank transfer (automatic),68.83,989.21,0
CUST-04548,Female,0,No,No,13,Yes,No,DSL,No,Yes,Yes,Yes,No,Yes,Month-to-month,Yes,Credit card (automatic),53.75,785.55,0
CUST-04549,Female,0,No,No,65,Yes,Yes,DSL,No,Yes,No,No,No,Yes,One year,No,Mailed check,100.4,6526.6,0
CUST-04550,Female,1,No,No,44,No,No phone service,Fiber optic,No,Yes,No,No,No,No,Month-to-month,Yes,Electronic check,80.71,3518.45,1
CUST-04551,Female,0,Yes,No,47,Yes,No,Fiber optic,No,Yes,Yes,No,No,Yes,Two year,No,Mailed check,63.18,2984.73,0
CUST-04552,Male,1,Yes,Yes,43,Yes,No,Fiber optic,No,No,Yes,Yes,No,No,Month-to-month,Yes,Bank transfer (automatic),87.1,3709.34,0
CUST-04553,Male,0,No,No,36,Yes,No,No,No internet service,No internet service,No internet service,No internet service,No internet service,No internet service,Month-to-month,Yes,Credit card (automatic),83.89,2992.88,0
CUST-04554,Female,0,No,No,28,Yes,No,DSL,No,No,No,No,Yes,Yes,Month-to-month,Yes,Electronic check,50.01,1390.53,0
CUST-04555,Male,0,Yes,No,33,Yes,No,No,No internet service,No internet service,No internet service,No internet service,No internet service,No internet service,Two year,Yes,Mailed check,70.26,2337.98,0
CUST-04556,Female,0,Yes,No,58,Yes,Yes,Fiber optic,Yes,No,No,No,Yes,Yes,Month-to-month,No,Bank transfer (automatic),73.7,4191.26,0
CUST-04557,Female,0,Yes,No,42,Yes,No,Fiber optic,No,Yes,No,Yes,Yes,Yes,Two year,No,Electronic check,61.2,2468.92,0
CUST-04558,Female,0,No,Yes,32,No,No phone service,No,No internet service,No internet service,No internet service,No internet service,No internet service,No internet service,One year,Yes,Electronic check,40.53,1253.98,0
CUST-04559,Female,0,No,No,18,Yes,No,DSL,No,No,Yes,No,Yes,Yes,One year,Yes,Electronic check,57.09,1053.74,0
CUST-04560,Female,0,Yes,No,7,Yes,No,DSL,No,No,No,No,Yes,Yes,One year,Yes,Electronic check,102.63,655.15,1
CUST-04561,Female,0,No,No,30,Yes,No,No,No internet service,No internet service,No internet service,No internet service,No internet service,No internet service,Month-to-month,Yes,Electronic check,57.94,1829.91,0
CUST-04562,Male,0,Yes,Yes,10,Yes,No,DSL,No,No,No,No,No,Yes,Two year,Yes,Mailed check,93.86,981.2,0
CUST-04563,Female,0,Yes,Yes,7,Yes,Yes,DSL,Yes,No,No,No,Yes,Yes,Two year,Yes,Bank transfer (automatic),70.09,524.09,0
CUST-04564,Male,0,No,Yes,24,Yes,No,Fiber optic,No,Yes,No,No,Yes,Yes,Month-to-month,No,Credit card (automatic),77.53,1903.48,0
CUST-04565,Male,0,Yes,No,19,Yes,No,DSL,No,No,No,Yes,No,No,Two year,Yes,Electronic check,42.03,819.9,0
CUST-04566,Female,0,Yes,No,37,Yes,Yes,No,No internet service,No internet service,No internet service,No internet service,No internet service,No internet service,One year,Yes,Electronic check,104.24,3882.23,0
CUST-04567,Male,0,No,No,6,Yes,No,No,No internet service,No internet service,No internet service,No internet service,No internet service,No internet service,One year,No,Electronic check,118.75,774.6,1
CUST-04568,Male,1,No,No,38,Yes,Yes,Fiber optic,No,No,No,No,Yes,Yes,Month-to-month,Yes,Credit card (automatic),57.82,2247.16,0
CUST-04569,Male,0,No,Yes,71,No,No phone service,Fiber optic,No,No,No,No,No,No,Month-to-month,Yes,Credit card (automatic),112.45,7998.97,1
CUST-04570,Female,0,Yes,No,19,Yes,No,Fiber optic,Yes,No,No,Yes,Yes,Yes,Month-to-month,Yes,Electronic check,40.91,873.47,0
CUST-04571,Female,0,Yes,No,10,Yes,No,DSL,No,No,No,No,Yes,Yes,Month-to-month,Yes,Electronic check,70.04,704.27,1
CUST-04572,Female,0,No,No,15,Yes,Yes,DSL,Yes,Yes,Yes,No,No,Yes,Two year,No,Bank transfer (automatic),42.78,618.95,0
CUST-04573,Male,0,No,No,41,Yes,No,DSL,Yes,Yes,Yes,No,No,No,Month-to-month,No,Bank transfer (automatic),85.13,3416.17,0
CUST-04574,Female,0,No,No,51,Yes,No,Fiber optic,Yes,Yes,No,No,No,Yes,One year,Yes,Mailed check,71.98,3634.86,0
CUST-04575,Female,0,Yes,No,36,Yes,No,Fiber optic,Yes,No,No,No,No,Yes,Month-to-month,No,Mailed check,73.73,2714.4,0
CUST-04576,Male,0,Yes,Yes,51,Yes,No,No,No internet service,No internet service,No internet service,No internet service,No internet service,No internet service,Month-to-month,No,Bank transfer (automatic),109.88,5602.17,0
CUST-04577,Male,0,No,No,8,Yes,No,Fiber optic,No,No,No,Yes,No,No,Month-to-month,Yes,Electronic check,102.2,841.57,1
CUST-04578,Male,0,No,Yes,34,Yes,No,Fiber optic,Yes,No,No,No,No,No,One year,No,Mailed check,70.42,2398.32,0
CUST-04579,Female,0,Yes,No,66,Yes,No,DSL,No,No,No,No,No,Yes,One year,Yes,Electronic check,106.85,6991.96,0
CUST-04580,Female,0,Yes,Yes,6,Yes,Yes,No,No internet service,No internet service,No internet service,No internet service,No internet service,No internet service,Month-to-month,Yes,Mailed check,99.59,583.14,1
CUST-04581,Female,0,Yes,No,1,Yes,Yes,No,No internet service,No internet service,No internet service,No internet service,No internet service,No internet service,Month-to-month,No,Credit card (automatic),97.88,56.18,1
CUST-04582,Male,0,Yes,No,24,Yes,Yes,No,No internet service,No internet service,No internet service,No internet service,No internet service,No internet service,Two year,Yes,Electronic check,77.03,1826.97,0
CUST-04583,Female,0,Yes,No,40,Yes,No,DSL,No,Yes,Yes,No,Yes,No,Month-to-month,No,Credit card (automatic),83.82,3308.42,0
CUST-04584,Female,0,Yes,No,51,Yes,Yes,Fiber optic,No,Yes,No,No,No,Yes,Two year,Yes,Bank transfer (automatic),69.99,3593.59,0
CUST-04585,Female,1,No,Yes,64,Yes,Yes,Fiber optic,Yes,Yes,No,No,Yes,Yes,Month-to-month,No,Electronic check,118.75,7640.62,1
CUST-04586,Female,0,Yes,No,37,Yes,No,DSL,Yes,No,No,No,No,No,Two year,Yes,Bank transfer (automatic),85.11,3150.82,0
CUST-04587,Male,0,No,No,66,Yes,No,No,No internet service,No internet service,No internet service,No internet service,No internet service,No internet service,Two year,Yes,Mailed check,77.11,4989.78,0
CUST-04588,Male,0,Yes,No,41,Yes,No,DSL,No,No,No,No,Yes,Yes,Month-to-month,Yes,Electronic check,88.27,3551.44,1
CUST-04589,Female,0,No,No,70,Yes,Yes,DSL,No,No,No,No,Yes,No,One year,Yes,Electronic check,86.51,6088.0,0
CUST-04590,Female,0,Yes,No,53,Yes,Yes,Fiber optic,No,No,No,No,Yes,No,One year,No,Electronic check,118.75,6255.97,1
CUST-04591,Female,0,No,No,66,Yes,Yes,DSL,Yes,No,No,No,Yes,No,Month-to-month,No,Bank transfer (automatic),78.62,5151.19,0
CUST-04592,Male,0,No,Yes,63,Yes,Yes,No,No internet service,No internet service,No internet service,No internet service,No internet service,No internet service,Two year,Yes,Credit card (automatic),97.89,6170.52,0
CUST-04593,Female,0,No,Yes,3,Yes,Yes,Fiber optic,Yes,No,Yes,No,Yes,No,One year,Yes,Mailed check,67.43,162.94,0
CUST-04594,Male,0,No,Yes,30,Yes,Yes,Fiber optic,No,No,Yes,Yes,Yes,Yes,Month-to-month,Yes,Mailed check,31.98,853.33,0
CUST-04595,Male,0,Yes,No,12,Yes,Yes,Fiber optic,Yes,Yes,No,No,No,No,Month-to-month,Yes,Bank transfer (automatic),71.7,814.18,0
CUST-04596,Female,0,No,No,26,Yes,No,DSL,No,Yes,No,No,Yes,Yes,One year,No,Bank transfer (automatic),94.95,2448.51,0
CUST-04597,Female,0,No,No,58,Yes,Yes,Fiber optic,No,No,No,Yes,No,Yes,Month-to-month,Yes,Electronic check,81.45,4696.36,0
CUST-04598,Male,0,No,No,64,Yes,Yes,Fiber optic,Yes,Yes,No,No,No,No,Month-to-month,No,Electronic check,49.98,3233.78,0
CUST-04599,Male,0,Yes,No,63,Yes,No,Fiber optic,No,No,No,No,No,No,Two year,Yes,Mailed check,118.38,7462.38,0
CUST-04600,Male,0,No,No,24,Yes,No,No,No internet service,No internet service,No internet service,No internet service,No internet service,No internet service,One year,No,Bank transfer (automatic),43.59,1047.06,0
CUST-04601,Male,0,Yes,Yes,36,Yes,No,Fiber optic,No,No,No,No,Yes,Yes,One year,Yes,Bank transfer (automatic),55.68,2062.32,0
CUST-04602,Female,0,Yes,Yes,72,No,No phone service,Fiber optic,No,No,Yes,No,No,Yes,Month-to-month,No,Electronic check,51.87,3656.64,0
CUST-04603,Female,0,Yes,No,70,Yes,No,No,No internet service,No internet service,No internet service,No internet service,No internet service,No internet service,Month-to-month,Yes,Mailed check,53.81,3844.93,0
CUST-04604,Male,0,Yes,No,13,Yes,No,Fiber optic,No,Yes,Yes,No,No,No,Month-to-month,No,Electronic check,72.93,1030.66,1
CUST-04605,Female,0,No,No,23,Yes,No,Fiber optic,No,No,No,No,No,No,One year,Yes,Credit card (automatic),88.47,2029.03,0
CUST-04606,Female,0,No,No,66,Yes,Yes,DSL,Yes,No,No,Yes,Yes,Yes,Month-to-month,No,Bank transfer (automatic),64.49,4236.7,0
CUST-04607,Female,0,No,No,47,Yes,Yes,Fiber optic,No,Yes,No,Yes,No,No,Month-to-month,No,Bank transfer (automatic),90.64,4327.22,0
CUST-04608,Male,0,No,No,64,Yes,No,No,No internet service,No internet service,No internet service,No internet service,No internet service,No internet service,Two year,No,Bank transfer (automatic),98.12,6266.49,0
CUST-04609,Female,0,Yes,No,37,Yes,No,Fiber optic,Yes,No,Yes,No,Yes,No,Two year,Yes,Mailed check,66.92,2493.71,0
CUST-04610,Male,0,No,No,69,Yes,No,DSL,Yes,No,No,No,No,No,One year,No,Electronic check,41.74,2893.97,0
CUST-04611,Male,0,Yes,Yes,58,Yes,No,Fiber optic,Yes,Yes,No,No,No,No,Month-to-month,Yes,Bank transfer (automatic),115.9,6746.66,1
CUST-04612,Male,0,No,Yes,11,Yes,No,Fiber optic,No,No,Yes,Yes,No,No,Month-to-month,Yes,Bank transfer (automatic),54.76,547.36,0
CUST-04613,Female,1,No,Yes,53,Yes,No,DSL,No,No,No,No,No,Yes,Month-to-month,Yes,Electronic check,22.11,1193.82,0
CUST-04614,Male,0,No,No,50,Yes,No,No,No internet service,No internet service,No internet service,No internet service,No internet service,No internet service,Two year,No,Credit card (automatic),67.22,3316.89,0
CUST-04615,Male,1,No,No,37,Yes,Yes,No,No internet service,No internet service,No internet service,No internet service,No internet service,No internet service,Month-to-month,Yes,Electronic check,89.73,3290.06,1
CUST-04616,Male,1,No,Yes,45,Yes,Yes,Fiber optic,No,No,No,No,No,No,One year,Yes,Electronic check,94.59,4302.98,1
CUST-04617,Female,0,Yes,No,9,Yes,No,DSL,Yes,No,No,No,Yes,No,Month-to-month,No,Electronic check,42.83,360.3,0
CUST-04618,Female,1,Yes,Yes,8,Yes,No,Fiber optic,No,No,No,No,No,Yes,One year,No,Credit card (automatic),24.89,167.22,0
CUST-04619,Male,0,No,No,51,Yes,Yes,DSL,No,No,No,No,Yes,Yes,Month-to-month,No,Electronic check,84.73,4331.42,0
CUST-04620,Female,0,Yes,No,50,Yes,No,Fiber optic,Yes,No,Yes,No,No,No,Month-to-month,Yes,Credit card (automatic),89.87,4560.83,0
CUST-04621,Female,0,No,No,21,Yes,No,DSL,No,No,No,No,Yes,No,Month-to-month,No,Bank transfer (automatic),100.86,2238.31,0
CUST-04622,Female,0,Yes,No,72,Yes,Yes,Fiber optic,No,No,Yes,Yes,Yes,Yes,Month-to-month,Yes,Electronic check,105.08,7622.88,0
CUST-04623,Male,0,Yes,Yes,71,Yes,No,DSL,No,No,Yes,No,No,No,One year,Yes,Mailed check,83.53,5987.09,0
CUST-04624,Female,0,No,No,67,Yes,No,No,No internet service,No internet service,No internet service,No internet service,No internet service,No internet service,Month-to-month,Yes,Credit card (automatic),56.34,3773.59,0
CUST-04625,Female,0,Yes,Yes,4,Yes,No,No,No internet service,No internet service,No internet service,No internet service,No internet service,No internet service,Month-to-month,Yes,Mailed check,58.49,361.94,0
CUST-04626,Female,0,Yes,Yes,28,No,No phone service,No,No internet service,No internet service,No internet service,No internet service,No internet service,No internet service,One year,Yes,Electronic check,67.81,1908.61,0
CUST-04627,Male,0,Yes,Yes,5,Yes,Yes,DSL,No,No,No,No,Yes,No,Month-to-month,Yes,Electronic check,47.81,237.27,0
CUST-04628,Female,1,Yes,No,68,Yes,No,DSL,No,No,No,No,No,No,Month-to-month,No,Electronic check,106.47,7259.09,1
CUST-04629,Female,0,No,No,57,Yes,No,Fiber optic,No,Yes,No,Yes,No,Yes,Month-to-month,No,Electronic check,103.61,5918.99,1
CUST-04630,Female,0,Yes,No,42,Yes,No,DSL,No,No,Yes,No,Yes,No,One year,No,Electronic check,40.93,1653.37,0
CUST-04631,Male,0,No,No,68,Yes,Yes,DSL,No,Yes,No,No,No,Yes,Month-to-month,No,Bank transfer (automatic),71.4,4820.34,0
CUST-04632,Male,0,No,Yes,71,Yes,No,Fiber optic,No,No,No,No,No,Yes,Month-to-month,No,Mailed check,118.75,8450.28,1
CUST-04633,Female,0,Yes,No,36,Yes,No,Fiber optic,No,No,Yes,No,Yes,Yes,Two year,Yes,Mailed check,104.07,3707.05,0
CUST-04634,Female,0,No,No,57,Yes,Yes,DSL,No,Yes,No,No,Yes,No,Month-to-month,Yes,Electronic check,82.62,4741.72,1
CUST-04635,Male,0,No,No,36,Yes,Yes,Fiber optic,No,Yes,No,No,Yes,No,Month-to-month,Yes,Credit card (automatic),102.4,3688.2,1
CUST-04636,Female,0,Yes,No,25,Yes,Yes,Fiber optic,No,No,No,No,No,No,One year,Yes,Mailed check,114.71,2914.59,0
CUST-04637,Male,1,Yes,Yes,41,Yes,No,DSL,No,No,No,No,Yes,Yes,Month-to-month,No,Credit card (automatic),78.06,3194.27,0
CUST-04638,Female,0,Yes,Yes,15,No,No phone service,No,No internet service,No internet service,No internet service,No internet service,No internet service,No internet service,Month-to-month,No,Mailed check,38.16,596.49,0
CUST-04639,Female,0,No,No,21,Yes,No,DSL,No,No,Yes,No,Yes,Yes,Two year,No,Electronic check,94.41,1892.02,0
CUST-04640,Female,0,No,Yes,22,Yes,Yes,DSL,No,No,No,Yes,No,No,Two year,No,Credit card (automatic),95.84,2028.01,0
CUST-04641,Female,0,No,Yes,46,Yes,No,DSL,No,No,No,No,No,Yes,Month-to-month,Yes,Bank transfer (automatic),51.25,2317.33,0
CUST-04642,Male,0,No,No,66,Yes,No,DSL,No,Yes,No,No,No,Yes,Month-to-month,Yes,Electronic check,85.68,5670.43,1
CUST-04643,Female,0,No,No,2,Yes,Yes,No,No internet service,No internet service,No internet service,No internet service,No internet service,No internet service,One year,No,Bank transfer (automatic),50.51,61.96,0
CUST-04644,Male,0,No,No,11,Yes,No,DSL,Yes,No,No,No,No,No,Month-to-month,No,Electronic check,30.41,370.91,0
CUST-04645,Female,0,No,No,22,Yes,No,Fiber optic,No,No,Yes,No,No,No,Month-to-month,Yes,Electronic check,78.57,1747.88,1
CUST-04646,Female,0,Yes,No,10,Yes,Yes,Fiber optic,No,No,No,No,No,Yes,Month-to-month,Yes,Credit card (automatic),107.69,1053.96,1
CUST-04647,Female,0,No,Yes,51,Yes,Yes,Fiber optic,No,No,Yes,No,No,No,Month-to-month,No,Credit card (automatic),85.11,4351.8,0
CUST-04648,Male,0,No,No,49,Yes,No,No,No internet service,No internet service,No internet service,No internet service,No internet service,No internet service,Two year,Yes,Electronic check,81.23,3958.07,0
CUST-04649,Female,0,No,No,56,Yes,Yes,No,No internet service,No internet service,No internet service,No internet service,No internet service,No internet service,Month-to-month,No,Bank transfer (automatic),44.46,2505.52,0
CUST-04650,Male,0,No,Yes,63,No,No phone service,DSL,No,No,No,No,Yes,Yes,Month-to-month,Yes,Bank transfer (automatic),94.46,5925.46,0
CUST-04651,Male,0,Yes,Yes,45,Yes,No,No,No internet service,No internet service,No internet service,No internet service,No internet service,No internet service,One year,Yes,Bank transfer (automatic),62.41,2828.27,0
CUST-04652,Female,0,No,No,28,No,No phone service,Fiber optic,Yes,No,No,No,Yes,No,Month-to-month,Yes,Mailed check,54.44,1592.35,0
CUST-04653,Male,0,Yes,No,69,Yes,No,Fiber optic,Yes,No,No,No,No,No,One year,Yes,Bank transfer (automatic),101.64,6951.37,0
CUST-04654,Female,0,No,Yes,45,Yes,Yes,Fiber optic,No,No,No,No,No,No,Month-to-month,Yes,Bank transfer (automatic),45.86,2028.98,0
CUST-04655,Male,0,Yes,No,15,No,No phone service,No,No internet service,No internet service,No internet service,No internet service,No internet service,No internet service,Month-to-month,No,Electronic check,66.79,969.2,1
CUST-04656,Male,0,No,No,50,Yes,No,DSL,No,No,No,No,Yes,No,One year,Yes,Bank transfer (automatic),48.25,2428.06,0
CUST-04657,Female,1,No,No,10,Yes,No,Fiber optic,Yes,Yes,No,No,Yes,No,Month-to-month,No,Mailed check,63.9,680.88,0
CUST-04658,Female,0,No,No,10,Yes,Yes,DSL,No,Yes,No,Yes,Yes,No,Month-to-month,Yes,Mailed check,18.25,95.52,0
CUST-04659,Male,0,Yes,No,62,Yes,No,Fiber optic,No,No,No,Yes,No,No,One year,Yes,Electronic check,92.15,5704.13,0
CUST-04660,Female,0,No,No,52,Yes,No,No,No internet service,No internet service,No internet service,No internet service,No internet service,No internet service,Month-to-month,Yes,Bank transfer (automatic),86.98,4524.37,0
CUST-04661,Female,0,No,No,57,Yes,No,Fiber optic,No,No,Yes,No,No,Yes,Month-to-month,Yes,Electronic check,118.75,6812.85,1
CUST-04662,Female,0,No,Yes,18,Yes,No,DSL,Yes,No,No,No,Yes,No,Two year,Yes,Credit card (automatic),78.56,1369.29,0
CUST-04663,Male,0,Yes,Yes,31,Yes,Yes,Fiber optic,No,No,No,No,No,No,Two year,Yes,Electronic check,51.75,1640.74,0
CUST-04664,Female,0,No,No,49,Yes,No,Fiber optic,No,No,No,No,No,No,Month-to-month,Yes,Bank transfer (automatic),101.6,4993.05,1
CUST-04665,Female,0,Yes,No,71,Yes,No,Fiber optic,No,Yes,Yes,Yes,No,No,One year,Yes,Credit card (automatic),104.08,7478.38,0
CUST-04666,Female,0,No,No,54,Yes,No,DSL,Yes,No,No,No,Yes,No,Month-to-month,Yes,Credit card (automatic),110.17,6058.88,0
CUST-04667,Male,0,Yes,No,40,Yes,Yes,Fiber optic,No,No,No,Yes,No,No,Month-to-month,No,Mailed check,26.54,1101.39,0
CUST-04668,Female,0,No,Yes,69,Yes,No,No,No internet service,No internet service,No internet service,No internet service,No internet service,No internet service,Month-to-month,Yes,Electronic check,62.06,4269.12,0
CUST-04669,Female,0,No,Yes,20,Yes,No,Fiber optic,No,No,No,No,Yes,No,One year,No,Bank transfer (automatic),50.09,1026.33,0
CUST-04670,Female,0,Yes,No,25,Yes,No,Fiber optic,No,No,No,No,Yes,Yes,Month-to-month,No,Electronic check,111.69,2821.32,1
CUST-04671,Male,0,Yes,No,0,Yes,No,Fiber optic,No,No,No,No,No,No,One year,No,Electronic check,90.14,0.0,1
CUST-04672,Female,0,No,No,26,Yes,Yes,DSL,No,No,No,Yes,Yes,No,Month-to-month,Yes,Credit card (automatic),101.87,2669.64,0
CUST-04673,Female,0,Yes,No,49,Yes,No,Fiber optic,Yes,No,No,Yes,No,No,One year,No,Electronic check,49.68,2461.03,0
CUST-04674,Male,0,No,No,65,Yes,No,Fiber optic,No,No,No,No,No,Yes,Two year,Yes,Mailed check,82.34,5404.58,0
CUST-04675,Male,0,Yes,Yes,64,Yes,No,DSL,No,No,No,No,No,Yes,One year,Yes,Bank transfer (automatic),38.21,2555.34,0
CUST-04676,Female,0,Yes,No,9,Yes,Yes,DSL,No,Yes,No,No,Yes,No,Month-to-month,Yes,Electronic check,43.69,302.74,0
CUST-04677,Male,1,Yes,No,36,Yes,Yes,Fiber optic,No,No,No,No,No,No,Two year,No,Credit card (automatic),78.09,2876.23,0
CUST-04678,Female,0,No,No,68,Yes,No,DSL,No,Yes,No,No,Yes,No,Month-to-month,No,Electronic check,84.99,5786.4,0
CUST-04679,Female,0,Yes,Yes,40,Yes,Yes,DSL,No,No,No,No,No,No,Month-to-month,No,Mailed check,85.39,3376.11,0
CUST-04680,Female,0,No,No,45,Yes,No,DSL,No,No,No,No,Yes,No,Month-to-month,No,Electronic check,59.99,2632.01,0
CUST-04681,Male,0,No,No,44,Yes,Yes,DSL,No,Yes,Yes,No,Yes,Yes,Month-to-month,No,Bank transfer (automatic),86.75,3832.28,0
CUST-04682,Male,0,Yes,Yes,26,No,No phone service,Fiber optic,Yes,No,No,Yes,Yes,No,Month-to-month,No,Mailed check,73.73,1918.78,0
CUST-04683,Female,0,No,No,64,Yes,No,Fiber optic,No,Yes,No,No,Yes,Yes,Month-to-month,No,Credit card (automatic),118.14,7507.02,1
CUST-04684,Male,0,Yes,No,7,No,No phone service,DSL,No,Yes,No,No,No,Yes,Month-to-month,No,Bank transfer (automatic),60.31,420.64,0
CUST-04685,Female,0,No,Yes,66,Yes,No,DSL,No,Yes,No,No,Yes,No,Two year,No,Bank transfer (automatic),33.3,2249.64,0
CUST-04686,Male,0,Yes,No,48,Yes,Yes,Fiber optic,No,No,No,Yes,Yes,No,One year,No,Electronic check,92.09,4497.9,0
CUST-04687,Male,0,Yes,No,13,Yes,Yes,Fiber optic,No,Yes,Yes,No,Yes,Yes,Month-to-month,No,Bank transfer (automatic),80.2,1048.97,1
CUST-04688,Male,0,No,No,61,Yes,Yes,Fiber optic,Yes,Yes,Yes,Yes,No,No,One year,Yes,Mailed check,56.23,3436.25,0
CUST-04689,Female,0,No,No,42,Yes,No,DSL,No,Yes,No,No,No,Yes,Two year,Yes,Mailed check,67.67,2873.28,0
CUST-04690,Female,0,Yes,No,26,No,No phone service,No,No internet service,No internet service,No internet service,No internet service,No internet service,No internet service,Two year,Yes,Bank transfer (automatic),78.46,2098.21,0
CUST-04691,Male,1,No,Yes,26,No,No phone service,Fiber optic,Yes,Yes,Yes,No,No,Yes,Month-to-month,No,Credit card (automatic),64.13,1676.55,0
CUST-04692,Male,0,Yes,Yes,67,Yes,No,Fiber optic,Yes,No,No,No,No,Yes,One year,Yes,Electronic check,51.54,3470.69,0
CUST-04693,Male,0,No,Yes,47,Yes,Yes,DSL,No,No,Yes,No,Yes,Yes,Two year,Yes,Bank transfer (automatic),71.54,3342.42,0
CUST-04694,Female,1,No,No,66,Yes,Yes,DSL,No,No,No,No,Yes,Yes,Month-to-month,Yes,Credit card (automatic),101.27,6675.93,0
CUST-04695,Male,0,Yes,No,24,Yes,Yes,Fiber optic,No,Yes,No,Yes,No,Yes,Two year,Yes,Electronic check,64.29,1511.16,0
CUST-04696,Female,0,Yes,Yes,63,Yes,Yes,DSL,No,No,Yes,No,Yes,No,Two year,No,Mailed check,84.04,5242.79,0
CUST-04697,Female,0,Yes,No,23,Yes,Yes,DSL,No,No,Yes,No,No,Yes,One year,Yes,Bank transfer (automatic),68.66,1518.93,0
CUST-04698,Female,0,Yes,No,8,Yes,Yes,Fiber optic,No,No,No,Yes,No,No,Two year,No,Credit card (automatic),40.23,278.73,0
CUST-04699,Male,0,Yes,Yes,7,Yes,Yes,Fiber optic,No,No,No,No,Yes,No,Month-to-month,Yes,Credit card (automatic),68.31,431.62,1
CUST-04700,Female,0,No,No,58,Yes,Yes,Fiber optic,No,Yes,No,No,No,No,Two year,Yes,Electronic check,66.92,3896.3,0
CUST-04701,Male,0,No,No,16,Yes,Yes,Fiber optic,Yes,No,No,No,Yes,No,One year,Yes,Credit card (automatic),91.19,1481.44,0
CUST-04702,Male,0,Yes,No,42,Yes,No,Fiber optic,Yes,No,No,No,Yes,Yes,Month-to-month,Yes,Mailed check,106.72,4461.21,1
CUST-04703,Female,0,No,No,67,Yes,No,Fiber optic,No,No,No,No,Yes,Yes,Two year,No,Mailed check,101.35,6748.5,0
CUST-04704,Female,0,No,No,3,No,No phone service,No,No internet service,No internet service,No internet service,No internet service,No internet service,No internet service,Two year,Yes,Credit card (automatic),52.04,263.71,0
CUST-04705,Male,0,No,No,7,Yes,No,Fiber optic,No,No,No,No,No,No,One year,Yes,Bank transfer (automatic),41.9,271.25,0
CUST-04706,Male,0,Yes,No,41,No,No phone service,Fiber optic,No,No,No,Yes,Yes,No,Month-to-month,Yes,Mailed check,37.85,1522.19,0
CUST-04707,Female,0,No,No,48,Yes,No,DSL,No,No,Yes,No,No,No,One year,Yes,Mailed check,80.9,3804.55,0
CUST-04708,Male,0,Yes,No,5,Yes,Yes,No,No internet service,No internet service,No internet service,No internet service,No internet service,No internet service,Two year,No,Mailed check,52.97,290.7,0
CUST-04709,Female,0,Yes,Yes,72,Yes,No,DSL,No,No,No,No,No,No,Month-to-month,Yes,Electronic check,52.18,3847.92,0
CUST-04710,Female,0,Yes,No,41,Yes,Yes,Fiber optic,Yes,Yes,Yes,No,No,No,Two year,Yes,Bank transfer (automatic),118.75,4859.42,0
CUST-04711,Male,0,Yes,No,71,Yes,No,Fiber optic,No,No,No,No,No,Yes,Two year,Yes,Credit card (automatic),92.02,6516.07,0
CUST-04712,Male,1,Yes,Yes,31,Yes,Yes,Fiber optic,No,No,No,No,No,No,Month-to-month,No,Electronic check,82.71,2577.84,1
CUST-04713,Male,0,No,No,14,Yes,Yes,Fiber optic,No,No,No,No,Yes,No,Month-to-month,Yes,Credit card (automatic),79.1,1122.78,0
CUST-04714,Female,0,Yes,Yes,68,Yes,No,Fiber optic,No,No,No,No,Yes,No,Month-to-month,No,Mailed check,118.75,7950.22,1
CUST-04715,Female,0,No,No,26,Yes,No,DSL,No,No,No,No,No,Yes,One year,No,Electronic check,69.44,1837.82,0
CUST-04716,Male,0,Yes,Yes,65,No,No phone service,Fiber optic,No,No,No,Yes,Yes,No,Month-to-month,Yes,Electronic check,94.47,6234.3,1
CUST-04717,Female,0,No,Yes,58,Yes,Yes,No,No internet service,No internet service,No internet service,No internet service,No internet service,No internet service,One year,Yes,Mailed check,100.64,5839.92,0
CUST-04718,Female,0,No,No,27,Yes,Yes,DSL,No,Yes,No,No,Yes,Yes,One year,No,Mailed check,118.75,3200.82,0
CUST-04719,Male,0,Yes,No,23,No,No phone service,DSL,No,Yes,No,No,No,Yes,Month-to-month,Yes,Electronic check,73.16,1722.41,1
CUST-04720,Female,0,Yes,Yes,50,No,No phone service,Fiber optic,Yes,No,No,Yes,No,No,Month-to-month,No,Bank transfer (automatic),107.81,5424.3,0
CUST-04721,Male,0,No,No,20,Yes,No,No,No internet service,No internet service,No internet service,No internet service,No internet service,No internet service,Two year,Yes,Mailed check,27.07,550.05,0
CUST-04722,Male,0,Yes,Yes,30,Yes,No,DSL,No,Yes,No,No,No,Yes,Month-to-month,No,Credit card (automatic),118.75,3601.15,1
CUST-04723,Male,0,Yes,No,49,Yes,Yes,DSL,Yes,No,No,No,Yes,No,Month-to-month,Yes,Electronic check,87.37,4322.15,0
CUST-04724,Male,0,Yes,No,39,Yes,Yes,Fiber optic,No,No,No,No,Yes,Yes,One year,Yes,Bank transfer (automatic),94.3,3619.04,0
CUST-04725,Male,0,No,Yes,67,Yes,Yes,DSL,No,No,Yes,No,Yes,Yes,One year,No,Electronic check,47.21,3105.64,0
CUST-04726,Male,1,No,No,15,Yes,No,Fiber optic,Yes,Yes,Yes,No,Yes,Yes,Month-to-month,No,Electronic check,38.37,510.98,0
CUST-04727,Female,0,No,Yes,62,Yes,No,No,No internet service,No internet service,No internet service,No internet service,No internet service,No internet service,One year,No,Electronic check,62.46,3796.84,0
CUST-04728,Female,0,No,Yes,55,Yes,No,DSL,No,Yes,Yes,No,No,Yes,Month-to-month,No,Electronic check,78.13,4337.68,0
CUST-04729,Female,0,No,No,23,Yes,Yes,Fiber optic,No,No,Yes,No,No,No,Two year,Yes,Electronic check,66.83,1577.73,0
CUST-04730,Male,0,No,No,27,Yes,Yes,Fiber optic,No,Yes,Yes,No,No,Yes,Two year,Yes,Electronic check,63.5,1736.89,0
CUST-04731,Male,0,No,No,30,Yes,Yes,No,No internet service,No internet service,No internet service,No internet service,No internet service,No internet service,Month-to-month,No,Electronic check,69.24,2160.3,0
CUST-04732,Male,0,Yes,No,14,Yes,No,No,No internet service,No internet service,No internet service,No internet service,No internet service,No internet service,Two year,Yes,Bank transfer (automatic),18.25,240.08,0
CUST-04733,Female,0,Yes,No,41,Yes,Yes,Fiber optic,No,No,No,Yes,No,No,Two year,Yes,Mailed check,86.36,3506.26,0
CUST-04734,Female,0,No,No,49,Yes,No,Fiber optic,No,No,Yes,No,Yes,Yes,Month-to-month,Yes,Mailed check,72.56,3561.57,0
CUST-04735,Male,0,No,No,4,Yes,No,Fiber optic,No,No,Yes,No,No,No,Month-to-month,No,Electronic check,94.33,434.43,1
CUST-04736,Male,0,Yes,No,47,Yes,Yes,DSL,No,Yes,Yes,Yes,No,No,One year,Yes,Electronic check,64.63,3008.07,0
CUST-04737,Female,0,Yes,No,12,Yes,Yes,DSL,Yes,No,No,No,No,No,Month-to-month,No,Mailed check,62.37,845.54,0
CUST-04738,Male,0,No,No,31,Yes,No,No,No internet service,No internet service,No internet service,No internet service,No internet service,No internet service,Month-to-month,Yes,Credit card (automatic),78.26,2422.47,0
CUST-04739,Male,0,No,No,66,Yes,Yes,Fiber optic,No,Yes,Yes,No,No,Yes,Month-to-month,No,Mailed check,96.27,6379.47,0
CUST-04740,Female,0,Yes,No,29,Yes,No,DSL,Yes,No,No,No,Yes,No,Month-to-month,Yes,Electronic check,102.79,2989.04,1
CUST-04741,Female,0,No,No,5,Yes,No,No,No internet service,No internet service,No internet service,No internet service,No internet service,No internet service,Month-to-month,No,Electronic check,69.68,328.55,1
CUST-04742,Male,0,No,No,24,Yes,Yes,Fiber optic,Yes,No,Yes,No,Yes,No,One year,Yes,Electronic check,84.05,2062.71,0
CUST-04743,Male,1,No,No,27,Yes,No,DSL,Yes,No,No,No,No,No,One year,Yes,Mailed check,74.58,1839.91,0
CUST-04744,Female,0,Yes,No,61,Yes,No,DSL,Yes,No,No,No,Yes,No,Month-to-month,Yes,Bank transfer (automatic),71.13,4322.0,0
CUST-04745,Male,0,Yes,No,21,Yes,No,DSL,No,Yes,Yes,No,Yes,Yes,One year,No,Bank transfer (automatic),24.86,561.82,0
CUST-04746,Male,0,Yes,No,67,Yes,No,No,No internet service,No internet service,No internet service,No internet service,No internet service,No internet service,Two year,No,Mailed check,84.45,5585.56,0
CUST-04747,Male,0,Yes,No,14,Yes,Yes,No,No internet service,No internet service,No internet service,No internet service,No internet service,No internet service,Two year,Yes,Credit card (automatic),49.18,653.48,0
CUST-04748,Male,0,No,No,25,Yes,No,DSL,No,Yes,No,No,Yes,Yes,Two year,No,Electronic check,95.24,2356.34,0
CUST-04749,Male,0,Yes,No,62,Yes,No,No,No internet service,No internet service,No internet service,No internet service,No internet service,No internet service,Month-to-month,No,Electronic check,56.91,3511.92,0
CUST-04750,Female,1,No,No,17,Yes,No,Fiber optic,No,No,Yes,Yes,No,Yes,Month-to-month,Yes,Credit card (automatic),58.16,958.6,0
CUST-04751,Male,0,Yes,No,72,Yes,Yes,Fiber optic,Yes,No,No,No,No,Yes,Two year,No,Mailed check,59.45,4229.47,0
CUST-04752,Male,0,Yes,Yes,62,Yes,Yes,DSL,No,Yes,Yes,Yes,No,Yes,Two year,Yes,Mailed check,91.94,5696.73,0
CUST-04753,Female,0,No,Yes,61,Yes,Yes,Fiber optic,No,No,Yes,No,No,No,One year,Yes,Credit card (automatic),70.89,4364.57,0
CUST-04754,Female,0,No,No,67,Yes,No,DSL,No,Yes,Yes,No,No,No,One year,Yes,Credit card (automatic),93.51,6284.29,0
CUST-04755,Female,0,Yes,No,47,Yes,Yes,DSL,Yes,No,Yes,Yes,No,No,One year,No,Mailed check,18.25,909.09,0
CUST-04756,Female,0,No,No,49,Yes,No,DSL,No,Yes,Yes,No,Yes,Yes,Month-to-month,Yes,Credit card (automatic),118.75,5808.72,1
CUST-04757,Male,0,Yes,Yes,62,Yes,Yes,DSL,No,No,No,No,No,No,Month-to-month,Yes,Mailed check,53.35,3370.66,0
CUST-04758,Female,1,No,No,68,Yes,Yes,No,No internet service,No internet service,No internet service,No internet service,No internet service,No internet service,Month-to-month,No,Electronic check,98.66,6645.09,1
CUST-04759,Male,0,No,No,5,Yes,Yes,No,No internet service,No internet service,No internet service,No internet service,No internet service,No internet service,One year,No,Credit card (automatic),83.19,481.51,0
CUST-04760,Female,0,Yes,No,57,Yes,No,No,No internet service,No internet service,No internet service,No internet service,No internet service,No internet service,One year,No,Credit card (automatic),95.71,5510.08,0
CUST-04761,Female,1,No,No,50,Yes,No,DSL,Yes,No,No,No,No,No,Month-to-month,Yes,Bank transfer (automatic),56.5,2746.12,0
CUST-04762,Female,0,No,No,11,Yes,Yes,Fiber optic,No,No,No,No,No,No,Month-to-month,Yes,Mailed check,63.05,716.96,1
CUST-04763,Female,1,Yes,No,46,Yes,No,Fiber optic,No,No,No,No,Yes,No,Two year,No,Credit card (automatic),86.35,3965.79,0
CUST-04764,Male,1,Yes,Yes,8,Yes,Yes,Fiber optic,No,Yes,No,No,Yes,No,Month-to-month,No,Mailed check,71.21,564.37,0
CUST-04765,Female,1,No,No,6,Yes,No,DSL,Yes,No,Yes,No,Yes,No,Two year,No,Bank transfer (automatic),48.1,291.9,0
CUST-04766,Female,0,Yes,No,28,Yes,No,Fiber optic,Yes,Yes,Yes,No,No,Yes,One year,No,Electronic check,88.22,2439.2,0
CUST-04767,Female,0,Yes,No,50,Yes,Yes,DSL,No,Yes,No,Yes,Yes,No,Month-to-month,No,Electronic check,118.75,5984.44,1
CUST-04768,Male,0,No,Yes,54,Yes,Yes,No,No internet service,No internet service,No internet service,No internet service,No internet service,No internet service,Month-to-month,No,Mailed check,66.96,3616.04,0
CUST-04769,Female,1,Yes,No,58,Yes,Yes,Fiber optic,No,Yes,No,No,Yes,No,One year,Yes,Mailed check,90.26,5178.85,0
CUST-04770,Male,0,Yes,No,55,No,No phone service,Fiber optic,Yes,No,No,No,No,Yes,One year,Yes,Bank transfer (automatic),83.34,4581.82,0
CUST-04771,Male,0,No,No,21,Yes,No,Fiber optic,Yes,No,No,No,Yes,No,Month-to-month,Yes,Electronic check,63.65,1312.94,0
CUST-04772,Male,0,No,No,17,No,No phone service,DSL,No,No,Yes,No,Yes,No,Month-to-month,No,Bank transfer (automatic),92.52,1603.63,0
CUST-04773,Male,0,Yes,Yes,57,Yes,No,DSL,No,No,No,No,No,No,Month-to-month,No,Credit card (automatic),97.73,5504.85,0
CUST-04774,Female,0,Yes,No,39,Yes,No,DSL,No,No,No,No,Yes,No,One year,Yes,Credit card (automatic),61.67,2505.27,0
CUST-04775,Male,0,No,No,30,Yes,Yes,No,No internet service,No internet service,No internet service,No internet service,No internet service,No internet service,Month-to-month,Yes,Bank transfer (automatic),109.99,3305.73,0
CUST-04776,Female,0,No,No,55,Yes,Yes,DSL,No,No,No,No,Yes,Yes,One year,No,Bank transfer (automatic),77.91,4223.24,0
CUST-04777,Male,0,Yes,No,34,Yes,No,Fiber optic,No,No,No,No,No,Yes,Two year,Yes,Credit card (automatic),101.61,3444.64,0
CUST-04778,Male,1,Yes,No,25,Yes,No,DSL,Yes,No,No,Yes,Yes,No,Month-to-month,Yes,Mailed check,82.08,2027.87,0
CUST-04779,Male,0,Yes,No,67,Yes,No,DSL,No,No,No,No,No,Yes,Month-to-month,Yes,Credit card (automatic),80.3,5340.35,0
CUST-04780,Male,0,No,No,33,Yes,No,DSL,No,Yes,No,Yes,Yes,No,Month-to-month,No,Mailed check,74.38,2475.79,0
CUST-04781,Male,0,No,Yes,15,Yes,Yes,Fiber optic,No,No,No,No,No,No,Month-to-month,Yes,Mailed check,88.99,1446.37,0
CUST-04782,Male,0,No,No,41,Yes,Yes,Fiber optic,Yes,Yes,No,No,No,Yes,Month-to-month,Yes,Electronic check,48.2,2069.67,0
CUST-04783,Female,0,No,Yes,4,Yes,No,Fiber optic,No,No,Yes,No,No,No,Month-to-month,No,Credit card (automatic),79.84,329.42,1
CUST-04784,Male,1,No,Yes,60,Yes,No,DSL,No,No,Yes,No,Yes,No,Month-to-month,Yes,Electronic check,111.09,6626.37,1
CUST-04785,Male,0,Yes,No,43,Yes,No,DSL,No,No,No,Yes,No,Yes,Month-to-month,Yes,Electronic check,88.74,3829.82,0
CUST-04786,Male,0,No,No,34,Yes,Yes,Fiber optic,No,No,No,No,No,Yes,Month-to-month,No,Electronic check,31.05,1092.6,0
CUST-04787,Female,0,No,No,0,Yes,Yes,DSL,No,No,No,No,No,No,Two year,No,Electronic check,35.42,0.0,0
CUST-04788,Female,0,No,Yes,42,Yes,Yes,DSL,No,No,No,No,No,Yes,Month-to-month,Yes,Credit card (automatic),76.36,3244.37,0
CUST-04789,Female,0,Yes,No,31,Yes,No,DSL,No,No,No,Yes,Yes,No,Two year,Yes,Credit card (automatic),54.63,1715.72,0
CUST-04790,Male,0,No,No,62,Yes,No,Fiber optic,Yes,No,Yes,Yes,Yes,No,Month-to-month,Yes,Credit card (automatic),100.85,6266.93,0
CUST-04791,Male,0,Yes,Yes,32,Yes,Yes,Fiber optic,No,No,No,Yes,Yes,Yes,Month-to-month,Yes,Electronic check,62.59,1942.07,1
CUST-04792,Female,0,Yes,No,65,No,No phone service,DSL,No,No,No,No,No,No,One year,Yes,Electronic check,92.81,6026.13,0
CUST-04793,Male,0,No,No,29,Yes,No,Fiber optic,No,No,Yes,No,No,Yes,Month-to-month,Yes,Electronic check,118.75,3539.29,1
CUST-04794,Male,0,No,Yes,9,Yes,Yes,Fiber optic,No,Yes,No,No,Yes,No,Two year,Yes,Bank transfer (automatic),71.83,670.96,0
CUST-04795,Male,0,Yes,No,22,Yes,Yes,Fiber optic,No,Yes,No,No,No,No,One year,No,Electronic check,47.76,1109.14,0
CUST-04796,Male,0,No,No,38,Yes,Yes,DSL,Yes,No,No,No,No,No,Month-to-month,Yes,Credit card (automatic),85.17,3337.03,0
CUST-04797,Male,1,Yes,No,44,Yes,Yes,Fiber optic,No,No,No,Yes,Yes,No,Month-to-month,No,Credit card (automatic),83.18,3600.96,0
CUST-04798,Female,0,Yes,Yes,28,Yes,No,Fiber optic,Yes,No,No,No,No,Yes,Two year,Yes,Electronic check,80.14,2373.87,0
CUST-04799,Male,0,Yes,No,29,Yes,Yes,DSL,Yes,No,No,No,Yes,No,Two year,No,Bank transfer (automatic),108.23,3187.33,0
CUST-04800,Female,1,No,No,33,Yes,Yes,Fiber optic,No,Yes,No,No,Yes,No,Month-to-month,Yes,Mailed check,44.93,1540.79,0
CUST-04801,Male,0,No,No,51,Yes,Yes,Fiber optic,No,No,Yes,No,No,No,One year,Yes,Electronic check,102.07,5172.06,1
CUST-04802,Male,0,No,Yes,21,Yes,Yes,Fiber optic,No,No,Yes,No,Yes,No,One year,No,Bank transfer (automatic),57.76,1249.17,0
CUST-04803,Female,0,No,No,4,Yes,No,DSL,No,No,No,No,Yes,No,Two year,No,Credit card (automatic),105.07,380.22,0
CUST-04804,Male,0,Yes,No,10,Yes,Yes,DSL,Yes,No,No,No,No,Yes,Two year,Yes,Credit card (automatic),18.33,190.78,0
CUST-04805,Female,0,Yes,Yes,31,Yes,No,Fiber optic,No,No,No,No,Yes,Yes,Month-to-month,No,Electronic check,118.75,3698.09,1
CUST-04806,Female,0,No,No,23,Yes,Yes,Fiber optic,Yes,No,No,Yes,No,No,Two year,No,Mailed check,66.42,1515.72,0
CUST-04807,Male,0,Yes,No,10,Yes,No,Fiber optic,Yes,Yes,No,No,No,No,Two year,Yes,Bank transfer (automatic),41.13,468.83,0
CUST-04808,Female,0,No,Yes,10,Yes,No,Fiber optic,Yes,No,No,No,Yes,No,Month-to-month,Yes,Electronic check,94.08,914.81,1
CUST-04809,Male,1,No,No,16,Yes,Yes,Fiber optic,Yes,Yes,No,No,Yes,No,One year,No,Electronic check,85.01,1259.55,0
CUST-04810,Female,0,No,No,31,No,No phone service,Fiber optic,No,No,No,No,No,Yes,Month-to-month,Yes,Bank transfer (automatic),85.64,2642.65,1
CUST-04811,Male,0,Yes,Yes,26,Yes,Yes,DSL,Yes,Yes,No,No,No,No,Month-to-month,Yes,Bank transfer (automatic),96.85,2580.78,0
CUST-04812,Female,0,Yes,No,31,Yes,Yes,Fiber optic,No,No,Yes,No,No,Yes,One year,Yes,Bank transfer (automatic),75.22,2454.61,0
CUST-04813,Male,0,Yes,No,60,No,No phone service,Fiber optic,No,No,Yes,No,Yes,No,Month-to-month,No,Credit card (automatic),71.02,4326.99,0
CUST-04814,Female,0,Yes,Yes,24,No,No phone service,DSL,No,No,No,No,No,Yes,Two year,No,Mailed check,44.35,1117.74,0
CUST-04815,Female,1,No,No,63,Yes,Yes,DSL,No,No,No,No,Yes,No,Month-to-month,No,Bank transfer (automatic),75.9,4762.77,0
CUST-04816,Female,0,Yes,No,63,Yes,Yes,DSL,No,No,No,No,No,Yes,One year,Yes,Electronic check,65.96,4270.65,0
CUST-04817,Female,0,Yes,No,27,Yes,Yes,Fiber optic,No,No,No,No,No,No,Month-to-month,Yes,Credit card (automatic),73.54,2019.8,0
CUST-04818,Female,0,Yes,No,39,Yes,No,DSL,No,No,No,No,No,No,One year,Yes,Credit card (automatic),78.24,3087.53,0
CUST-04819,Female,0,Yes,No,13,Yes,Yes,No,No internet service,No internet service,No internet service,No internet service,No internet service,No internet service,Month-to-month,No,Credit card (automatic),115.24,1529.53,0
CUST-04820,Male,0,No,No,41,Yes,Yes,No,No internet service,No internet service,No internet service,No internet service,No internet service,No internet service,Two year,Yes,Mailed check,57.01,2279.5,0
CUST-04821,Male,0,Yes,No,38,Yes,No,No,No internet service,No internet service,No internet service,No internet service,No internet service,No internet service,Two year,Yes,Mailed check,71.75,2745.69,0
CUST-04822,Male,0,Yes,No,1,Yes,Yes,Fiber optic,No,Yes,Yes,No,No,No,Month-to-month,No,Electronic check,59.25,0.0,1
CUST-04823,Male,0,Yes,No,0,Yes,Yes,No,No internet service,No internet service,No internet service,No internet service,No internet service,No internet service,Month-to-month,No,Electronic check,34.93,0.0,0
CUST-04824,Male,0,Yes,No,31,Yes,Yes,DSL,No,No,Yes,No,No,No,Month-to-month,No,Electronic check,118.75,3698.06,1
CUST-04825,Female,0,Yes,No,63,Yes,No,Fiber optic,No,No,No,No,No,Yes,One year,Yes,Electronic check,55.35,3455.45,0
CUST-04826,Male,0,Yes,No,30,Yes,Yes,Fiber optic,No,No,No,No,Yes,Yes,Month-to-month,Yes,Mailed check,83.4,2558.31,0
CUST-04827,Female,0,Yes,Yes,57,Yes,No,DSL,Yes,No,No,Yes,No,Yes,Month-to-month,No,Electronic check,118.75,6750.83,0
CUST-04828,Male,0,No,No,13,Yes,Yes,DSL,No,No,No,No,Yes,No,One year,Yes,Mailed check,40.82,513.95,0
CUST-04829,Male,0,No,No,68,Yes,Yes,Fiber optic,No,No,No,Yes,Yes,Yes,Month-to-month,Yes,Electronic check,101.35,6918.5,1
CUST-04830,Female,0,No,No,15,Yes,Yes,DSL,No,Yes,No,No,Yes,Yes,Month-to-month,Yes,Mailed check,33.6,503.21,0
CUST-04831,Female,0,Yes,No,68,Yes,No,Fiber optic,No,No,No,No,No,No,Two year,Yes,Bank transfer (automatic),59.38,4049.51,0
CUST-04832,Female,1,Yes,Yes,53,Yes,No,No,No internet service,No internet service,No internet service,No internet service,No internet service,No internet service,Month-to-month,Yes,Electronic check,91.39,4895.29,1
CUST-04833,Female,0,No,No,12,Yes,Yes,DSL,Yes,No,No,Yes,Yes,No,Month-to-month,No,Electronic check,64.85,741.28,0
CUST-04834,Male,1,Yes,No,30,Yes,Yes,Fiber optic,No,No,No,No,Yes,No,One year,Yes,Bank transfer (automatic),110.53,3274.75,1
CUST-04835,Female,0,No,No,68,Yes,No,Fiber optic,No,Yes,Yes,No,No,No,Two year,Yes,Electronic check,82.66,5609.24,0
CUST-04836,Male,0,Yes,Yes,20,Yes,Yes,DSL,No,Yes,No,No,Yes,No,One year,Yes,Credit card (automatic),85.8,1712.85,0
CUST-04837,Male,1,Yes,No,29,Yes,No,No,No internet service,No internet service,No internet service,No internet service,No internet service,No internet service,Month-to-month,No,Mailed check,56.78,1678.73,0
CUST-04838,Male,0,No,No,22,Yes,No,No,No internet service,No internet service,No internet service,No internet service,No internet service,No internet service,Two year,No,Electronic check,47.09,1133.07,0
CUST-04839,Male,0,Yes,Yes,37,Yes,Yes,DSL,No,Yes,Yes,No,Yes,No,One year,No,Credit card (automatic),46.24,1708.74,0
CUST-04840,Male,0,Yes,No,28,Yes,Yes,DSL,No,Yes,Yes,No,No,No,Month-to-month,Yes,Electronic check,50.52,1416.37,0
CUST-04841,Female,1,Yes,No,31,Yes,No,No,No internet service,No internet service,No internet service,No internet service,No internet service,No internet service,Month-to-month,Yes,Bank transfer (automatic),56.93,1732.25,0
CUST-04842,Female,1,Yes,No,61,Yes,No,No,No internet service,No internet service,No internet service,No internet service,No internet service,No internet service,Month-to-month,Yes,Bank transfer (automatic),107.4,6512.76,1
CUST-04843,Male,0,Yes,No,44,Yes,No,Fiber optic,No,No,Yes,No,No,No,Month-to-month,Yes,Electronic check,86.2,3826.66,1
CUST-04844,Male,0,No,No,48,Yes,Yes,DSL,No,No,Yes,No,No,No,One year,Yes,Bank transfer (automatic),44.72,2148.51,0
CUST-04845,Male,0,No,No,32,Yes,No,Fiber optic,No,No,Yes,No,No,No,Month-to-month,Yes,Bank transfer (automatic),64.15,2115.15,0
CUST-04846,Male,0,No,Yes,3,Yes,Yes,DSL,No,Yes,No,No,No,Yes,Month-to-month,No,Credit card (automatic),69.66,265.89,0
CUST-04847,Female,1,Yes,Yes,17,Yes,Yes,No,No internet service,No internet service,No internet service,No internet service,No internet service,No internet service,Month-to-month,No,Bank transfer (automatic),118.75,2062.22,1
CUST-04848,Male,0,No,Yes,69,Yes,No,No,No internet service,No internet service,No internet service,No internet service,No internet service,No internet service,Month-to-month,Yes,Mailed check,79.8,5433.15,0
CUST-04849,Female,0,No,Yes,63,Yes,No,Fiber optic,Yes,No,No,Yes,Yes,Yes,Month-to-month,No,Credit card (automatic),90.09,5709.84,0
CUST-04850,Male,0,Yes,No,27,Yes,Yes,DSL,No,No,No,Yes,No,No,Two year,Yes,Electronic check,48.94,1274.64,0
CUST-04851,Female,0,No,No,57,Yes,No,Fiber optic,No,No,No,No,Yes,Yes,Month-to-month,No,Credit card (automatic),95.93,5373.81,0
CUST-04852,Male,1,No,Yes,55,No,No phone service,DSL,No,Yes,No,No,Yes,No,Two year,No,Credit card (automatic),112.15,6179.3,0
CUST-04853,Female,0,No,Yes,19,Yes,Yes,DSL,No,No,Yes,No,No,No,Two year,Yes,Bank transfer (automatic),68.87,1376.43,0
CUST-04854,Male,0,Yes,No,33,Yes,No,Fiber optic,Yes,No,No,No,Yes,No,One year,Yes,Electronic check,89.97,3004.6,0
CUST-04855,Female,1,Yes,Yes,9,Yes,No,Fiber optic,No,Yes,No,No,Yes,No,Month-to-month,Yes,Bank transfer (automatic),85.64,726.67,1
CUST-04856,Male,0,No,No,21,Yes,No,Fiber optic,No,Yes,No,No,Yes,No,Month-to-month,Yes,Credit card (automatic),74.65,1707.47,1
CUST-04857,Male,0,Yes,Yes,4,Yes,No,No,No internet service,No internet service,No internet service,No internet service,No internet service,No internet service,Month-to-month,Yes,Bank transfer (automatic),102.83,452.15,1
CUST-04858,Female,0,No,No,43,Yes,No,Fiber optic,No,Yes,Yes,No,Yes,No,Month-to-month,Yes,Credit card (automatic),56.0,2365.91,0
CUST-04859,Female,0,No,No,8,Yes,No,Fiber optic,No,No,Yes,No,Yes,No,Month-to-month,No,Electronic check,49.31,292.2,1
CUST-04860,Female,0,No,No,42,Yes,Yes,Fiber optic,Yes,No,Yes,Yes,No,Yes,Month-to-month,Yes,Electronic check,75.94,3179.25,0
CUST-04861,Female,1,Yes,No,3,Yes,Yes,DSL,Yes,Yes,Yes,No,No,Yes,Month-to-month,No,Electronic check,61.08,85.04,1
CUST-04862,Female,0,No,No,41,Yes,No,Fiber optic,No,No,Yes,Yes,No,Yes,Month-to-month,Yes,Mailed check,18.25,696.76,0
CUST-04863,Male,1,Yes,Yes,64,Yes,No,Fiber optic,No,No,No,No,Yes,No,Month-to-month,No,Mailed check,60.61,3794.09,0
CUST-04864,Male,0,No,No,40,Yes,Yes,No,No internet service,No internet service,No internet service,No internet service,No internet service,No internet service,Month-to-month,Yes,Credit card (automatic),22.3,854.32,0
CUST-04865,Male,0,No,No,63,Yes,Yes,Fiber optic,No,No,No,Yes,Yes,Yes,Month-to-month,Yes,Electronic check,70.73,4429.31,0
CUST-04866,Female,0,Yes,No,54,Yes,No,DSL,Yes,No,Yes,Yes,Yes,Yes,One year,Yes,Mailed check,95.33,5104.13,0
CUST-04867,Male,0,No,No,17,Yes,Yes,DSL,No,Yes,No,No,No,No,Month-to-month,Yes,Mailed check,73.71,1368.08,0
CUST-04868,Male,0,Yes,No,15,Yes,Yes,Fiber optic,No,Yes,No,No,No,Yes,One year,Yes,Credit card (automatic),75.42,1121.96,0
CUST-04869,Female,1,Yes,No,45,Yes,Yes,DSL,No,No,Yes,No,No,Yes,Month-to-month,No,Bank transfer (automatic),72.36,3322.61,0
CUST-04870,Female,0,Yes,No,35,Yes,No,Fiber optic,No,No,Yes,No,Yes,Yes,One year,Yes,Mailed check,80.15,2833.71,0
CUST-04871,Male,0,Yes,No,65,Yes,Yes,DSL,No,No,Yes,No,No,No,Month-to-month,Yes,Bank transfer (automatic),118.75,7708.4,0
CUST-04872,Male,0,Yes,Yes,43,Yes,No,No,No internet service,No internet service,No internet service,No internet service,No internet service,No internet service,Two year,Yes,Bank transfer (automatic),67.17,2864.4,0
CUST-04873,Male,0,Yes,No,4,Yes,No,DSL,Yes,No,Yes,No,No,No,Month-to-month,Yes,Electronic check,70.22,348.43,1
CUST-04874,Male,0,No,No,28,Yes,No,Fiber optic,Yes,No,Yes,No,Yes,No,One year,Yes,Bank transfer (automatic),52.28,1412.03,0
CUST-04875,Male,0,No,Yes,3,Yes,Yes,DSL,Yes,No,No,No,Yes,Yes,Month-to-month,Yes,Electronic check,22.82,37.12,0
CUST-04876,Female,0,No,Yes,48,Yes,Yes,Fiber optic,No,No,No,Yes,Yes,No,Two year,Yes,Electronic check,83.3,3966.31,0
CUST-04877,Female,0,Yes,Yes,71,Yes,Yes,DSL,Yes,No,Yes,No,No,No,Month-to-month,No,Mailed check,108.15,7682.39,0
CUST-04878,Female,0,No,No,7,Yes,No,Fiber optic,No,No,No,Yes,Yes,Yes,Month-to-month,Yes,Credit card (automatic),118.75,785.81,1
CUST-04879,Male,0,No,No,51,Yes,No,Fiber optic,No,Yes,Yes,Yes,No,No,Month-to-month,Yes,Credit card (automatic),72.39,3738.73,0
CUST-04880,Female,0,Yes,Yes,68,Yes,Yes,Fiber optic,No,No,No,No,No,Yes,One year,Yes,Credit card (automatic),72.96,5015.02,0
CUST-04881,Male,0,No,No,20,Yes,No,Fiber optic,No,No,No,Yes,No,Yes,Month-to-month,No,Electronic check,96.17,1887.51,1
CUST-04882,Male,0,Yes,No,26,No,No phone service,Fiber optic,Yes,No,No,No,No,No,One year,Yes,Credit card (automatic),116.42,3053.29,0
CUST-04883,Female,0,No,No,37,Yes,Yes,No,No internet service,No internet service,No internet service,No internet service,No internet service,No internet service,Two year,Yes,Bank transfer (automatic),44.25,1595.25,0
CUST-04884,Male,1,Yes,Yes,4,Yes,Yes,No,No internet service,No internet service,No internet service,No internet service,No internet service,No internet service,Month-to-month,Yes,Mailed check,87.17,357.62,1
CUST-04885,Male,0,Yes,No,60,Yes,No,Fiber optic,Yes,No,Yes,No,No,No,Month-to-month,Yes,Electronic check,118.75,7183.5,1
CUST-04886,Female,0,No,No,7,Yes,No,DSL,No,No,Yes,No,No,No,Two year,Yes,Bank transfer (automatic),64.75,458.41,0
CUST-04887,Male,1,Yes,No,17,Yes,No,No,No internet service,No internet service,No internet service,No internet service,No internet service,No internet service,Month-to-month,No,Electronic check,43.41,732.72,0
CUST-04888,Female,0,Yes,No,3,Yes,Yes,No,No internet service,No internet service,No internet service,No internet service,No internet service,No internet service,Two year,Yes,Bank transfer (automatic),90.05,384.53,0
CUST-04889,Male,0,No,No,3,Yes,No,Fiber optic,Yes,No,Yes,No,No,No,Month-to-month,No,Bank transfer (automatic),36.78,128.35,0
CUST-04890,Female,0,No,No,36,Yes,Yes,Fiber optic,No,No,No,No,Yes,Yes,Month-to-month,Yes,Mailed check,104.76,3729.2,1
CUST-04891,Male,0,No,Yes,14,Yes,Yes,DSL,No,No,Yes,No,Yes,No,Month-to-month,Yes,Credit card (automatic),118.75,1616.46,1
CUST-04892,Male,0,Yes,Yes,37,Yes,No,Fiber optic,Yes,Yes,No,No,No,No,One year,No,Electronic check,62.64,2431.65,0
CUST-04893,Female,0,Yes,No,26,Yes,Yes,No,No internet service,No internet service,No internet service,No internet service,No internet service,No internet service,Two year,Yes,Mailed check,115.06,2954.53,0
CUST-04894,Male,0,No,Yes,47,Yes,No,Fiber optic,Yes,Yes,Yes,No,No,No,Month-to-month,Yes,Bank transfer (automatic),92.31,4303.5,0
CUST-04895,Male,0,Yes,Yes,45,Yes,Yes,Fiber optic,Yes,No,No,Yes,No,Yes,Month-to-month,Yes,Bank transfer (automatic),110.9,4991.84,0
CUST-04896,Male,0,Yes,No,45,Yes,No,DSL,Yes,No,No,Yes,No,No,Two year,Yes,Mailed check,60.0,2736.59,0
CUST-04897,Male,0,No,Yes,47,Yes,No,Fiber optic,No,No,No,Yes,Yes,No,One year,No,Electronic check,92.11,4267.14,0
CUST-04898,Male,0,Yes,No,58,Yes,No,Fiber optic,No,No,No,No,Yes,No,Month-to-month,Yes,Electronic check,84.11,4864.45,1
CUST-04899,Male,0,Yes,No,3,Yes,Yes,DSL,Yes,No,No,No,Yes,No,Month-to-month,No,Bank transfer (automatic),50.78,85.27,0
CUST-04900,Female,0,Yes,No,18,No,No phone service,Fiber optic,Yes,Yes,No,No,Yes,No,Two year,Yes,Electronic check,63.7,1138.96,0
CUST-04901,Male,0,Yes,Yes,56,Yes,Yes,Fiber optic,No,No,Yes,No,Yes,No,One year,Yes,Bank transfer (automatic),92.18,5203.16,0
CUST-04902,Female,0,Yes,Yes,18,Yes,No,DSL,No,No,Yes,No,Yes,Yes,Month-to-month,Yes,Electronic check,44.38,786.28,0
CUST-04903,Male,0,Yes,Yes,41,Yes,No,DSL,Yes,No,Yes,No,No,Yes,Month-to-month,No,Bank transfer (automatic),45.66,1970.53,0
CUST-04904,Male,0,Yes,Yes,4,Yes,Yes,No,No internet service,No internet service,No internet service,No internet service,No internet service,No internet service,One year,No,Electronic check,38.63,112.18,0
CUST-04905,Female,1,No,Yes,47,Yes,Yes,DSL,No,No,No,No,No,No,Month-to-month,Yes,Mailed check,57.14,2696.47,0
CUST-04906,Male,0,No,No,24,Yes,No,Fiber optic,Yes,No,Yes,Yes,No,Yes,One year,Yes,Bank transfer (automatic),80.49,1997.13,0
CUST-04907,Female,1,Yes,No,66,Yes,No,Fiber optic,Yes,No,Yes,No,Yes,No,One year,No,Bank transfer (automatic),66.5,4439.45,0
CUST-04908,Male,0,Yes,No,25,Yes,Yes,No,No internet service,No internet service,No internet service,No internet service,No internet service,No internet service,One year,Yes,Electronic check,105.41,2767.38,1
CUST-04909,Female,0,Yes,No,61,Yes,No,No,No internet service,No internet service,No internet service,No internet service,No internet service,No internet service,Month-to-month,Yes,Mailed check,42.37,2600.76,0
CUST-04910,Female,0,Yes,No,6,Yes,No,Fiber optic,Yes,No,No,No,No,Yes,One year,No,Mailed check,83.66,457.22,0
CUST-04911,Female,0,Yes,No,43,Yes,No,Fiber optic,No,Yes,No,No,No,No,One year,No,Mailed check,66.8,2876.59,0
CUST-04912,Female,1,No,Yes,26,Yes,Yes,No,No internet service,No internet service,No internet service,No internet service,No internet service,No internet service,Month-to-month,Yes,Bank transfer (automatic),70.99,1803.83,0
CUST-04913,Female,0,No,No,41,Yes,No,Fiber optic,No,No,Yes,Yes,Yes,Yes,Month-to-month,Yes,Electronic check,92.8,3810.83,1
CUST-04914,Male,0,No,No,72,No,No phone service,Fiber optic,Yes,Yes,No,Yes,No,No,Month-to-month,No,Electronic check,18.25,1375.68,0
CUST-04915,Male,0,Yes,Yes,55,Yes,No,Fiber optic,No,Yes,Yes,Yes,Yes,Yes,Month-to-month,Yes,Electronic check,24.2,1365.83,0
CUST-04916,Female,1,Yes,No,2,Yes,No,Fiber optic,No,Yes,No,No,No,No,One year,Yes,Electronic check,68.71,132.2,1
CUST-04917,Male,0,No,No,12,Yes,Yes,Fiber optic,No,No,No,No,Yes,No,Month-to-month,Yes,Electronic check,66.1,758.85,1
CUST-04918,Male,0,Yes,Yes,69,Yes,Yes,Fiber optic,No,Yes,No,No,Yes,No,Two year,No,Credit card (automatic),43.88,3043.98,0
CUST-04919,Female,0,No,No,58,Yes,Yes,DSL,No,No,No,No,Yes,No,One year,Yes,Electronic check,118.75,6913.99,0
CUST-04920,Male,0,Yes,No,37,Yes,Yes,No,No internet service,No internet service,No internet service,No internet service,No internet service,No internet service,Month-to-month,Yes,Electronic check,46.17,1645.59,0
CUST-04921,Female,0,No,No,67,Yes,Yes,DSL,No,No,No,No,No,No,Month-to-month,Yes,Mailed check,66.0,4371.04,0
CUST-04922,Female,1,No,No,68,No,No phone service,DSL,Yes,Yes,Yes,Yes,No,Yes,Month-to-month,No,Credit card (automatic),108.19,7342.44,0
CUST-04923,Female,0,No,No,0,Yes,No,Fiber optic,No,No,No,No,No,No,Month-to-month,No,Credit card (automatic),53.12,0.0,0
CUST-04924,Female,0,No,No,49,Yes,Yes,Fiber optic,No,No,Yes,No,No,Yes,Month-to-month,No,Bank transfer (automatic),55.11,2609.84,0
CUST-04925,Male,0,Yes,Yes,72,Yes,Yes,No,No internet service,No internet service,No internet service,No internet service,No internet service,No internet service,One year,No,Electronic check,89.73,6409.03,0
CUST-04926,Male,0,Yes,No,8,Yes,Yes,Fiber optic,No,No,No,No,Yes,No,One year,Yes,Electronic check,52.53,439.37,0
CUST-04927,Male,0,No,No,52,Yes,No,No,No internet service,No internet service,No internet service,No internet service,No internet service,No internet service,Month-to-month,Yes,Electronic check,87.09,4533.78,1
CUST-04928,Male,1,Yes,Yes,9,Yes,No,No,No internet service,No internet service,No internet service,No internet service,No internet service,No internet service,Month-to-month,No,Electronic check,84.08,734.48,1
CUST-04929,Female,0,Yes,No,28,Yes,Yes,No,No internet service,No internet service,No internet service,No internet service,No internet service,No internet service,Month-to-month,No,Bank transfer (automatic),83.37,2287.55,0
CUST-04930,Female,1,Yes,No,35,Yes,No,DSL,Yes,No,No,No,No,No,Month-to-month,No,Credit card (automatic),104.34,3670.34,0
CUST-04931,Male,0,Yes,Yes,26,Yes,Yes,Fiber optic,No,Yes,No,No,No,No,Month-to-month,No,Electronic check,63.96,1678.78,1
CUST-04932,Male,0,Yes,No,17,Yes,Yes,Fiber optic,Yes,No,No,No,Yes,Yes,Month-to-month,Yes,Mailed check,59.76,1078.06,0
CUST-04933,Female,0,No,Yes,17,Yes,Yes,Fiber optic,No,No,No,Yes,No,No,Month-to-month,Yes,Credit card (automatic),70.22,1068.17,0
CUST-04934,Male,0,Yes,No,8,Yes,No,Fiber optic,No,No,No,No,No,No,One year,Yes,Bank transfer (automatic),18.25,58.7,0
CUST-04935,Female,0,Yes,No,66,Yes,Yes,Fiber optic,Yes,No,No,No,Yes,No,Month-to-month,Yes,Credit card (automatic),84.51,5624.57,0
CUST-04936,Male,0,No,Yes,6,Yes,Yes,Fiber optic,Yes,No,No,No,No,Yes,Two year,Yes,Credit card (automatic),62.59,399.22,0
CUST-04937,Female,0,No,No,57,Yes,Yes,Fiber optic,No,Yes,No,No,No,Yes,Month-to-month,No,Mailed check,87.48,5033.07,0
CUST-04938,Female,0,No,No,29,Yes,Yes,DSL,Yes,No,Yes,No,No,No,Two year,No,Bank transfer (automatic),51.62,1452.37,0
CUST-04939,Female,1,Yes,No,72,Yes,No,Fiber optic,No,No,No,No,No,Yes,Two year,No,Bank transfer (automatic),113.63,8161.9,0
CUST-04940,Female,0,No,Yes,60,Yes,Yes,No,No internet service,No internet service,No internet service,No internet service,No internet service,No internet service,Month-to-month,No,Bank transfer (automatic),73.14,4324.52,0
CUST-04941,Male,1,Yes,Yes,16,No,No phone service,Fiber optic,No,No,No,No,Yes,No,Month-to-month,Yes,Electronic check,93.11,1373.0,1
CUST-04942,Male,0,Yes,No,52,No,No phone service,No,No internet service,No internet service,No internet service,No internet service,No internet service,No internet service,Two year,Yes,Credit card (automatic),64.53,3362.54,0
CUST-04943,Female,0,Yes,No,5,Yes,Yes,No,No internet service,No internet service,No internet service,No internet service,No internet service,No internet service,Month-to-month,Yes,Bank transfer (automatic),82.36,482.58,1
CUST-04944,Male,0,Yes,No,38,Yes,Yes,Fiber optic,Yes,No,No,No,No,No,One year,No,Mailed check,36.4,1374.82,0
CUST-04945,Female,0,Yes,No,24,Yes,Yes,DSL,No,No,No,No,No,Yes,Two year,Yes,Mailed check,18.42,406.26,0
CUST-04946,Female,0,No,No,41,Yes,Yes,Fiber optic,No,No,No,No,No,Yes,Two year,No,Electronic check,70.52,2835.34,0
CUST-04947,Female,0,Yes,Yes,41,Yes,Yes,Fiber optic,No,No,No,No,No,No,Month-to-month,Yes,Credit card (automatic),75.19,3138.48,0
CUST-04948,Female,0,Yes,Yes,58,No,No phone service,Fiber optic,Yes,No,No,No,Yes,No,Two year,Yes,Electronic check,75.65,4391.75,0
CUST-04949,Female,0,Yes,No,37,Yes,No,DSL,No,No,No,No,No,Yes,Two year,No,Mailed check,67.91,2518.73,0
CUST-04950,Female,0,Yes,No,30,Yes,No,Fiber optic,Yes,No,No,No,Yes,No,Month-to-month,No,Mailed check,64.13,1851.7,0
CUST-04951,Male,0,No,No,28,Yes,Yes,DSL,Yes,No,No,No,No,Yes,One year,Yes,Bank transfer (automatic),90.77,2495.72,0
CUST-04952,Male,0,Yes,No,8,Yes,No,No,No internet service,No internet service,No internet service,No internet service,No internet service,No internet service,Month-to-month,No,Mailed check,115.71,962.42,1
CUST-04953,Male,0,No,No,0,Yes,Yes,Fiber optic,Yes,No,Yes,No,No,Yes,Month-to-month,No,Electronic check,118.75,0.0,1
CUST-04954,Female,0,Yes,No,71,Yes,No,DSL,No,No,Yes,No,Yes,No,One year,No,Credit card (automatic),107.22,7580.04,0
CUST-04955,Male,0,No,Yes,46,Yes,No,DSL,No,Yes,No,Yes,No,Yes,One year,Yes,Electronic check,19.2,1008.68,0
CUST-04956,Female,0,No,No,9,Yes,No,Fiber optic,Yes,No,No,No,No,No,Month-to-month,Yes,Electronic check,97.52,881.16,1
CUST-04957,Male,0,No,No,15,Yes,Yes,Fiber optic,No,Yes,No,No,No,No,One year,No,Electronic check,98.04,1461.98,0
CUST-04958,Female,0,No,No,46,Yes,Yes,Fiber optic,No,No,Yes,No,Yes,No,One year,Yes,Mailed check,73.87,3391.23,0
CUST-04959,Male,0,No,No,42,Yes,Yes,Fiber optic,Yes,No,No,Yes,Yes,Yes,Month-to-month,No,Mailed check,99.01,4124.52,0
CUST-04960,Female,0,Yes,No,23,Yes,Yes,Fiber optic,No,Yes,No,No,No,No,One year,Yes,Bank transfer (automatic),82.2,1886.97,0
CUST-04961,Female,0,Yes,No,7,No,No phone service,Fiber optic,Yes,No,No,Yes,Yes,No,One year,No,Electronic check,70.6,591.21,0
CUST-04962,Male,0,No,Yes,25,No,No phone service,No,No internet service,No internet service,No internet service,No internet service,No internet service,No internet service,Month-to-month,Yes,Bank transfer (automatic),79.8,2015.65,0
CUST-04963,Male,0,No,No,6,Yes,Yes,Fiber optic,No,No,No,No,Yes,No,Month-to-month,Yes,Electronic check,56.98,262.11,1
CUST-04964,Female,0,Yes,No,14,Yes,Yes,DSL,No,Yes,No,No,Yes,No,Month-to-month,Yes,Mailed check,25.95,341.43,0
CUST-04965,Female,0,Yes,Yes,47,Yes,Yes,DSL,No,No,No,No,Yes,No,Two year,No,Credit card (automatic),29.59,1395.94,0
CUST-04966,Male,0,No,Yes,2,No,No phone service,DSL,No,Yes,No,Yes,No,No,Month-to-month,Yes,Mailed check,93.2,111.08,0
CUST-04967,Female,0,Yes,No,15,Yes,Yes,Fiber optic,Yes,Yes,Yes,No,Yes,No,Month-to-month,Yes,Credit card (automatic),46.44,673.21,0
CUST-04968,Female,0,Yes,Yes,13,Yes,Yes,Fiber optic,No,Yes,No,Yes,Yes,No,One year,Yes,Bank transfer (automatic),33.57,388.36,0
CUST-04969,Female,0,Yes,No,2,Yes,No,DSL,Yes,Yes,No,No,No,No,Two year,Yes,Bank transfer (automatic),31.53,43.25,0
CUST-04970,Male,0,No,No,72,Yes,No,No,No internet service,No internet service,No internet service,No internet service,No internet service,No internet service,Month-to-month,No,Mailed check,68.1,4906.7,0
CUST-04971,Male,0,No,No,69,Yes,Yes,Fiber optic,No,No,No,Yes,Yes,Yes,Month-to-month,No,Mailed check,117.48,8141.05,0
CUST-04972,Female,1,Yes,No,30,Yes,No,DSL,No,No,Yes,Yes,No,Yes,Month-to-month,Yes,Electronic check,70.54,2058.51,0
CUST-04973,Female,1,Yes,No,16,Yes,Yes,DSL,No,No,No,No,No,Yes,Month-to-month,Yes,Electronic check,36.44,578.76,1
CUST-04974,Female,0,Yes,No,48,Yes,Yes,Fiber optic,Yes,No,No,No,Yes,Yes,Month-to-month,Yes,Mailed check,113.71,5441.72,0
CUST-04975,Male,0,Yes,No,2,Yes,Yes,DSL,No,Yes,No,No,No,No,Month-to-month,Yes,Bank transfer (automatic),78.44,145.87,1
CUST-04976,Male,0,No,No,54,Yes,Yes,DSL,No,No,Yes,No,No,No,Month-to-month,No,Credit card (automatic),68.84,3676.39,0
CUST-04977,Male,0,No,Yes,71,Yes,No,DSL,No,No,Yes,No,No,Yes,Two year,Yes,Credit card (automatic),92.0,6529.63,0
CUST-04978,Male,0,Yes,Yes,39,Yes,Yes,Fiber optic,No,Yes,No,Yes,No,No,One year,No,Credit card (automatic),75.71,2977.37,0
CUST-04979,Male,1,No,Yes,65,Yes,Yes,DSL,Yes,No,No,Yes,Yes,No,One year,Yes,Electronic check,61.09,3901.26,0
CUST-04980,Male,0,No,No,39,No,No phone service,DSL,No,No,Yes,No,No,No,Month-to-month,Yes,Mailed check,61.75,2494.67,0
CUST-04981,Female,0,Yes,No,29,Yes,Yes,No,No internet service,No internet service,No internet service,No internet service,No internet service,No internet service,One year,Yes,Electronic check,43.11,1297.27,0
CUST-04982,Male,0,Yes,No,24,Yes,No,DSL,No,Yes,No,No,Yes,No,Month-to-month,No,Mailed check,61.59,1399.43,0
CUST-04983,Female,0,No,No,6,Yes,Yes,Fiber optic,Yes,No,No,No,No,No,Month-to-month,Yes,Electronic check,94.09,636.88,1
CUST-04984,Female,1,Yes,No,49,Yes,Yes,DSL,Yes,No,No,No,No,No,One year,Yes,Mailed check,99.38,4945.35,0
CUST-04985,Female,1,No,No,0,Yes,Yes,DSL,No,No,No,No,No,Yes,Month-to-month,No,Mailed check,65.6,0.0,0
CUST-04986,Male,0,Yes,No,43,Yes,No,Fiber optic,Yes,No,No,No,Yes,Yes,Two year,Yes,Electronic check,71.85,3099.83,0
CUST-04987,Female,0,No,No,48,Yes,No,DSL,Yes,No,No,No,Yes,No,One year,No,Bank transfer (automatic),50.83,2444.36,0
CUST-04988,Female,0,No,No,6,Yes,Yes,DSL,No,No,Yes,No,No,Yes,One year,Yes,Bank transfer (automatic),80.73,415.51,0
CUST-04989,Female,0,No,Yes,2,Yes,Yes,Fiber optic,Yes,No,No,No,Yes,No,Month-to-month,Yes,Electronic check,35.7,122.75,1
CUST-04990,Female,0,No,No,0,No,No phone service,DSL,Yes,No,No,No,Yes,No,One year,No,Credit card (automatic),90.79,0.0,0
CUST-04991,Female,0,No,No,50,Yes,No,Fiber optic,Yes,No,No,Yes,No,No,Two year,Yes,Mailed check,87.41,4384.97,0
CUST-04992,Female,0,No,No,37,No,No phone service,DSL,No,No,No,No,No,Yes,One year,No,Electronic check,68.51,2613.27,0
CUST-04993,Male,0,Yes,Yes,42,Yes,No,DSL,Yes,Yes,No,No,Yes,No,One year,Yes,Electronic check,86.72,3557.8,0
CUST-04994,Female,0,Yes,No,54,No,No phone service,DSL,No,Yes,No,No,No,No,Two year,No,Credit card (automatic),68.97,3709.73,0
CUST-04995,Male,0,No,No,56,Yes,Yes,No,No internet service,No internet service,No internet service,No internet service,No internet service,No internet service,Month-to-month,Yes,Credit card (automatic),82.5,4676.99,0
CUST-04996,Female,1,No,No,52,Yes,No,Fiber optic,No,No,No,No,No,No,Two year,Yes,Electronic check,82.59,4314.8,0
CUST-04997,Male,1,Yes,Yes,32,Yes,No,Fiber optic,Yes,No,Yes,No,Yes,No,Month-to-month,No,Credit card (automatic),103.61,3357.19,1
CUST-04998,Male,1,Yes,No,61,Yes,No,Fiber optic,No,No,No,No,No,Yes,Month-to-month,Yes,Bank transfer (automatic),90.71,5498.95,1
CUST-04999,Female,0,No,No,10,Yes,Yes,No,No internet service,No internet service,No internet service,No internet service,No internet service,No internet service,One year,Yes,Electronic check,97.6,928.96,1
CUST-05000,Female,0,Yes,Yes,71,Yes,No,Fiber optic,Yes,Yes,No,No,No,Yes,Month-to-month,Yes,Bank transfer (automatic),89.69,6358.01,0
